kind,projection,split,lap,dim1,dim2
trained,lda,train,3,-4.2504302127009801,0.31463828923743076
trained,lda,train,3,-3.8161905917959023,0.47913996292324601
trained,lda,train,2,3.4391941652254383,0.45568499137628321
trained,lda,train,2,3.5278950682018357,-0.38076633214285099
trained,lda,train,2,3.3819860498288179,-0.69950527188059508
trained,lda,train,3,-5.7818582909715523,-1.3626905647497729
trained,lda,train,3,-5.2378483312825415,-0.64896667378627659
trained,lda,train,2,3.6644705804154634,-0.1572740253451963
trained,lda,train,2,3.2438836885574656,-0.93735148040593563
trained,lda,train,2,3.4654047234014524,-0.81360112155621966
trained,lda,train,2,3.3497777776837383,-1.2404661579321272
trained,lda,train,3,-4.5188070988158939,-0.0085453120759624215
trained,lda,train,2,3.6619605191825904,-1.0441441319103322
trained,lda,train,2,3.6404088740471465,0.53401972602239578
trained,lda,train,2,3.6328817861922418,-0.15386080126838408
trained,lda,train,3,-3.7396007604786043,1.4779562400922661
trained,lda,train,3,-4.6334342424749009,-1.9745818615222801
trained,lda,train,2,-3.2554935355772159,0.28541918189976134
trained,lda,train,3,-3.8151825786204974,0.81393782323868524
trained,lda,train,3,-4.1301268209776367,-0.33973527350176624
trained,lda,train,3,-4.9943837662193378,-0.65221185090640643
trained,lda,train,4,-13.418096413948508,0.81586323541668104
trained,lda,train,3,-3.7506468473302372,0.68293974692120518
trained,lda,train,3,-4.6009466010326605,-1.0254200974396184
trained,lda,train,2,3.1241993704873638,1.73588065855859
trained,lda,train,3,-3.8163513519597343,-0.3613686009585112
trained,lda,train,2,3.4896875503741915,0.7651502592908711
trained,lda,train,2,-3.4027426096025684,1.0779887251821882
trained,lda,train,2,3.6317358386881833,-0.005159640965402632
trained,lda,train,3,-3.9177087255970067,0.58020909095647732
trained,lda,train,2,3.8087058915503276,0.25543260749553348
trained,lda,train,2,3.7394799519540132,-1.2322783970702531
trained,lda,train,2,3.4848033299412196,0.84579700898143884
trained,lda,train,3,-4.5373621393357899,1.9545779492843696
trained,lda,train,2,3.9507498368096972,2.0585498720385913
trained,lda,train,2,3.2300503406596723,0.48144779112122549
trained,lda,train,2,3.3878289450943972,0.66137785899482138
trained,lda,train,2,3.5861815354439943,0.72098919719968824
trained,lda,train,2,3.6872076581465838,-1.0148938360960131
trained,lda,train,2,3.9130343335742936,1.1032496455717631
trained,lda,train,2,3.5101887284406601,0.052190225269463486
trained,lda,train,3,-4.8232422699334325,0.88200901922882835
trained,lda,train,2,3.2743645052390087,1.3981811017153429
trained,lda,train,2,3.7733915711252268,-1.0952539088607571
trained,lda,train,2,3.6758755758977144,0.52474995794302159
trained,lda,train,3,-4.0580520712960944,1.965970024360546
trained,lda,train,3,-4.7163666376692515,0.38413627318711169
trained,lda,train,2,3.3811823510340129,-0.19249570955350861
trained,lda,train,2,3.8106327218269844,0.94620502435899601
trained,lda,train,3,-4.322187714567117,1.97837339725581
trained,lda,train,2,3.2138627383675686,-0.45365089136259384
trained,lda,train,3,-3.930734934028306,0.32836316900268719
trained,lda,train,3,-4.8062158099150381,1.2124053524129463
trained,lda,train,3,-5.3994486001659565,-1.2024329070879325
trained,lda,train,2,3.8437355832860924,-1.1765689107823516
trained,lda,train,2,3.8063292388203358,-0.68355640560580988
trained,lda,train,2,3.5972216222869684,1.4710091607371867
trained,lda,train,1,12.073289015876876,1.738722236151478
trained,lda,train,3,-4.6814532917665597,0.67846209718897577
trained,lda,train,2,3.3280475392399116,-1.2174335475453386
trained,lda,train,4,-13.031437716917141,0.64895421571983147
trained,lda,train,2,3.3333243658163498,-0.56050344410801245
trained,lda,train,3,-4.4126667989635759,0.38879671282633954
trained,lda,train,2,3.4493473554212319,0.36182798003687855
trained,lda,train,3,-5.5615406983314948,-1.8389472172877175
trained,lda,train,3,-3.8105576888402273,0.91755722515540239
trained,lda,train,2,3.1681150897067782,0.83759225831156636
trained,lda,train,2,3.4115436238668093,0.093898746162201618
trained,lda,train,2,3.2238267235040734,1.3468338819835359
trained,lda,train,2,3.2456517941147798,-1.16281141252298
trained,lda,train,3,-4.417684404920009,1.0893236128254198
trained,lda,train,3,-4.1405199359901639,-0.093336735201367427
trained,lda,train,3,-5.2645105027494994,-1.2996642149456388
trained,lda,train,3,-4.8183328575100965,-0.29198389186633422
trained,lda,train,2,4.0619106287155562,0.91873448277327274
trained,lda,train,2,3.2776658107319774,-1.1986420652254213
trained,lda,train,4,-13.358126824179251,-0.43184288095024664
trained,lda,train,3,-4.805539062145642,1.2420650198457464
trained,lda,train,2,3.5921375995996128,0.45448540947650456
trained,lda,train,2,3.3084479235047564,-0.75701158595514906
trained,lda,train,2,3.6139137759330269,0.24262054340914052
trained,lda,train,2,4.4938416796891136,1.9870221046743024
trained,lda,train,2,3.2501009347239398,-0.88613109129908874
trained,lda,train,2,3.7374245301670448,-1.3968761828744258
trained,lda,train,3,-3.733539719259463,-0.16728924290197111
trained,lda,train,2,3.6231105268123458,-1.0316822979554419
trained,lda,train,2,3.4889607443149893,0.10843796362166669
trained,lda,train,2,3.3254157522530421,-0.43284019290877013
trained,lda,train,2,3.8094157062837253,-0.1901335451155115
trained,lda,train,3,-4.796810488402409,1.5734086835958387
trained,lda,train,3,-4.8528106859370199,-0.026118008225834956
trained,lda,train,2,3.2960291582095955,-1.2745115676694878
trained,lda,train,2,3.5438541032345414,1.3038039855403538
trained,lda,train,2,3.3921430346615078,-1.205205092860725
trained,lda,train,2,3.9511638603508699,-0.13705302366411096
trained,lda,train,3,-5.6194824603466769,-1.740124785100901
trained,lda,train,2,3.8205708286371749,-0.21117543170016109
trained,lda,train,3,-4.4524488133781199,-1.0104363113980599
trained,lda,train,2,3.618946314359301,-0.17639005270754846
trained,lda,train,2,3.7477338094646075,0.53054869454988152
trained,lda,train,2,3.2389945694472781,-1.1938776040262853
trained,lda,train,3,-4.9948635140590678,-1.5522804120085285
trained,lda,train,2,-3.0871591611168165,0.18310755255863323
trained,lda,train,2,3.4488548081299895,1.8863491386507825
trained,lda,train,2,3.1520957972099137,-1.1834276203621024
trained,lda,train,2,3.6752244736094837,-0.32469282934711902
trained,lda,train,2,3.1592330615263893,-1.4353671516411253
trained,lda,train,2,3.7441507636878439,0.088330101565318203
trained,lda,train,2,3.7190493057047962,0.88970905063198003
trained,lda,train,4,-12.557077083185904,2.3882744158403089
trained,lda,train,3,-4.63521571063281,0.95257874747126381
trained,lda,train,2,3.5534181451581319,1.0567324021969573
trained,lda,train,2,3.4877223672615005,-1.0163558158975439
trained,lda,train,3,-4.1646379098144282,0.14585314380302286
trained,lda,train,2,3.3959736144895576,-0.36801172691542666
trained,lda,train,2,3.462943968366857,1.2064445359966063
trained,lda,train,3,-4.5785425356076237,1.0858971361846614
trained,lda,train,2,3.2161220778766597,0.43945863282094816
trained,lda,train,2,4.230536132443576,-0.53112026760585829
trained,lda,train,2,3.8441939878391582,1.532535352225384
trained,lda,train,2,3.3780832670467791,0.31460136750316181
trained,lda,train,3,-5.0145171454754252,-0.6374954579415818
trained,lda,train,2,3.4466650492579176,-1.1656663382630676
trained,lda,train,2,3.758631246664093,0.98472228326449895
trained,lda,train,2,3.3338583871594913,-1.3917476818192238
trained,lda,train,3,-4.9969908059836143,1.3314636959546731
trained,lda,train,3,-4.3922884657259447,-0.34577106197315194
trained,lda,train,3,-5.6367800389701319,-0.54533133384847776
trained,lda,train,3,-4.0647307093592451,0.51493249576112721
trained,lda,train,4,-13.367447491191507,0.12220597369798709
trained,lda,train,2,3.717422289686831,1.8857396634686909
trained,lda,train,2,3.3998829353328062,-1.1031858017212928
trained,lda,train,3,-4.1884702050290548,2.0897232267165742
trained,lda,train,2,3.4234312147925543,-2.0009848632413272
trained,lda,train,2,3.3302375462503733,-1.3385996463992254
trained,lda,train,2,3.3937328118148953,-0.98977689901962074
trained,lda,train,2,4.4017749524266536,1.1376293864379297
trained,lda,train,2,3.6964409699954088,-0.50021522885217962
trained,lda,train,2,3.6544424651614564,-0.20574352905389701
trained,lda,train,1,11.985812200660924,0.21939328525917953
trained,lda,train,2,3.5421281368589987,-0.63334713187153691
trained,lda,train,2,4.1610784192913979,1.4752136712537831
trained,lda,train,3,-4.2104100692508073,-0.05832092841324308
trained,lda,train,3,-4.931523607682271,-1.6087650810033101
trained,lda,train,2,4.0557507315990193,-0.43510033444645008
trained,lda,train,2,3.7925079685974481,0.047741704053517527
trained,lda,train,2,3.0558336774063393,-0.69341209222550282
trained,lda,train,2,3.2616640824438128,1.0103817609045247
trained,lda,train,2,3.4894903975101985,-0.97915075157124964
trained,lda,train,3,-4.3555078001260759,0.70848311247309848
trained,lda,train,2,3.4845169663510074,-1.1694739013816804
trained,lda,train,2,4.2238366488919024,0.93457633195437939
trained,lda,train,3,-5.0567061869976131,-0.012594393617323675
trained,lda,train,3,-4.6740502162413851,-0.053237931748782483
trained,lda,train,2,3.4046914627798146,-0.13377292084874645
trained,lda,train,2,2.8681812288683366,-1.2754101050635505
trained,lda,train,2,4.1052825196162699,3.3732315193234697
trained,lda,train,3,-4.6114385303688268,1.5698467027878309
trained,lda,train,2,3.4169855381628316,-1.3847355706798758
trained,lda,train,2,3.4439546763031883,-1.2111356804383606
trained,lda,train,3,-3.9726838556849207,0.27133340982783111
trained,lda,train,3,-5.4196956498748659,0.23815022841304692
trained,lda,train,2,2.981909181068898,-2.1466165471360639
trained,lda,train,2,3.9467691775652991,0.62501126037234767
trained,lda,train,3,-4.8831452186574369,0.1736004774455133
trained,lda,train,2,3.8712669591775914,-0.67068566467107571
trained,lda,train,2,3.8421513417910256,0.034876807187956479
trained,lda,train,3,-4.3050110499517178,0.30625834374232963
trained,lda,train,2,-2.5214961877783968,0.84971802516366668
trained,lda,train,2,3.4153068191027742,0.50424712515842318
trained,lda,train,2,3.7173297675396126,-1.0036643366176772
trained,lda,train,2,3.9900370972164714,-0.60446675408711958
trained,lda,train,3,-4.7776751772922381,1.9025926144866068
trained,lda,train,3,-4.2334135362224128,-0.55841800264035657
trained,lda,train,2,3.3257674089728453,0.39199553439391677
trained,lda,train,2,3.5968098315750088,1.1664933896812484
trained,lda,train,2,3.5823449712607545,0.085390722574847255
trained,lda,train,2,3.46162657202159,-0.36574840682777859
trained,lda,train,2,3.1710720873917944,0.69425463714492064
trained,lda,train,2,3.8853796077360365,1.1778359484137344
trained,lda,train,4,-12.941421767483359,1.1364152079225192
trained,lda,train,3,-4.4569075097869248,-0.96521266051600618
trained,lda,train,3,-4.2045624057592059,1.6632120909460872
trained,lda,train,1,11.935889853885882,0.95094767231662525
trained,lda,train,2,3.7377450582994243,-0.83654313914539569
trained,lda,train,2,5.2512344588239417,3.4999359154377832
trained,lda,train,3,-4.2658107644526222,0.29567289248051781
trained,lda,train,2,3.9544133758448883,2.4892407226086766
trained,lda,train,2,-2.9562965149701372,1.1069046129031188
trained,lda,train,2,3.8920565936674771,1.0441010172661811
trained,lda,train,2,4.0215794139408816,2.0358591181877341
trained,lda,train,3,-4.8366072457829263,0.19265686578822899
trained,lda,train,2,3.4468416528098329,-1.1944512518046648
trained,lda,train,3,-5.5540493670056703,-1.5320379230995054
trained,lda,train,2,3.4950330123139222,0.035136667500746128
trained,lda,train,3,-4.7300405857054706,0.026644185474673981
trained,lda,train,2,3.2331368659170217,-1.0224629333246629
trained,lda,train,2,3.7125055275333536,3.6189706637555146
trained,lda,train,3,-4.0556508143989047,0.56134731326683829
trained,lda,train,2,3.6942614588791947,0.51910912588783187
trained,lda,train,3,-4.0823047149013645,0.71567359086218374
trained,lda,train,2,3.3013258920139328,-1.2503922248752046
trained,lda,train,2,3.3000163287994808,-1.4711362342928718
trained,lda,train,2,3.3354499181885089,-1.454942264857618
trained,lda,train,2,3.2613328901343874,-1.1797596979603797
trained,lda,train,2,3.7264948412057479,0.24794872712312771
trained,lda,train,2,3.3497777776837383,-1.2404661579321272
trained,lda,train,2,3.7841945848149181,1.6750151737277175
trained,lda,train,2,3.1109542257683924,-0.0029050462177697346
trained,lda,train,2,4.1968950976274542,-0.17750731934735448
trained,lda,train,2,3.2931146848258384,-2.0525591609780651
trained,lda,train,3,-5.2180367244799841,-0.74595324811015495
trained,lda,train,2,3.1882889434276702,-0.17938043618700855
trained,lda,train,2,3.259103523481214,0.65321938662462709
trained,lda,train,3,-4.2967993273712048,0.65988040368089351
trained,lda,train,3,-4.5851583123817203,-1.1059123604829668
trained,lda,train,3,-4.5070149464811742,-0.91511443075853782
trained,lda,train,2,3.437129348198487,-1.043724828757421
trained,lda,train,2,3.6915522246626149,1.369895970954131
trained,lda,train,3,-4.8356778560447813,0.25835119907695919
trained,lda,train,3,-4.1829376012407673,-0.34699913245402214
trained,lda,train,2,3.6198074641804814,-0.17175373174959832
trained,lda,train,2,3.4335997444108335,-0.49361459737272212
trained,lda,train,3,-4.305440217781352,0.56107698590756461
trained,lda,train,2,-3.0476363653153848,1.5399393176786182
trained,lda,train,2,3.1645712489225803,-0.29020412924992089
trained,lda,train,3,-4.2002300633695411,2.1894854110341297
trained,lda,train,2,4.1517370844152071,-0.69705473693843123
trained,lda,train,3,-4.7564472325384521,-0.39365178469056539
trained,lda,train,2,3.4470900338577017,-1.0960227201903125
trained,lda,train,2,4.0483216678835827,-0.99488974038547096
trained,lda,train,2,3.9120804848550494,-0.43543061948366746
trained,lda,train,3,-4.5316091519943811,1.8674053419286476
trained,lda,train,2,3.7580208343272794,-0.88627271829871268
trained,lda,train,3,-4.9525094941940964,-1.2217051421505476
trained,lda,train,2,4.0169585626472371,-0.32421590320844967
trained,lda,train,2,3.3114879982953216,-0.79624195220026472
trained,lda,train,3,-4.7876180013156224,-0.77266444541319701
trained,lda,train,2,3.5455307944443426,0.38539005566642354
trained,lda,train,2,3.9219260432091616,0.15346512140739429
trained,lda,train,2,3.1317784318489554,-0.90741114006625534
trained,lda,train,2,3.3915566569994269,-1.0092305450921017
trained,lda,train,3,-5.3598152495955063,-0.82783561871788613
trained,lda,train,3,-11.567594355977381,2.5547571979015182
trained,lda,train,3,-4.9740926220564692,-1.1590456309897499
trained,lda,train,2,3.5844605340020053,0.79563357498128406
trained,lda,train,3,-4.4308878816861226,2.2652513716286276
trained,lda,train,4,-12.925779893058978,1.7217219931646575
trained,lda,train,2,3.4317931905179351,-0.068983362765313791
trained,lda,train,3,-5.4455180384816515,0.36512816938793613
trained,lda,train,2,3.4324657062275792,-0.71386640838318893
trained,lda,train,3,-5.1057554456020044,-0.63252624912674049
trained,lda,train,3,-5.1452928866009211,-0.49328750519200121
trained,lda,train,4,-12.978892710190689,0.59290647887128756
trained,lda,train,3,-4.7708265407615222,-0.57288657797963993
trained,lda,train,2,3.0080867189278266,-1.2053359375438959
trained,lda,train,2,3.2212634282070325,-0.95779795316617822
trained,lda,train,3,-4.7702012574470691,0.62722004838784051
trained,lda,train,2,3.8967876281775551,0.86475260362718298
trained,lda,train,2,4.3638709023365321,1.2045894577970773
trained,lda,train,2,3.421892620998328,-0.9421516925086123
trained,lda,train,2,3.0336887494602167,0.67531050022000827
trained,lda,train,3,-5.0781575025568895,-1.3051380264700034
trained,lda,train,3,-4.8709455798097068,-0.52783911125912597
trained,lda,train,2,3.3157831522521168,0.3378572011118639
trained,lda,train,3,-4.3233107525873837,-0.32166236923031094
trained,lda,train,2,3.1494233132777354,-1.1622088084876003
trained,lda,train,3,-5.0160492001500083,-1.0315436228113657
trained,lda,train,2,3.1986184252445398,-1.3713409679843616
trained,lda,train,2,3.8938451906291225,-0.78322266504494775
trained,lda,train,2,3.4344156406826229,1.3462915325843545
trained,lda,train,2,3.4563846302760095,-0.32593708852175596
trained,lda,train,2,3.3615805268997931,-0.93703433056736352
trained,lda,train,3,-3.9911689328098698,-0.34865921470011207
trained,lda,train,2,3.4860582263403685,0.17514663088435023
trained,lda,train,2,3.888528966941315,-0.25627245929664616
trained,lda,train,3,-4.8524700180293374,0.29164450011351539
trained,lda,train,3,-5.0603066671076915,-1.114143680365977
trained,lda,train,3,-4.8153988168073676,-0.18078402848812605
trained,lda,train,2,3.662549651517697,0.1844772764860903
trained,lda,train,3,-5.3211200277705499,0.62791499302824283
trained,lda,train,3,-4.5855070661743431,-0.22787416403273564
trained,lda,train,3,-4.6325776196221442,0.084274864470450642
trained,lda,train,2,5.278718314949983,0.90303048076345793
trained,lda,train,4,-13.279295704803539,-1.4776354014023856
trained,lda,train,2,3.204575431614979,0.84587952072949402
trained,lda,train,2,3.3534645503752514,0.1486915905068053
trained,lda,train,2,4.2583873022926966,0.52561402323092454
trained,lda,train,2,3.4815463292490056,0.21369781506333035
trained,lda,train,2,3.6921019257815892,-0.68699633960853013
trained,lda,train,2,3.3075650568420709,-1.1026206867888924
trained,lda,train,2,2.8086974489576542,-0.44438491656516277
trained,lda,train,3,-4.4560018698906241,-0.48547519068523542
trained,lda,train,2,3.7026576783137388,0.26660679612945454
trained,lda,train,2,3.856559258240182,0.58620209868757811
trained,lda,train,2,3.6932548442544459,-0.55691985897112506
trained,lda,train,3,-4.7211648076193979,-0.22485122730794105
trained,lda,train,3,-4.2749361458211501,0.019040151360733476
trained,lda,train,3,-4.560265163138026,-0.51732706842632015
trained,lda,train,3,-4.7555630475514379,0.280068375371339
trained,lda,train,2,3.3228037268044925,-1.1720989886853916
trained,lda,train,3,-5.1903087691314607,-1.4129235770789925
trained,lda,train,2,3.3817038830917978,0.50065106701525774
trained,lda,train,2,4.2346206661985795,0.76784004067928346
trained,lda,train,2,3.8276805781264027,1.0107691988201857
trained,lda,train,3,-4.7242751605558082,0.71131650382470935
trained,lda,train,2,3.6305901088340975,0.36412999184126021
trained,lda,train,3,-4.758905899935578,-0.6254382379442508
trained,lda,train,2,3.9024408724726554,0.59619197352908937
trained,lda,train,3,-5.8730200162405248,0.35817708424240896
trained,lda,train,2,3.0340504140783078,1.0695331659264418
trained,lda,train,2,3.8178439590050868,0.23163382217111803
trained,lda,train,3,-3.5322540560294446,2.842075897332033
trained,lda,train,3,-5.00769471781968,-1.0453512591545282
trained,lda,train,2,3.6221370821233858,-0.024930474233654125
trained,lda,train,2,3.2226438842779541,1.7826245701303651
trained,lda,train,3,-4.6480302445740405,-0.84681707619302371
trained,lda,train,2,3.4355242825879984,-0.80770510277325513
trained,lda,train,2,3.3977573073767235,-0.065244347994888249
trained,lda,train,2,3.8918145046474257,1.2953450258894739
trained,lda,train,2,5.1148324714853928,1.8739863639317287
trained,lda,train,2,3.7321634274536382,0.22184531228373805
trained,lda,train,3,-4.6392251608732735,1.4579608214028466
trained,lda,train,2,3.6463620708499946,0.66858609616935782
trained,lda,train,2,3.3994983525248883,-0.14149718274338596
trained,lda,train,2,3.2235785156261545,-1.5125337671433821
trained,lda,train,2,3.7929249195111403,-1.1826348645466196
trained,lda,train,2,3.1723712221763929,-1.4965108648669627
trained,lda,train,2,3.5580738965869054,-1.177447252262924
trained,lda,train,3,-5.2032980976576395,-0.68937858675584074
trained,lda,train,2,4.000241936701741,-0.072158588030659554
trained,lda,train,2,3.2550667100852233,-0.45298714631451309
trained,lda,train,2,4.1304271396332446,0.55317465722474135
trained,lda,train,2,3.3259728007474156,0.60440179139053052
trained,lda,train,2,3.4787690215057654,2.0625443187240786
trained,lda,train,3,-5.213290896858469,-0.59816471108276692
trained,lda,train,3,-3.8451395877898684,2.0570038497431802
trained,lda,train,2,3.6811206026020571,-1.0461449889642105
trained,lda,train,2,3.6491283506688079,-1.146623953684943
trained,lda,train,3,-5.2648660304827342,-0.076902402245114049
trained,lda,train,2,3.1649925550338343,-0.60938584228592152
trained,lda,train,2,3.4067623035863153,-0.078036831630802564
trained,lda,train,3,-3.9297546261527314,1.2857774545111127
trained,lda,train,4,-13.994316737835845,-1.2419604844197674
trained,lda,train,2,3.6016440521919741,-1.5368963546398833
trained,lda,train,2,-3.3039269860983413,0.58858622296779683
trained,lda,train,3,-5.276009543896401,1.4598089154936875
trained,lda,train,3,-4.684851141820463,1.5194250360834778
trained,lda,train,2,3.3029095812016855,-0.58969994722231078
trained,lda,train,3,-4.8965761491189079,0.50990137010797654
trained,lda,train,2,3.4240938134967855,-0.09490384546916554
trained,lda,train,4,-12.543588398675249,-0.85618340353557976
trained,lda,train,2,4.2589781483914866,1.4449933641332153
trained,lda,train,2,3.69562164768322,0.4081523975936085
trained,lda,train,2,3.6413934382875062,-0.99160059925538946
trained,lda,train,2,3.4273979857232226,-0.15975272408613977
trained,lda,train,3,-5.0114789907919182,-0.42662705202372575
trained,lda,train,2,3.6712188098458594,0.019952475322425663
trained,lda,train,3,-4.0195178106775629,0.33167750245050165
trained,lda,train,3,-4.4843208171567239,-0.48235725381594485
trained,lda,train,3,-4.2150492852260397,0.57420675345796779
trained,lda,train,3,-3.1184602589920876,4.1867379722087978
trained,lda,train,2,3.3528734176493837,-0.21463723688602143
trained,lda,train,4,-13.749410971247009,1.1195552512972067
trained,lda,train,3,-4.6222849400567689,-1.2263753898466967
trained,lda,train,3,-4.2499510668699862,0.97844942876154817
trained,lda,train,2,3.6443420548206604,-0.94116198294853437
trained,lda,train,2,3.5866083883757938,-1.3143638369947153
trained,lda,train,3,-5.1140686187907036,-1.560426620643842
trained,lda,train,2,3.4812770638571027,0.40360066674593731
trained,lda,train,3,-4.55704816447592,0.010714598486315724
trained,lda,train,2,3.855942122629858,0.25900691393250663
trained,lda,train,1,11.912401098700096,0.57912417453029752
trained,lda,train,2,4.3987879280503774,0.83769827456136536
trained,lda,train,2,-2.9235070259166127,2.6428132718058026
trained,lda,train,3,-5.2207324888774416,-1.4888003341454845
trained,lda,train,3,-5.265521728586525,0.28903274756486191
trained,lda,train,2,3.6123807024447183,-1.5240790540194689
trained,lda,train,2,-3.2012058401904757,0.22330211711304485
trained,lda,train,3,-4.7684540445621639,1.3842886718871834
trained,lda,train,2,3.4877223672615005,-1.0163558158975439
trained,lda,train,3,-4.3221772506004488,0.577760462989371
trained,lda,train,3,-4.4809493120969268,-0.13046521819725232
trained,lda,train,2,3.5523625132131658,0.27629800950542982
trained,lda,train,2,3.4774769788363042,-0.19227557184531516
trained,lda,train,3,-4.3997056356526727,-0.23004719488691039
trained,lda,train,2,3.5723797679255753,1.4393023718733058
trained,lda,train,2,3.8249584768352514,-0.47886191946606971
trained,lda,train,2,3.482223803777067,-0.36610402984479612
trained,lda,train,3,-4.8579604392423681,0.5582092627142301
trained,lda,train,3,-4.3330023820633494,-0.032946947195297227
trained,lda,train,2,3.2725333625303281,-1.3967144709323629
trained,lda,train,3,-4.9065322228531292,0.21706619508970482
trained,lda,train,2,3.4083966241494013,-1.32609500585342
trained,lda,train,3,-4.5910560669957539,-0.91355630762679985
trained,lda,train,2,3.741352598961134,0.46424513870365636
trained,lda,train,2,3.3241891592015294,-0.84336700873819848
trained,lda,train,2,3.6836973223719673,-0.64916808282173366
trained,lda,train,2,-2.9811006827858391,-0.35782291194157856
trained,lda,train,2,3.6535103094138277,0.48062349111134051
trained,lda,train,3,-5.1808816403624363,0.74603666001020519
trained,lda,train,1,12.169607574746145,0.31504726181025328
trained,lda,train,3,-4.4430333693300881,1.5141146124267164
trained,lda,train,2,3.4831462893601972,-0.0026553458143630058
trained,lda,train,2,3.4368011182778457,-0.22214630277257899
trained,lda,train,2,3.2907529668165822,0.14742713897428006
trained,lda,train,2,4.1861151776873919,-0.26737989553315689
trained,lda,train,3,-5.0099690094584908,-0.73167294201968025
trained,lda,train,3,-5.3995062175387352,0.8459994647258936
trained,lda,train,2,3.8196855182288698,0.53830735099779958
trained,lda,train,2,3.4290757830446918,0.1644858999442132
trained,lda,train,2,4.1780324929515738,-0.72656277636108535
trained,lda,train,2,4.144666891040349,0.874129728455871
trained,lda,train,2,3.9339297674060809,2.0201211055093937
trained,lda,train,3,-5.4970123509470055,-0.46075795257978858
trained,lda,train,2,4.2809296663486318,1.4143517610915897
trained,lda,train,2,3.377031809872884,-1.1769480315147136
trained,lda,train,2,3.3566594561251142,-1.335700675478974
trained,lda,train,2,3.8676144613229515,-0.62909334220074986
trained,lda,train,4,-12.992079926132432,1.0930033964152768
trained,lda,train,4,-13.433263236018847,-1.1850689847674776
trained,lda,train,3,-5.2181610082081029,-1.7489572403352209
trained,lda,train,2,3.2734947817602245,-0.43509634417659171
trained,lda,train,3,-3.9294020949356687,1.6874854438835787
trained,lda,train,3,-5.0409543901353713,-0.30921290919076089
trained,lda,train,2,3.8471809014230809,0.88576779151886431
trained,lda,train,2,3.4918631951823151,-0.66621746122305026
trained,lda,train,3,-4.8345370021086795,-0.42632666890419635
trained,lda,train,4,-13.019690486007169,1.9874425642624338
trained,lda,train,2,3.9463129766372975,-1.0717513574423023
trained,lda,train,2,3.4845169663510074,-1.1694739013816804
trained,lda,train,3,-4.7565284534507875,0.49879995268897404
trained,lda,train,2,4.0555985419983402,-0.021799592520738709
trained,lda,train,3,-5.1738336843527595,-0.76648410813318257
trained,lda,train,2,3.6846916563835519,0.85251923471437918
trained,lda,train,2,3.9011648508503693,-1.309599585034142
trained,lda,train,2,3.6389196418119432,0.041235995885005608
trained,lda,train,2,3.6658894200486225,-0.51617814763193293
trained,lda,train,3,-4.186626391831906,1.8367480843532447
trained,lda,train,3,-11.833661836146065,1.082270356018701
trained,lda,train,3,-4.8494949868292068,0.87952715204036902
trained,lda,train,2,3.8977568578264599,0.32118773062931943
trained,lda,train,2,3.275290006106244,1.3656411183555588
trained,lda,train,3,-5.4004174602430357,0.65590712893833969
trained,lda,train,2,3.35201326580568,0.60072467452857714
trained,lda,train,2,3.3859164609602259,0.070179064937351252
trained,lda,train,2,3.5769484237449074,-1.8590474544748676
trained,lda,train,2,3.5701133152057838,0.83757558708439617
trained,lda,train,2,3.1189502254052024,-0.13963024237599439
trained,lda,train,2,3.3429103244054112,0.24574946889533472
trained,lda,train,2,3.6141012111562105,2.2481363267706311
trained,lda,train,2,3.614594568231563,1.0831031369672732
trained,lda,train,2,3.5050849354082096,-1.3568889178972767
trained,lda,train,3,-4.4517846631562943,-1.0135147981474655
trained,lda,train,2,3.2960291582095955,-1.2745115676694878
trained,lda,train,2,3.8909920666085873,-0.17635075299330821
trained,lda,train,3,-4.3301400870693136,0.8725809518391523
trained,lda,train,2,3.5580255629187136,0.045937072053555704
trained,lda,train,3,-4.0847161879089802,0.83400468521792193
trained,lda,train,3,-5.224293962523813,-0.34587672849721901
trained,lda,train,2,3.5231758600227532,-0.63312311046639769
trained,lda,train,3,-4.7765847319082066,-0.98966691821121422
trained,lda,train,3,-4.7411044284025872,0.020530664947362092
trained,lda,train,4,-13.685110352345198,-0.90330037481999104
trained,lda,train,2,-2.633021883247689,0.1008495024930241
trained,lda,train,2,3.3200798627891448,-0.5360267440306109
trained,lda,train,3,-5.3902437662422615,0.59064750187380466
trained,lda,train,2,3.4581987432067209,-0.87921610989905874
trained,lda,train,3,-4.67522272943435,-0.60863225373989616
trained,lda,train,3,-5.3749640519715474,-0.34648805522962689
trained,lda,train,2,4.0748037672023081,0.50401813595228517
trained,lda,train,2,3.6047871742181967,2.4779644087557693
trained,lda,train,3,-4.6960816905991338,-0.5002735765300913
trained,lda,train,4,-13.883440887133155,-0.31257454996849304
trained,lda,train,2,3.438074378331915,0.68836227823214358
trained,lda,train,2,3.3367629612557148,-0.71586131415875509
trained,lda,train,3,-4.2322226551745308,0.36031695217259779
trained,lda,train,2,4.4500416288810163,0.14160480768319483
trained,lda,train,2,3.3223643147066415,0.69756459711431806
trained,lda,train,4,-12.587865293292149,0.54757994822009848
trained,lda,train,2,3.5733701088465146,0.19439303009900968
trained,lda,train,3,-4.8686000451820775,1.059116851691309
trained,lda,train,3,-5.0234264140124925,-1.3078003306169719
trained,lda,train,2,3.6887025810357534,0.26438018029924504
trained,lda,train,2,3.7344304381995186,0.21006909614830377
trained,lda,train,2,3.6497993743851471,-1.0843540851600137
trained,lda,train,2,3.1314913763103545,1.5913321424164077
trained,lda,train,2,3.5050849354082096,-1.3568889178972767
trained,lda,train,2,3.6691239601533705,-0.54162816869200736
trained,lda,train,3,-4.3167942679210638,-0.013283325422565169
trained,lda,train,2,3.3726721454977935,0.85669429801206409
trained,lda,train,3,-4.4963605790716317,-0.53818436421040605
trained,lda,train,3,-5.2660007157634929,-0.6522950961741093
trained,lda,train,3,-4.2745796598024306,0.19560071439414042
trained,lda,train,3,-4.6684732422135919,1.1384903671854463
trained,lda,train,2,3.5473101552075454,-0.6485450335990226
trained,lda,train,2,3.4903326355890458,1.1499902659517869
trained,lda,train,2,3.5302122274852628,-0.79289466312920087
trained,lda,train,3,-4.3290764447440928,0.12210439781282328
trained,lda,train,3,-4.3737887964959743,-0.71292406692283483
trained,lda,train,3,-3.3951776224973056,0.96738371327779971
trained,lda,train,3,-4.2684919811798485,-0.17636555010889132
trained,lda,train,2,3.6578149572610617,-1.2255829870815977
trained,lda,train,3,-4.4480872807920049,0.13106603141070558
trained,lda,train,2,3.0625223670564976,-1.4300138946078615
trained,lda,train,2,3.8054209420686802,0.098576835914824801
trained,lda,train,2,3.8282162010327232,1.6470029851392249
trained,lda,train,2,3.3820025369452038,-0.3352480338531536
trained,lda,train,2,3.8543468182805136,-1.0623906386283106
trained,lda,train,2,3.5262537509467857,-0.6108495173025914
trained,lda,train,3,-4.2754608379402042,0.56466470535182123
trained,lda,train,3,-4.9867313294198192,-0.78894260602442212
trained,lda,train,3,-4.3540892548654657,1.8782193939069705
trained,lda,train,2,3.4685947044894969,-0.21374355763763581
trained,lda,train,2,3.7297694081499424,0.73603322978924979
trained,lda,train,1,5.444410846246349,1.5157587921029039
trained,lda,train,3,-5.3271985930178998,-1.2263525658747434
trained,lda,train,3,-4.5888641101758481,-0.45108177188637721
trained,lda,train,2,3.9944749874657459,0.7899153847848559
trained,lda,train,2,3.809773654705833,-1.2346175499917651
trained,lda,train,2,3.5544743840754784,0.52347716906119934
trained,lda,train,3,-4.1490283836344792,-0.19189516791424788
trained,lda,train,2,3.5099553112676478,0.057067335699775727
trained,lda,train,2,3.7667990699688687,-0.43854001762503297
trained,lda,train,4,-13.114573103930336,-1.4462606074589224
trained,lda,train,3,-5.2522206265512557,1.5700921414743312
trained,lda,train,3,-5.0640253842434397,0.12400308938573246
trained,lda,train,3,-4.8374388968767965,0.11710019124998115
trained,lda,train,2,3.7855744661770623,0.24743832698245083
trained,lda,train,2,3.1866384410905781,-1.2751601618633461
trained,lda,train,2,3.7176343801400202,-0.8746185866795424
trained,lda,train,3,-4.9811537861481554,-0.79310411802594816
trained,lda,train,2,4.3300161135676403,0.93871619981835941
trained,lda,train,2,3.7075973462830016,-0.28932520310948118
trained,lda,train,3,-4.5077958086936443,0.10348819547872705
trained,lda,train,2,3.2733336368711523,0.19799202780862829
trained,lda,train,2,3.6573195719937019,-1.9753997533679428
trained,lda,train,2,3.5194077559478738,0.19767800672881203
trained,lda,train,2,3.2626863919873763,-0.97845522171190691
trained,lda,train,2,4.0141251914837532,0.86819578703011635
trained,lda,train,2,3.5122596730048632,0.2835717828067737
trained,lda,train,2,3.7740476818982467,1.0983899653974667
trained,lda,train,2,3.4404976399754341,-0.98412469980885087
trained,lda,train,2,3.5322364327118736,0.66942588998956543
trained,lda,train,2,3.4949807565970765,-0.51885559769869982
trained,lda,train,2,3.437718906348509,0.22772350429615851
trained,lda,train,3,-4.4058351745386606,-0.64560762269972616
trained,lda,train,2,3.8711306356151889,-0.88194745038415479
trained,lda,train,2,3.5002624896048293,-0.093203512464393401
trained,lda,train,3,-5.0662321417297322,-0.55545357134637174
trained,lda,train,3,-4.9956650782962502,-0.29690855162108754
trained,lda,train,2,3.4614038231230717,-1.435750461805251
trained,lda,train,2,3.7308056561401939,0.36221799638365931
trained,lda,train,3,-5.2688733511801695,-0.16973299887804688
trained,lda,train,3,-3.4424079775301686,0.10947537438967414
trained,lda,train,2,3.9072367876400396,-0.18431512139341016
trained,lda,train,2,3.1628990285297744,1.7674300098759665
trained,lda,train,2,3.2222792966705445,-1.1975277873160741
trained,lda,train,2,3.5110278813253926,0.23848287072941882
trained,lda,train,3,-4.6098536627864641,0.73529925187887357
trained,lda,train,3,-3.7778339195455963,2.1068749992805533
trained,lda,train,2,3.5119968799795771,-1.7509804940431033
trained,lda,train,3,-3.5482825346937354,-0.53814909515479559
trained,lda,train,2,3.2915211538636937,-0.39282729062501553
trained,lda,train,3,-5.420156708483983,-2.6148063456430779
trained,lda,train,2,3.4845169663510074,-1.1694739013816804
trained,lda,train,3,-5.3290401083645804,-0.78749244926829742
trained,lda,train,3,-4.6791028629707281,1.0463266840444667
trained,lda,train,2,3.4137785811760448,-0.39790236449619354
trained,lda,train,3,-3.4319092285787005,1.7633812281513859
trained,lda,train,2,3.2390354772792866,-0.54109004506970715
trained,lda,train,3,-5.5254424473053518,-1.320016404696096
trained,lda,train,3,-4.3443478083947094,-0.63583863211108882
trained,lda,train,3,-4.4275147810602737,-0.45222503807163411
trained,lda,train,3,-4.5555897124736262,-0.5946762430731134
trained,lda,train,2,3.3172585560083108,0.26244178487606112
trained,lda,train,2,3.6893645829540462,-0.38996601050235929
trained,lda,train,3,-4.5821098638288831,-1.2715701113350191
trained,lda,train,2,3.6533477742526381,0.22796445462902509
trained,lda,train,3,-11.604449707108904,2.0376701529936407
trained,lda,train,3,-4.3704778756112468,-0.15808570904407471
trained,lda,train,1,12.109427723130365,2.3483653401466249
trained,lda,train,2,3.8465064150287995,1.1357788734350607
trained,lda,train,2,3.6350173308648017,1.1364605377504651
trained,lda,train,2,3.485621315860254,0.020939867431842132
trained,lda,train,2,3.8274558861448313,0.37715012864743896
trained,lda,train,3,-5.3010079910018089,-1.4645167006766269
trained,lda,train,2,3.8049037133446881,0.35136102720659762
trained,lda,train,2,3.0997440146260291,-0.69245741119611537
trained,lda,train,3,-4.8226941916554811,0.97225033782874359
trained,lda,train,2,3.7767907724940999,0.24136518677235685
trained,lda,train,2,3.5345318799458014,-0.24837913510997103
trained,lda,train,2,3.9518244419616231,0.22691156013556874
trained,lda,train,2,3.5033564549469793,0.28786773083377265
trained,lda,train,3,-4.9808470709645443,0.72055691938548361
trained,lda,train,1,12.295877942801901,0.72666124144410715
trained,lda,train,2,4.5156298935907095,1.4358616795911592
trained,lda,train,3,-5.3202591592897219,-1.3208698763407218
trained,lda,train,3,-4.180850244191749,-0.44837899643205864
trained,lda,train,3,-4.5457106837725068,-0.88430033684005915
trained,lda,train,2,-3.4924278051557187,1.2432597248500468
trained,lda,train,3,-4.9262488298413167,-0.95152923822313373
trained,lda,train,2,3.4409751081455817,-0.088051176592866376
trained,lda,train,1,5.7091312471166651,2.3907605795209768
trained,lda,train,2,3.2757890099164229,0.41157959192781129
trained,lda,train,2,3.6130514802040627,0.12103795439031868
trained,lda,train,2,3.5992559006314466,-0.0060730180717280761
trained,lda,train,2,3.6052137385246064,0.47356656482126386
trained,lda,train,2,3.4894102833944682,-1.2998405480118549
trained,lda,train,3,-5.0638444228427186,0.92164797164247581
trained,lda,train,3,-4.9733767985567399,0.35583981160355727
trained,lda,train,2,3.15803059965104,-1.4917023033982355
trained,lda,train,3,-5.4348067679001844,-1.2320446607324267
trained,lda,train,2,3.8500086951448185,-0.67979624098525127
trained,lda,train,3,-4.9811945520892467,-0.22617450450731061
trained,lda,train,2,3.5681051025285742,-2.2884358283012949
trained,lda,train,2,3.5562668264896362,0.044673844552346215
trained,lda,train,3,-5.1720723596627733,-1.2635128748468638
trained,lda,train,3,-3.9737287148510063,1.4822149235477486
trained,lda,train,4,-13.139818054603076,-0.71250814123259609
trained,lda,train,2,3.5028563626769444,-1.0880983823398744
trained,lda,train,2,3.6223205579250961,-1.228718151185807
trained,lda,train,2,3.5823692461037404,-0.65519320581522644
trained,lda,train,3,-4.7337163134233666,-0.47088280549537403
trained,lda,train,2,3.1588067655105121,-0.2480863696962062
trained,lda,train,2,3.6711625892794428,0.78417106846649376
trained,lda,train,2,3.6196058542747598,0.52563070148832558
trained,lda,train,2,4.2853648426730073,-0.7158104806078105
trained,lda,train,3,-5.5182871755045797,0.19023808848707971
trained,lda,train,2,3.4094206485170879,-0.29769526101228483
trained,lda,train,2,3.684877477004306,0.20361871292753325
trained,lda,train,2,3.2903200159309192,-1.1548575077283629
trained,lda,train,2,3.3728500089577147,0.14581277192330774
trained,lda,train,2,3.9618938195363169,-0.73330776451377677
trained,lda,train,2,3.6936899366950633,-1.4747875894701288
trained,lda,train,3,-5.4245310781879148,1.5328543332465152
trained,lda,train,2,3.5345058356504699,1.3442067076272033
trained,lda,train,2,3.2217164707802208,-1.7135185116788949
trained,lda,train,3,-4.6709835758944083,-0.17369141055222931
trained,lda,train,2,4.1381700425031331,0.22497792228514146
trained,lda,train,2,2.9057241211285985,1.9136315386603526
trained,lda,train,2,3.15803059965104,-1.4917023033982355
trained,lda,train,2,3.7664315174243232,-0.9291807891206848
trained,lda,train,2,3.7707029373834708,-0.69238072207706391
trained,lda,train,2,3.1201075846173185,-1.5224268295382428
trained,lda,train,2,3.4188843402284057,-1.2223402919631317
trained,lda,train,3,-4.4954112133095681,-0.78023782236389061
trained,lda,train,2,3.6327298681573694,1.4478563229829735
trained,lda,train,2,3.4752093145076128,-0.073408451742392328
trained,lda,train,1,12.124980646129684,0.83084724815665567
trained,lda,train,2,3.1753606382939701,-1.0913077443277985
trained,lda,train,1,12.192771919409536,1.1764440781285128
trained,lda,train,4,-13.336579507396127,0.24327289170080127
trained,lda,train,2,3.531303245601769,0.80049609385026188
trained,lda,train,3,-5.0666832160224722,1.5647268221523978
trained,lda,train,3,-4.1933120506495607,1.767837801777298
trained,lda,train,3,-5.1510794143342364,-0.51803174118414708
trained,lda,train,2,3.4953048098961612,0.42764406570270347
trained,lda,train,3,-4.8807312094795536,0.08842586381692355
trained,lda,train,2,3.9142132492935038,0.37936014632550502
trained,lda,train,2,3.6740192997339518,0.22331283106773764
trained,lda,train,2,3.7072271044775209,-0.12358101418851354
trained,lda,train,2,3.1660416529819311,-0.91582762984333599
trained,lda,train,3,-5.1421208617666432,-0.76061155815128312
trained,lda,train,3,-3.6785780867249227,0.010141688762409612
trained,lda,train,3,-5.3645016561404901,-1.1671190974766257
trained,lda,train,2,3.9876706741978736,-0.54342061024851263
trained,lda,train,2,3.4085663074836519,-1.4943887748160394
trained,lda,train,3,-4.1554531250690712,2.0138862119285053
trained,lda,train,3,-5.5121898835275642,-0.18066783142696205
trained,lda,train,2,4.3663369305062414,1.0400412943634798
trained,lda,train,2,3.35796725143011,0.59060826730718774
trained,lda,train,3,-4.6691835512960669,-1.1355017845638107
trained,lda,train,2,4.2899853495465265,0.36016448008838192
trained,lda,train,2,3.4354511446855858,2.3477532803050116
trained,lda,train,2,3.6647497199176371,0.84481334890887505
trained,lda,train,4,-13.487523683638695,0.16619430932770635
trained,lda,train,2,3.4488552096025771,0.45187266257427816
trained,lda,train,2,3.3628027974202541,-0.65162918625349053
trained,lda,train,3,-3.0415427453386994,0.19413298468371473
trained,lda,train,2,3.458848893655972,1.049444708812187
trained,lda,train,2,4.0857926834574494,1.293592002079794
trained,lda,train,2,3.6444628047491032,0.26616369227925252
trained,lda,train,3,-5.0855416836021128,-1.0322456093790209
trained,lda,train,2,3.7759861756043298,-1.4160119380191036
trained,lda,train,2,3.1053265346598184,-1.9208791061974164
trained,lda,train,3,-4.8400816266591979,0.22658873395888107
trained,lda,train,3,-5.5296210262362884,-1.7371778229236283
trained,lda,train,3,-5.1307837235019678,-0.16357823290107201
trained,lda,train,2,3.5169388633301386,0.088313473195081885
trained,lda,train,3,-4.6650664058496298,0.51601968484153704
trained,lda,train,2,3.3462586347277399,-1.3395441265018788
trained,lda,train,3,-4.7002509042463032,0.43681893968561331
trained,lda,train,3,-5.0054254788028176,-1.1751295626256231
trained,lda,train,2,3.3756288351721819,0.17007574868339684
trained,lda,train,3,-4.79523759054059,0.60917936033956965
trained,lda,train,3,-5.0729611089455142,-0.95663501599868939
trained,lda,train,2,2.9949014257369519,-0.060654455943148965
trained,lda,train,4,-13.782400694012546,0.26489817134210863
trained,lda,train,4,-13.997290391728869,-0.63641896496952555
trained,lda,train,2,3.574329688556801,1.6514676203907921
trained,lda,train,3,-3.8508721258012635,0.40482361661470551
trained,lda,train,3,-4.5370467384017763,0.15916803849080738
trained,lda,train,2,3.3166331365365678,0.23564558578472192
trained,lda,train,2,3.980805093734948,-0.047604276345391244
trained,lda,train,3,-4.2192727443856723,2.187434043159171
trained,lda,train,3,-4.9104797548285859,-0.091535891846335246
trained,lda,train,3,-4.4273270202414787,0.42947910499421527
trained,lda,train,2,3.7021565135386414,0.98292273883906967
trained,lda,train,3,-4.610356620447396,2.1818648255338244
trained,lda,train,2,3.115839863853882,-0.74710106045518943
trained,lda,train,2,3.4679666747842757,-1.3382757097823923
trained,lda,train,2,4.2870948351658047,1.1258408879541464
trained,lda,train,2,2.9847709409909009,-1.7440895370336598
trained,lda,train,3,-5.3356021013945192,-1.1096001473050654
trained,lda,train,2,3.4652511134385073,-0.7298665537541329
trained,lda,train,2,3.198134692727773,-1.6904978103530972
trained,lda,train,3,-4.4848779988976881,0.48173684446470705
trained,lda,train,2,3.529834871119685,-0.023572896491282802
trained,lda,train,2,3.3607021167863107,0.58447344127799383
trained,lda,train,2,3.4540183501687403,-1.4162352023687796
trained,lda,train,3,-4.9929714013774893,-0.92969835150216651
trained,lda,train,2,3.6720630652871193,0.64667034465353157
trained,lda,train,3,-4.1396385468893859,0.69600105502206677
trained,lda,train,2,3.6373790270053079,0.19975165377436288
trained,lda,train,3,-4.8919845294097364,-0.50243378724475318
trained,lda,train,2,3.318904257299343,-1.4675862258795291
trained,lda,train,3,-5.4109659812206958,0.11135452382628905
trained,lda,train,2,3.2363531926254274,-1.3451296096090442
trained,lda,train,2,3.9846954252909681,2.1005288228540704
trained,lda,train,2,3.5031025563394107,0.46811258536326977
trained,lda,train,2,3.8677049239210279,0.30587771812784609
trained,lda,train,2,3.8960098854890757,-0.28404554134936716
trained,lda,train,2,3.821217015926365,-0.50229363445843045
trained,lda,train,3,-5.0860733096363404,-1.2760739070067793
trained,lda,train,2,3.5023533421660269,-0.99962092065858343
trained,lda,train,3,-5.2344562095015306,-0.80868421814146407
trained,lda,train,2,3.5952776935269339,-0.83471033830673502
trained,lda,train,2,3.5506157025988099,-0.26046604571607301
trained,lda,train,2,3.5040563228204289,1.3158916226332202
trained,lda,train,2,3.5274363335808978,0.55484117124052867
trained,lda,train,3,-4.044661892502643,-0.13981858036349093
trained,lda,train,3,-5.2077307467090463,1.6198489852833946
trained,lda,train,3,-4.7297718607466788,-1.1826074227921561
trained,lda,train,2,4.0262402127955497,0.45538202387924659
trained,lda,train,2,3.4372926397541437,-0.29260778870216902
trained,lda,train,2,4.1175721504082725,0.030824345208823562
trained,lda,train,3,-4.9944763684327755,-1.0875230457764027
trained,lda,train,2,3.4290108007058007,-0.75326133910073878
trained,lda,train,2,3.7028245618791864,0.52767026640453285
trained,lda,train,3,-4.691659406845849,0.99704517504981949
trained,lda,train,3,-4.3767998668531867,0.7213044459431891
trained,lda,train,3,-4.4704858996836405,0.78199081331650044
trained,lda,train,2,3.137803095126896,-1.6395714131288417
trained,lda,train,2,3.7754233520727176,0.5415440392557046
trained,lda,train,3,-5.2581167629693581,-0.39384058999321941
trained,lda,train,3,-5.0557993297263391,-1.0040300662747663
trained,lda,train,3,-3.7694842049981081,0.86184083708773929
trained,lda,train,3,-3.0951070729335011,1.2423103389926229
trained,lda,train,4,-13.856880618910452,-0.55069614170351211
trained,lda,train,3,-4.3659856369092047,0.66239639314535237
trained,lda,train,2,2.9416170648061475,-0.99130729354794644
trained,lda,train,3,-4.1612464496973107,0.61147325825579113
trained,lda,train,3,-5.4876491113978965,0.054162015494383139
trained,lda,train,2,3.5515252717394636,0.36645439492174986
trained,lda,train,2,3.3356994176799502,0.14730178186870335
trained,lda,train,2,-2.7746889165283082,4.5563845939535614
trained,lda,train,3,-4.3284445690377273,-0.89048071396796169
trained,lda,train,3,-5.3355320669183577,-0.2350912674715652
trained,lda,train,2,3.2235785156261545,-1.5125337671433821
trained,lda,train,2,3.5995627437678555,-0.29838190094834205
trained,lda,train,2,3.6114063296942969,-1.0606891911811831
trained,lda,train,3,-4.4787700618287527,-0.18057029371482727
trained,lda,train,2,3.4894102833944682,-1.2998405480118549
trained,lda,train,3,-4.4334408585807497,1.9979110508689082
trained,lda,train,2,3.6520240239540618,-0.07664485966490886
trained,lda,train,2,4.1042089783091571,0.47066794628758579
trained,lda,train,2,3.3497777776837383,-1.2404661579321272
trained,lda,train,3,-4.5804791541129672,0.30560637039924193
trained,lda,train,2,3.4987762495747772,0.59134986936699563
trained,lda,train,2,3.7175941369111807,0.27115468773145884
trained,lda,train,2,3.857389888130319,0.27883636737259909
trained,lda,train,3,-4.7616542390033141,0.53202801918551457
trained,lda,train,2,3.6244015912315763,0.25305190001937977
trained,lda,train,3,-4.553185584360226,0.58945674757325173
trained,lda,train,3,-4.4058351745386606,-0.64560762269972616
trained,lda,train,3,-3.7540407939231271,-0.23885685228017156
trained,lda,train,2,3.0820681917140229,-0.40458257535541081
trained,lda,train,3,-4.8648792368450762,0.19756530293413294
trained,lda,train,2,4.0117026784581418,1.4825075209527994
trained,lda,train,2,3.8566775272844813,-0.17611785971363703
trained,lda,train,3,-4.5998793244255785,-1.2181301510172464
trained,lda,train,2,3.4204990229516024,-1.1056776417484822
trained,lda,train,3,-3.8991888841464459,-0.82311995140946936
trained,lda,train,2,3.6166193824520141,-0.051778793366870315
trained,lda,train,2,3.2960291582095955,-1.2745115676694878
trained,lda,train,2,4.576113985275807,0.44762599442362916
trained,lda,train,3,-4.1566822804277397,1.0966114463596204
trained,lda,train,2,-3.3343906782950765,3.1869255484075061
trained,lda,train,2,3.1593512161577406,-0.37524405763379043
trained,lda,train,2,3.3750600825828374,-0.57930114677337319
trained,lda,train,3,-4.7281236173641226,-1.575918941175807
trained,lda,train,2,4.0591158736527602,0.54382622620371623
trained,lda,train,4,-12.992550976292057,-0.98535988510080297
trained,lda,train,3,-5.6134498629023293,-1.6967954373722152
trained,lda,train,3,-4.9884040657026683,-0.23322951909566775
trained,lda,train,2,3.4523569096818436,-0.36295162651730478
trained,lda,train,2,3.8852270914782863,-0.52466040869314801
trained,lda,train,2,3.6353734199557493,-0.55852209735166936
trained,lda,train,2,3.15803059965104,-1.4917023033982355
trained,lda,train,2,3.5127193875882066,-0.3920952191603056
trained,lda,train,2,3.5870823323831384,0.62300072321068678
trained,lda,train,2,3.0593122337180647,-1.8212297638676336
trained,lda,train,2,3.4459871124745631,-0.8863560649187181
trained,lda,train,3,-4.1317241087554191,1.352551750339672
trained,lda,train,3,-4.1913666058329184,0.61160622906001738
trained,lda,train,2,3.218346818713226,-0.47363083347390522
trained,lda,train,2,3.5896296722339969,0.074018254785955195
trained,lda,train,2,3.3039243008388084,0.67388069847699594
trained,lda,train,3,-5.0852598177690762,1.2534220431658798
trained,lda,train,3,-3.3595401807643621,1.7096654632879107
trained,lda,train,2,3.4228200208132877,-0.92075662314381324
trained,lda,train,2,3.3709218514928545,-0.37487155356537571
trained,lda,train,2,3.8963470337908839,0.3047096271633849
trained,lda,train,4,-12.433803816951883,0.88129486781688493
trained,lda,train,3,-3.5487199116951316,1.3435360522030495
trained,lda,train,3,-4.874452104920616,1.3542655096258718
trained,lda,train,3,-4.5362176210440222,0.43719303158058542
trained,lda,train,3,-4.5809892093512818,-1.6151723004996039
trained,lda,train,2,3.3033097584231284,-1.1558482755791677
trained,lda,train,2,3.5026803551105683,-0.50127244587519204
trained,lda,train,2,3.6325660152848021,0.40230746092176917
trained,lda,train,2,3.3316918473111663,0.29717705182917614
trained,lda,train,3,-4.8990661580080079,-1.5223793914045187
trained,lda,train,2,3.4851113320767464,0.80260539936852682
trained,lda,train,2,3.7730267663476154,-0.94140678333094252
trained,lda,train,2,3.5236621276729614,0.68308899541368351
trained,lda,train,2,3.2530830910470292,-0.76798406046279188
trained,lda,train,2,3.7046919127518545,1.8836169704803367
trained,lda,train,4,-13.221688791706779,-0.043536211841212084
trained,lda,train,2,3.6604437036215676,0.60095802400269893
trained,lda,train,3,-4.6210959822098792,0.28512376505236092
trained,lda,train,3,-5.2670209658935301,-0.56686164301784758
trained,lda,train,2,3.4526768194309252,0.83921907278730523
trained,lda,train,3,-4.8971659420543334,-0.49057011446079912
trained,lda,train,2,3.8688836393845469,0.10707301400367598
trained,lda,train,2,3.5189352194439456,0.013649053594027774
trained,lda,train,3,-3.7916584647641343,1.5117497952136236
trained,lda,train,2,3.6374329788315864,-0.39493658288656391
trained,lda,train,2,3.4380596771946963,-0.040128837334266254
trained,lda,train,2,-3.2756416640825714,0.63200521517674602
trained,lda,train,2,3.5347476255096395,-0.85738107160585508
trained,lda,train,3,-4.8959179763572607,1.7277544646002181
trained,lda,train,4,-13.45815581277631,0.90178677872457202
trained,lda,train,3,-4.4619198601399335,1.2324815847344992
trained,lda,train,4,-12.245657928825601,0.06680087262833681
trained,lda,train,2,3.4466888655128627,-0.40274971515338287
trained,lda,train,3,-5.1809234330237137,-0.017450817644731758
trained,lda,train,2,3.2754913781471666,0.38635091793819476
trained,lda,train,2,4.0915028880239319,-0.2200440674036597
trained,lda,train,2,3.6977181667398158,0.51335107615336317
trained,lda,train,3,-5.2195274310074495,0.4527352123363278
trained,lda,train,3,-4.0656679214763436,1.7988209028770461
trained,lda,train,2,3.528772993735863,1.033754100261846
trained,lda,train,2,3.7407518319508606,-0.61111392110310281
trained,lda,train,3,-4.5313138242786763,-0.24465875485450039
trained,lda,train,2,3.4050659867145736,0.60607642945533158
trained,lda,train,2,3.5367755108233947,-1.2633727686957923
trained,lda,train,3,-5.2083818422748225,1.1806645543062624
trained,lda,train,2,3.5463736167594093,0.72033987942949262
trained,lda,train,3,-3.9756508843758076,1.3489485142083919
trained,lda,train,3,-4.4617590903182025,-0.0019708379148256497
trained,lda,train,2,3.4605907180243314,-0.41604495425283899
trained,lda,train,2,3.3497777776837383,-1.2404661579321272
trained,lda,train,3,-4.0367592911659731,0.89065632020061658
trained,lda,train,3,-4.0961088555782554,0.5652595719064768
trained,lda,train,2,3.9681781989118301,0.34680016115660456
trained,lda,train,2,3.0883085856465926,-0.17967025617780494
trained,lda,train,2,3.437135676673083,0.20770356850991212
trained,lda,train,3,-4.6018646044839375,-0.30777663205490247
trained,lda,train,2,3.1504225875852008,-1.36588978361569
trained,lda,train,2,3.6986938748916853,-0.97888995835481529
trained,lda,train,3,-4.2224661175664258,0.0064482076202098063
trained,lda,train,4,-13.185630460174345,0.14311704012027643
trained,lda,train,1,12.208760136676808,2.8551008627090106
trained,lda,train,3,-4.4938947933364375,1.7132665940679932
trained,lda,train,3,-4.6919442160739537,-1.1501046068219789
trained,lda,train,3,-4.7534074195294602,-0.75904726101269515
trained,lda,train,3,-5.6306071050223387,-0.7839649019656072
trained,lda,train,2,3.0443340946762532,-0.15562786897495468
trained,lda,train,3,-4.5478625225572538,0.045195403827764664
trained,lda,train,2,3.8158357121970439,1.2597071706921272
trained,lda,train,2,3.6879388054895994,-0.66736176343063514
trained,lda,train,2,3.9325907661127846,0.70506496750499459
trained,lda,train,3,-4.5444542312947016,0.56920750868712644
trained,lda,train,2,3.2155937563348935,-1.150977935017748
trained,lda,train,2,3.8407889683928143,-0.043256221141655733
trained,lda,train,2,3.0170862736153587,0.6849631887955534
trained,lda,train,2,3.342961461600396,-0.54159861685539523
trained,lda,train,2,3.7306393465499061,-1.5249160192516864
trained,lda,train,3,-5.1189231142370408,-1.0732446039221812
trained,lda,train,2,3.2960291582095955,-1.2745115676694878
trained,lda,train,3,-4.7492688897942683,-0.55825862786573965
trained,lda,train,3,-4.121704225734323,0.038043283908473752
trained,lda,train,2,3.4767550249857853,-0.3187189026363082
trained,lda,train,2,3.5160612254716921,0.22180383006764334
trained,lda,train,2,3.7430993072250769,0.23299632628581846
trained,lda,train,2,3.4150677891313475,0.39757610165178447
trained,lda,train,2,3.3585323997736749,-0.96669020098094716
trained,lda,train,2,3.2512787675248713,1.5996854296998599
trained,lda,train,2,3.3166631683822501,1.0009437433919486
trained,lda,train,3,-4.5463152781355856,-0.75144195709538164
trained,lda,train,2,3.2968821691756571,-0.95989095942192892
trained,lda,train,3,-4.3302659547069418,-0.50986634830579047
trained,lda,train,3,-4.9816917154823921,-0.2807018089009482
trained,lda,train,2,4.0931896925359066,-0.22442480721045019
trained,lda,train,3,-5.5965331669464211,0.88898164017590653
trained,lda,train,2,-3.2639940012131743,0.48545560778431779
trained,lda,train,2,3.3961375331754824,-0.35440926356370323
trained,lda,train,2,3.3061617716718832,0.57381872128282463
trained,lda,train,2,3.3807377835334549,-0.40209283233768756
trained,lda,train,2,3.2655073377350217,-0.73117827140411729
trained,lda,train,2,3.0523323652237941,-1.8085239128734583
trained,lda,train,2,3.7308994172096548,0.1020339869896796
trained,lda,train,2,3.3373601713245775,0.50029833026120463
trained,lda,train,2,4.1223569317256219,1.5139932202992445
trained,lda,train,3,-4.4237947260324093,0.16630396322726532
trained,lda,train,2,3.8030170314483227,-0.33444947720352791
trained,lda,train,3,-4.0620597163398076,1.0740216970040795
trained,lda,train,4,-13.38445035886612,-0.83941862029062098
trained,lda,train,2,3.1241514295825019,-0.1448466421175377
trained,lda,train,3,-4.8402060265820177,-1.362386410090652
trained,lda,train,3,-4.3355868023669109,0.97585002258251141
trained,lda,train,4,-12.670334118875274,0.19747629866892416
trained,lda,train,2,4.1140696778963699,1.0146662455861097
trained,lda,train,2,3.5180385433212065,-0.89248910607709864
trained,lda,train,2,3.7737651288151324,-1.6202767353662542
trained,lda,train,2,5.1613714703723765,1.4149876794483109
trained,lda,train,2,4.0849190450540345,1.0221975091136664
trained,lda,train,3,-4.8447673841021404,-0.37173314425004023
trained,lda,train,3,-5.0425907718643002,-0.88623362566778707
trained,lda,train,2,3.6115201917663722,-0.81048848395365325
trained,lda,train,2,3.3172781290806519,-0.98243100821289053
trained,lda,train,3,-5.341613824545707,-0.53221109116515142
trained,lda,train,2,3.470396271577818,0.18729992730475473
trained,lda,train,2,3.6963913913797022,0.37964134067889121
trained,lda,train,2,3.5859707723946648,0.39937961407474493
trained,lda,train,2,3.3315170493037973,-1.5327673781601887
trained,lda,train,2,3.7710315617131154,0.28844790881562027
trained,lda,train,2,3.3486350547733381,-0.85073543753961334
trained,lda,train,2,3.15803059965104,-1.4917023033982355
trained,lda,train,3,-4.0776179661429,0.44654185547993142
trained,lda,train,3,-5.6693139127182759,-0.88081151068250152
trained,lda,train,3,-5.0739239312016959,1.5781365698690162
trained,lda,train,2,3.2816838806702249,1.4149169493572036
trained,lda,train,3,-4.4537157578987481,0.26573598473254956
trained,lda,train,2,3.6234993394340984,0.069101426942193456
trained,lda,train,2,3.6224237587824692,0.49213720936641525
trained,lda,train,2,3.6009591184864749,0.17750159357964629
trained,lda,train,2,3.7113177360553848,0.80895858568996315
trained,lda,train,1,5.481698089294631,0.69710136779441911
trained,lda,train,3,-3.0188219923118305,2.417106327442609
trained,lda,train,2,3.0691092690904451,0.36751678717190328
trained,lda,train,2,3.9802433955031562,0.50398836979143458
trained,lda,train,2,3.6904189764219422,1.3621217199380593
trained,lda,train,3,-4.7961546363371284,-1.2754136023649156
trained,lda,train,2,3.8418514404157387,0.73499280872057371
trained,lda,train,2,3.6745266760777913,0.76221018256054773
trained,lda,train,2,3.8137495074215817,-0.29625544479839211
trained,lda,train,2,3.315867186054954,-1.4286175052039563
trained,lda,train,3,-5.0364330861548243,-0.4370404622404962
trained,lda,train,4,-12.983571403969609,0.0062146195786865277
trained,lda,train,3,-4.4608743110798121,-0.35047313251547629
trained,lda,train,2,3.6023257132448827,-1.18195015324455
trained,lda,train,3,-5.3176958533001626,-0.63264945209385104
trained,lda,train,2,-3.1133011322534081,0.26525894144150652
trained,lda,train,3,-5.1992481642852999,-0.76557801099373834
trained,lda,train,2,3.2044256655413568,-1.4354015769892734
trained,lda,train,3,-5.3112282249126199,-1.075284638461715
trained,lda,train,2,3.7224071787743127,-0.13552421616515206
trained,lda,train,3,-4.685993732926053,-0.4303875044330851
trained,lda,train,3,-4.1751353173397359,1.4247878853768277
trained,lda,train,2,3.7114939945647345,0.49398312511807052
trained,lda,train,2,3.7012350028816265,1.1174012784155234
trained,lda,train,2,3.6679540910009378,-1.0576251934935521
trained,lda,train,2,3.2235785156261545,-1.5125337671433821
trained,lda,train,2,3.5989219107602963,-0.18404086857208893
trained,lda,train,3,-5.5533536967698574,-0.85051684135975691
trained,lda,train,2,3.5280782914532649,-1.7598291847505843
trained,lda,train,3,-5.224787228167675,-1.5959254336607456
trained,lda,train,2,3.7606802670887323,0.065832971397454532
trained,lda,train,2,4.2266304946553541,1.7420409535755033
trained,lda,train,4,-12.614277433345299,0.59395741227726473
trained,lda,train,2,3.0739194404496462,0.099829993124134181
trained,lda,train,3,-4.5119242692977677,1.047359239881255
trained,lda,train,2,3.1633912301760891,-1.2695554252284298
trained,lda,train,2,3.6391160274452106,0.037938334175112172
trained,lda,train,2,3.5982847273423442,-1.2622936287329669
trained,lda,train,2,3.7242540884751425,-0.28854681996750536
trained,lda,train,3,-3.9986827478864657,1.0140392935406493
trained,lda,train,2,3.2901197072999939,-0.56518075429087589
trained,lda,train,3,-5.1805517970713533,-0.17438290765516884
trained,lda,train,3,-5.3770293146184063,-1.1746187213600334
trained,lda,train,3,-4.8392521215533115,-0.6295710171933131
trained,lda,train,2,3.7847996675532158,-0.6306254167565698
trained,lda,train,3,-4.6111232783381189,-0.049761844864016705
trained,lda,train,2,3.5086061821948533,-0.47100476609006681
trained,lda,train,2,3.2236887076180487,-0.48151703561801246
trained,lda,train,3,-3.9086041693492177,2.0855732885778582
trained,lda,train,3,-4.3243688205139108,-0.66454040913560419
trained,lda,train,3,-4.3229429060445259,0.28231656895409701
trained,lda,train,2,-2.8920952785730729,1.3163455322105069
trained,lda,train,4,-14.14823021264522,-1.8371750023387228
trained,lda,train,2,3.7432217369995531,0.71517613623088816
trained,lda,train,2,3.6204073065655646,0.96947026924117474
trained,lda,train,3,-5.7433756024808966,-0.19920030731237448
trained,lda,train,2,3.739181925660755,-0.11800334394968852
trained,lda,train,2,4.0618463817788912,1.0325587908535372
trained,lda,train,3,-4.8532852005745966,-0.28609286003191625
trained,lda,train,2,3.6498156123252188,0.19684154651254029
trained,lda,train,2,3.5514031388759228,-1.0579986143467348
trained,lda,train,2,3.3033852652147249,0.4708759426827463
trained,lda,train,2,3.6895723108934821,0.71866910260829109
trained,lda,train,3,-5.7923938682229918,1.3542000401899981
trained,lda,train,3,-4.6821315076757317,-0.44827765893275323
trained,lda,train,3,-4.2494662444128917,0.008880709992506149
trained,lda,train,2,3.0825137050081661,-0.14978645571140486
trained,lda,train,3,-4.7587187488705824,0.55250574760923277
trained,lda,train,3,-4.7931399379079274,-1.3792271890893619
trained,lda,train,2,3.7962800165136579,-0.89594046570598174
trained,lda,train,3,-5.2732903940244906,0.34116533534702115
trained,lda,train,2,3.6429609022770006,-1.2129742323234327
trained,lda,train,2,4.1816930802265464,0.12047096794248566
trained,lda,train,2,3.5947639335197228,0.30438776721093691
trained,lda,train,2,3.4216446152997109,-1.8811490066614156
trained,lda,train,2,4.2987567905899589,0.97356137389497066
trained,lda,train,3,-4.8843846064034793,-1.3607284718401658
trained,lda,train,3,-4.5353952669944171,1.035495810135731
trained,lda,train,3,-4.8691024653527464,0.3662254165625155
trained,lda,train,2,4.4165920857278875,0.70638214512098974
trained,lda,train,3,-4.652469431562487,-0.13398659395982637
trained,lda,train,2,-3.4941485396053253,0.56080228074384353
trained,lda,train,2,4.1462369568677477,0.76814808419196201
trained,lda,train,2,3.1673986944288983,1.7203043305278694
trained,lda,train,4,-13.259965354612321,0.47826565015046307
trained,lda,train,3,-5.1146308347344798,0.575057461184173
trained,lda,train,2,3.7297551460770073,0.089171116192855615
trained,lda,train,2,3.2235785156261545,-1.5125337671433821
trained,lda,train,2,3.0459243246438894,-1.3533472245707214
trained,lda,train,1,12.059465978634563,1.8368685265996709
trained,lda,train,2,4.3314548696514015,1.4921292306944016
trained,lda,train,3,-5.1915881910029,0.31086272904240592
trained,lda,train,3,-5.5058828958903012,0.30090999340471325
trained,lda,train,2,3.9241678704473499,0.93418669484435213
trained,lda,train,3,-4.6135190607608267,-0.11173666177305693
trained,lda,train,3,-4.9927799540518052,-0.028974041224403564
trained,lda,train,2,3.1848502542451049,0.39558040193109739
trained,lda,train,2,3.6556376293641666,0.79287814576784554
trained,lda,train,2,3.5677562808981613,-1.5046987238339349
trained,lda,train,4,-13.76330576978097,0.43757992973195448
trained,lda,train,2,3.3663679195334053,-0.050656038964194752
trained,lda,train,2,3.5025341361671596,-1.7794636435628053
trained,lda,train,2,3.1491979004847908,-2.1387299600519758
trained,lda,train,3,-5.0728732816905833,-0.609792605579212
trained,lda,train,2,3.2897636326040476,-0.049299683018021935
trained,lda,train,1,11.928189620564707,0.19978713293627315
trained,lda,train,3,-4.0527276903502036,1.9991221061366027
trained,lda,train,2,3.6499320921059377,0.71541914919541227
trained,lda,train,2,3.8061913905592721,-0.57278065000432377
trained,lda,train,3,-4.5105605215833755,1.2792119761292302
trained,lda,train,2,3.3383736318638459,1.3773062328295487
trained,lda,train,2,3.2925264651277626,-1.9772363778155797
trained,lda,train,3,-3.0608349726396704,3.6542124246620737
trained,lda,train,3,-4.6261095875111042,-0.71062458076039225
trained,lda,train,2,3.0747564269463812,-0.36180660972295375
trained,lda,train,2,3.4217582173954537,-0.79990568566872033
trained,lda,train,3,-5.0532173833250482,-1.0606539661058603
trained,lda,train,3,-4.8263959187632022,-0.45392428236794702
trained,lda,train,3,-4.6548140363942903,0.62449145694198449
trained,lda,train,2,3.7242820827915746,1.1296625540158116
trained,lda,train,3,-4.9982088898867127,0.58908288129438913
trained,lda,train,2,3.3658916643232977,1.7129018650440406
trained,lda,train,2,3.4577547965442474,-0.53349762001341994
trained,lda,train,4,-11.920825012085624,0.12472914922117748
trained,lda,train,2,3.6900981825983843,0.68656913537414621
trained,lda,train,2,3.5243710545083267,-1.5773271724779112
trained,lda,train,2,4.1101380311017222,-0.92961223548461247
trained,lda,train,3,-4.363228519785638,-0.92089503439867104
trained,lda,train,2,3.4589300405796335,-1.1583508107367548
trained,lda,train,3,-4.9396790142950824,2.0643919297634135
trained,lda,train,3,-4.8899157854125415,0.17967621189942581
trained,lda,train,2,3.7335867729626346,0.53221668307407599
trained,lda,train,3,-4.8901544438243709,-1.298343631811252
trained,lda,train,2,4.4078221804130093,0.72161311972593156
trained,lda,train,3,-4.1337611445766163,0.13338218423008927
trained,lda,train,2,3.7331535890315326,1.7620521984066553
trained,lda,train,2,3.9283629983695154,0.43446353591632403
trained,lda,train,2,3.2715244878485068,-0.79186159709300541
trained,lda,train,2,3.9679108664634155,-1.262575508764066
trained,lda,train,3,-4.5054569057321903,-0.5694068113027605
trained,lda,train,3,-5.1293688899846126,0.22496360714012234
trained,lda,train,2,3.2087584753006482,2.3116947385095106
trained,lda,train,3,-4.9085974382990534,-0.98863632232075904
trained,lda,train,3,-5.7974939736180158,-2.2415148867464874
trained,lda,train,2,4.0445482839836711,0.16723874626435159
trained,lda,train,3,-5.0115313848658261,-1.345748511839157
trained,lda,train,1,12.162558720979751,2.6843514838976423
trained,lda,train,3,-5.1804704466839109,0.0079800209474945576
trained,lda,train,2,3.4776833016528448,-0.95492479161923327
trained,lda,train,2,4.3307112100870722,2.1781466681777841
trained,lda,train,3,-4.7550971365371018,0.40502981983589503
trained,lda,train,3,-5.1851248728744617,0.24115451149002584
trained,lda,train,2,4.3676323137559505,0.41980916094531678
trained,lda,train,3,-4.6843333903076863,2.2888640366535182
trained,lda,train,3,-5.1518995994813643,-0.65944469685308948
trained,lda,train,2,3.7921990836431156,-0.32799738436032705
trained,lda,train,1,12.121555838892796,1.856505766958394
trained,lda,train,3,-4.9169102516300738,0.10076639537762791
trained,lda,train,2,3.3902753863309378,-1.034832522400833
trained,lda,train,2,4.0811099775424484,-0.25107236227267477
trained,lda,train,2,3.4749367172476173,-1.0348136387403335
trained,lda,train,2,3.5719529784804296,1.1355015394357375
trained,lda,train,2,3.5278939687065889,-0.28284436130363866
trained,lda,train,3,-4.2355349671904143,3.6259886623967583
trained,lda,train,3,-5.7712041278798232,-1.7434187201455289
trained,lda,train,2,3.9589304480040952,1.2938618999235194
trained,lda,train,2,3.3096926492653873,-1.1129251279663599
trained,lda,train,2,3.4141529052748507,-0.01952243670327573
trained,lda,train,2,3.9536907568683151,1.7486555094021465
trained,lda,train,3,-3.7762584728276023,0.06639703685408499
trained,lda,train,3,-4.7053420255705172,-0.28218676675353771
trained,lda,train,2,3.6352216296941551,-1.0044038714025931
trained,lda,train,4,-13.616772128672849,-0.34714451557699577
trained,lda,train,4,-12.987218984992287,0.077132527042520466
trained,lda,train,3,-4.7161109305182389,-0.62546229765191586
trained,lda,train,2,3.7572910166837663,0.64367468854031862
trained,lda,train,2,4.047602125487848,1.5090360718979903
trained,lda,train,3,-4.9602036756144958,-0.77995149243246364
trained,lda,train,3,-5.3150030258516967,-1.2047353794763611
trained,lda,train,2,3.7004675354673116,1.4420247376600657
trained,lda,train,3,-4.6582300124441742,0.30415256216158904
trained,lda,train,2,3.434255103847581,0.22395811094068599
trained,lda,train,2,3.4845169663510074,-1.1694739013816804
trained,lda,train,2,3.8597991531198277,-0.1111263466897611
trained,lda,train,2,3.5754336449572119,-1.5179806749144125
trained,lda,train,2,3.5296170432716565,1.586878631496569
trained,lda,train,3,-4.5701041063962009,-0.35174241562528086
trained,lda,train,3,-5.179662200753266,0.19853548621205536
trained,lda,train,2,3.4031715680725139,0.29614470806358584
trained,lda,train,3,-4.6196488666001772,0.22711926574777427
trained,lda,train,2,3.1682500939202134,-1.4064113399509186
trained,lda,train,2,3.9225809445967643,0.75967410755245557
trained,lda,train,2,3.339439060780502,0.64185211294676958
trained,lda,train,2,3.4772162762111662,-1.3150139442059192
trained,lda,train,3,-4.9635857334746971,1.0031481274547793
trained,lda,train,3,-4.8922865764706538,-0.50373181286079005
trained,lda,train,4,-13.209141361542786,-0.79923765340438269
trained,lda,train,2,3.4540610367044655,0.29199492878667965
trained,lda,train,3,-4.4784710676638895,2.3735316110211699
trained,lda,train,2,3.8010976790569093,1.1240366916925284
trained,lda,train,3,-4.4743855004368527,-0.72443786819643086
trained,lda,train,2,3.495133728601715,0.83095843128864755
trained,lda,train,2,3.74874590892902,-0.27951560183562041
trained,lda,train,2,3.4277760177460128,-0.98722128259707509
trained,lda,train,3,-4.7021851571075386,0.31207327585149697
trained,lda,train,3,-4.648486496213434,1.021185473872859
trained,lda,train,2,3.7012145190992078,0.25381528556500205
trained,lda,train,3,-5.1306413196978111,0.25945806938603672
trained,lda,train,3,-4.4633070126687464,0.64576652408273405
trained,lda,train,3,-4.937281784847614,-1.5034947716154783
trained,lda,train,2,3.7171366518860522,-1.1939202403208518
trained,lda,train,3,-4.2436791430335026,1.8822139310024897
trained,lda,train,2,3.2995870117143342,0.31303310713125043
trained,lda,train,3,-4.7068671413687087,-1.2118073953143662
trained,lda,train,3,-5.1373490528826897,-1.2250052847092736
trained,lda,train,3,-4.4248430538165886,0.033652773988770077
trained,lda,train,2,3.1831891885001777,1.0379933464004036
trained,lda,train,3,-4.9828098090602317,0.014933996957104765
trained,lda,train,2,3.3915566569994269,-1.0092305450921017
trained,lda,train,3,-5.0725939628053132,0.72508454415661983
trained,lda,train,2,3.6214272542166039,0.34711191061011459
trained,lda,train,2,3.6677968025858583,-1.2354988602548134
trained,lda,train,2,3.6707321896740068,0.59270011069635642
trained,lda,train,3,-5.1195600803838266,-1.063514031689123
trained,lda,train,3,-4.9092091046494533,-0.25425363615333779
trained,lda,train,3,-4.2202652840800692,-1.2631824804102523
trained,lda,train,2,3.81004117738915,1.8990125509144162
trained,lda,train,3,-4.6235957575998317,1.8347650768936696
trained,lda,train,3,-4.9843625877462738,-0.91105459656707755
trained,lda,train,3,-5.114122801665272,1.1526395731794581
trained,lda,train,3,-4.6821315076757317,-0.44827765893275323
trained,lda,train,2,3.217460013662317,0.28338578989758911
trained,lda,train,2,3.3785474520836951,0.57143883473938528
trained,lda,train,2,3.4907754132508035,-1.0993642935480565
trained,lda,train,2,3.2610666889100202,-1.4601002229068145
trained,lda,train,2,3.2754180932330765,-0.70980463728860854
trained,lda,train,2,3.7958335778356207,0.35908657920373732
trained,lda,train,2,3.5225550733103916,-1.0357541460267106
trained,lda,train,2,3.5909369674670315,-1.4244753201103333
trained,lda,train,2,3.6870216745361963,0.083627456925481417
trained,lda,train,2,3.6574848060856198,2.9514092522981183
trained,lda,train,3,-4.8310835321101901,-0.93990122981835611
trained,lda,train,3,-5.1214594459810057,-1.3097408124368428
trained,lda,train,2,3.194623588056916,0.6163991737083756
trained,lda,train,2,3.8248517768383512,0.56555062676958368
trained,lda,train,3,-4.6073859124611802,1.0427806263956716
trained,lda,train,2,3.062306733529446,0.20869522191330356
trained,lda,train,2,4.0447925553696402,-0.078241363310241743
trained,lda,train,2,3.7383599672324532,-1.0594490608759239
trained,lda,train,2,3.6508818057523684,1.4200072652757585
trained,lda,train,2,3.6515876700075811,1.1050896660525893
trained,lda,train,2,3.1115933040996051,-0.55087447457915406
trained,lda,train,2,3.3914240275844056,0.17105194684035252
trained,lda,train,2,3.1819436378950656,-0.71196667462118224
trained,lda,train,3,-4.2004133640633885,-0.64943135798963036
trained,lda,train,3,-4.1892884278398652,-0.58191092427756963
trained,lda,train,2,3.3921654128585237,-1.7565145508886451
trained,lda,train,2,3.5800924063377688,0.072218981774667554
trained,lda,train,3,-4.731259986434921,1.3104248359894635
trained,lda,train,3,-4.5605074540607511,1.7509370365569654
trained,lda,train,4,-13.129574284203143,1.9959041668012587
trained,lda,train,2,3.4861191526292252,-0.9649477906239371
trained,lda,train,3,-5.1157172364672849,-1.0840583999303379
trained,lda,train,4,-13.190045074282043,0.61927311899902848
trained,lda,train,2,3.5565168457821694,-0.98716275860506564
trained,lda,train,3,-4.566862115049263,2.088253002997579
trained,lda,train,2,3.119038606690768,0.58447472200753592
trained,lda,train,2,3.8067625600215851,1.3888119295668411
trained,lda,train,2,3.71235574450988,0.4695669240750876
trained,lda,train,3,-5.4372695724317266,-0.66875628051343072
trained,lda,train,2,3.1274628214069886,-0.27129403009593617
trained,lda,train,3,-3.2308603952431478,2.3092126580284149
trained,lda,train,3,-4.8018246950984977,0.39717500502940056
trained,lda,train,2,3.3899208050365623,0.41902778494311754
trained,lda,train,3,-5.3865344028888815,0.79515455728837037
trained,lda,train,3,-2.9901972443832006,1.1037343775151425
trained,lda,train,3,-4.4193929155541527,0.70923552322268468
trained,lda,train,2,3.9189004669766927,0.63794672463905422
trained,lda,train,2,3.15803059965104,-1.4917023033982355
trained,lda,train,3,-4.2028661157734684,0.14282903030299937
trained,lda,train,3,-4.4443702750392449,1.2986183904621507
trained,lda,train,2,3.5982548575332296,-1.2477599190462805
trained,lda,train,2,3.48812857300384,-0.041266472049234802
trained,lda,train,2,3.5881005530179211,-0.6443142607291088
trained,lda,train,2,3.8493557485724765,0.34987996666935023
trained,lda,train,2,3.4262552587856656,-1.1345568659047411
trained,lda,train,3,-4.4948163140906487,-0.92428686955457129
trained,lda,train,2,4.0578818436012005,2.6170970322380303
trained,lda,train,2,3.7142657463297586,-1.1379471890192165
trained,lda,train,3,-5.307879191441514,-0.44298336796522242
trained,lda,train,2,3.6164882755616325,-0.24939156140861138
trained,lda,train,3,-10.638435406425081,2.8532719145584977
trained,lda,train,3,-4.8199210610543055,-0.69525269866006467
trained,lda,train,2,3.5550834259075059,-0.81269603271247659
trained,lda,train,3,-4.7315309487311312,0.69569081399854926
trained,lda,train,4,-13.671115918959028,-0.25525617247739962
trained,lda,train,2,3.2630406050481477,0.22403321086940706
trained,lda,train,2,3.3841791314572771,1.308511741573859
trained,lda,train,2,3.3527838649083352,0.53963079294884619
trained,lda,train,3,-4.2430608590529904,0.67794432633303636
trained,lda,train,3,-4.9458267893849364,-1.0606115154550746
trained,lda,train,2,3.3915566569994269,-1.0092305450921017
trained,lda,train,2,3.2090147759907737,0.62798213250423374
trained,lda,train,3,-4.5515106256249451,-0.40939263308196583
trained,lda,train,2,-3.2364703796393197,0.18288132183317873
trained,lda,train,2,3.5942088084011727,0.3045254453457219
trained,lda,train,2,3.7871816751555754,1.3613684593859476
trained,lda,train,2,4.2585860336915173,-0.4805487659643875
trained,lda,train,3,-4.0111288170207517,-0.2803576796079465
trained,lda,train,3,-4.9227816366168433,1.163179985259617
trained,lda,train,2,3.3283519487521009,0.14242705423716454
trained,lda,train,2,3.3192365034398055,0.93315403735375035
trained,lda,train,2,3.5275317972546367,-0.76166203690974632
trained,lda,train,2,3.7501788183726212,1.0951515517228183
trained,lda,train,3,-5.0299941793507346,-1.5917577980747519
trained,lda,train,3,-4.8008230056954879,-0.59864648384836183
trained,lda,train,3,-5.7178654846774712,0.25607501442512509
trained,lda,train,2,3.447019594043244,-1.3735398274626895
trained,lda,train,2,3.5439360182310473,-0.96418232323272701
trained,lda,train,2,4.4429617975966371,0.20441202326170649
trained,lda,train,4,-13.194318280020861,0.63809808621577868
trained,lda,train,3,-4.6593073640936478,0.59069088933283442
trained,lda,train,2,3.2364166908279679,0.15300794453311292
trained,lda,train,2,3.4115267499829298,0.090909007874838549
trained,lda,train,3,-4.6643689350903035,-0.67307170465301669
trained,lda,train,2,3.5467175235342006,-0.14884431900519962
trained,lda,train,3,-5.2545064794811136,-0.79480001749753038
trained,lda,train,4,-13.410827389746995,-1.1861008704765581
trained,lda,train,3,-5.3100931354340757,0.25234794009861228
trained,lda,train,2,3.5855092398571977,0.2696431196186006
trained,lda,train,2,3.5482538957683869,-0.78006262032110363
trained,lda,train,2,4.2882121608221162,0.21974204181285195
trained,lda,train,2,3.1940553692144595,-0.51679455989909484
trained,lda,train,2,3.5635594904059578,-1.8365541112114225
trained,lda,train,2,3.2959190217475576,-0.94861834090392627
trained,lda,train,2,3.7239119505934304,0.081858081933142632
trained,lda,train,2,3.5757451808315275,-0.40690440901183916
trained,lda,train,2,3.485493444539586,-0.65088581485567254
trained,lda,train,2,4.133979342991652,0.94269964773293813
trained,lda,train,3,-5.2174242076762827,0.42101125796400451
trained,lda,train,2,3.4881811804462988,0.0073869541456189902
trained,lda,train,2,3.2593370470242298,1.6161203626407725
trained,lda,train,2,3.4239214553150288,1.3478913231612855
trained,lda,train,2,3.708878338507521,0.99019503874817105
trained,lda,train,3,-5.0138241242747794,0.68990854573018512
trained,lda,train,2,4.0312819590298021,-0.16041952389456482
trained,lda,train,3,-5.0019529423292983,-1.268696751729824
trained,lda,train,3,-3.9306668320631588,-0.12810824694463813
trained,lda,train,2,3.4606714560493748,-0.051528577219478511
trained,lda,train,3,-4.7018842700336334,-0.80265414237178778
trained,lda,train,2,3.4473022561158908,-0.89723169852260887
trained,lda,train,2,3.5444930036490261,0.19930135537518096
trained,lda,train,2,3.0498628528617062,-1.5565682058781571
trained,lda,train,3,-5.6033391200033389,0.7791771924543307
trained,lda,train,2,4.2124066067061419,1.1370449221869059
trained,lda,train,3,-5.1235823649072341,-0.54440896400718719
trained,lda,train,2,3.6849408556710497,-1.1694038587154856
trained,lda,train,2,3.5804750234758296,-1.0670529922446859
trained,lda,train,3,-5.1258476117619676,0.26865957408716323
trained,lda,train,2,3.1575851968497597,0.14073707350891215
trained,lda,train,2,3.15803059965104,-1.4917023033982355
trained,lda,train,2,3.4469997089665774,0.38942627974551142
trained,lda,train,2,3.3982661050668495,-0.90137099359389128
trained,lda,train,3,-5.6129185223317055,-0.9543875075129814
trained,lda,train,3,-4.4050407881044507,-0.63932307987568737
trained,lda,train,2,3.4483408342610833,2.5822917865728723
trained,lda,train,3,-5.3417677397874712,-0.12781287897310256
trained,lda,train,2,3.849835427085007,-0.30307962484650658
trained,lda,train,3,-4.5385416264049585,-0.75810223998227566
trained,lda,train,3,-4.3756556129831035,-0.84464331247702751
trained,lda,train,2,3.1488390302633658,0.27474934030768489
trained,lda,train,3,-4.4622603449316056,-0.43858124671117471
trained,lda,train,3,-5.0274003022824498,-0.11199597515598854
trained,lda,train,4,-12.855260813405566,0.73314663529854818
trained,lda,train,3,-4.6620032127965221,-0.22312911974171939
trained,lda,train,2,3.9723768161650241,0.038670988970986905
trained,lda,train,2,3.5610004130894777,-0.04086728751844846
trained,lda,train,3,-4.9466182371531922,-0.56011058133265479
trained,lda,train,2,3.3610716196287838,-0.54245703427671654
trained,lda,train,2,3.7870519556863558,-0.16363101213302902
trained,lda,train,2,3.0065521229665504,-0.30573241220288988
trained,lda,train,2,3.4846208163388539,0.51938344159547067
trained,lda,train,3,-5.014690623393073,-1.108877651023364
trained,lda,train,3,-4.6539341770929905,-0.56934285262427609
trained,lda,train,3,-4.7735979372057891,0.60657894263883749
trained,lda,train,2,3.4393766865711504,-1.2118105905200913
trained,lda,train,2,3.5942254112899215,-0.95050664793813444
trained,lda,train,4,-12.286779752892492,0.59269523193399543
trained,lda,train,2,3.5866083883757938,-1.3143638369947153
trained,lda,train,2,3.2358238169437366,0.68778028818478465
trained,lda,train,3,-4.9393763366752967,-0.57252456402875518
trained,lda,train,2,2.969669546144067,-0.64657745303379788
trained,lda,train,2,3.1904976026829823,0.49573413213398998
trained,lda,train,3,-5.1895908484557713,0.1347552063961471
trained,lda,train,2,3.8019638177719206,1.1981392501351202
trained,lda,train,2,3.1735176587253058,-0.6539499643483091
trained,lda,train,3,-5.0702862146652246,-0.75323903802014047
trained,lda,train,4,-12.279477868103569,0.75066294033891479
trained,lda,train,3,-5.1842069498129693,-0.95786881197335616
trained,lda,train,2,4.6280172798735792,0.20360060785945308
trained,lda,train,2,3.7327666350619655,2.1060741411294499
trained,lda,train,2,3.4277015452451347,-0.23001138760982931
trained,lda,train,3,-4.9666432758377068,0.42194942358571141
trained,lda,train,1,5.5454841337135203,3.4664024099948203
trained,lda,train,3,-4.7946258129099624,1.1435763232079263
trained,lda,train,3,-5.0428500880713063,0.12573004716195493
trained,lda,train,3,-4.2652498655363589,-0.64362517951807885
trained,lda,train,2,3.593049426176099,-1.8805069255881361
trained,lda,train,2,2.9256406266462602,-2.0789283094239819
trained,lda,train,2,3.9918037049392829,-0.97180044228849261
trained,lda,train,3,-4.8166244917621368,0.093967242275754786
trained,lda,train,2,3.6537448437298514,-0.85761075657517982
trained,lda,train,3,-4.8568905231599553,1.4403832176054119
trained,lda,train,2,3.5585433635295529,0.30708877727567863
trained,lda,train,2,3.621956494739806,-0.43214759376897965
trained,lda,train,2,3.1592842593327113,-0.70822018926632246
trained,lda,train,2,3.6610545481139858,-0.087192493180448763
trained,lda,train,2,2.8919558366808804,0.11134603459907429
trained,lda,train,3,-5.0100474488315321,-1.1477555656999687
trained,lda,train,2,3.1232430821806498,-0.10483207747260191
trained,lda,train,3,-4.417411592876368,-0.84759668346506911
trained,lda,train,2,3.6285521017265818,-1.2863705745805636
trained,lda,train,3,-5.4500699114771365,0.83240013389528345
trained,lda,train,2,3.2271183398765171,0.65067151902077736
trained,lda,train,3,-4.964721471118942,0.075122325517424635
trained,lda,train,2,3.1414677740736603,-1.4748457064940335
trained,lda,train,2,3.4976600783002731,-0.23877493689033982
trained,lda,train,2,3.1869078352177063,-0.2057027024934511
trained,lda,train,3,-5.5927420742332448,-1.9815612896561223
trained,lda,train,2,3.3122982231862923,0.70933799685447629
trained,lda,train,2,3.4841503119914941,2.8493060159025752
trained,lda,train,3,-4.5014219224753047,-0.15900267590680522
trained,lda,train,2,3.2957979839891394,-0.45823049113695469
trained,lda,train,2,3.6430458677304891,0.10277978912789226
trained,lda,train,2,3.0790693758049028,0.69482774122472546
trained,lda,train,2,3.3012138570098775,0.442203437284718
trained,lda,train,2,3.914847901263097,0.65996366877753554
trained,lda,train,3,-5.7106625952273173,-1.5153781272054141
trained,lda,train,2,3.8917272803898966,1.0726456437688561
trained,lda,train,3,-3.3604218646531177,0.57437314451450749
trained,lda,train,2,3.359281244534277,-0.94855763992590347
trained,lda,train,2,3.7843299538508703,0.82598287007471793
trained,lda,train,2,3.3681017007352505,0.14953417515985462
trained,lda,train,2,3.7844293708493679,0.38920220510962888
trained,lda,train,3,-5.3218321046834554,-0.35997766181040275
trained,lda,train,3,-4.1691468382195804,0.041288814443228204
trained,lda,train,2,3.6107971495081292,-1.1763231668792047
trained,lda,train,2,3.1931146972094493,1.6725326057886263
trained,lda,train,2,3.6691469760562825,0.37236595834054437
trained,lda,train,2,3.4877755038297527,0.8539994493490396
trained,lda,train,2,-2.7728949885389498,1.193747140069487
trained,lda,train,2,3.4106547801673077,1.4726580754971856
trained,lda,train,2,3.7771601614088857,-0.56830903876841177
trained,lda,train,3,-4.8635398760030837,2.6985285544772193
trained,lda,train,3,-4.6246840123953445,-0.16125551680875594
trained,lda,train,2,3.8027749623200191,0.67571601287728289
trained,lda,train,2,3.5466077223464958,-0.92244625863701124
trained,lda,train,3,-4.2245364746609733,0.96187098558555217
trained,lda,train,3,-4.6503362578948106,0.63633955844696288
trained,lda,train,3,-4.0613988693974905,0.81525046043828653
trained,lda,train,3,-4.1908469674388691,1.5701155641114182
trained,lda,train,2,3.8998922737442445,0.93781866644941814
trained,lda,train,2,3.7566175138761282,0.50062879305608465
trained,lda,train,2,3.3924332202398402,-1.5671067995330317
trained,lda,train,3,-5.1259054989272537,-0.85839933031739957
trained,lda,train,1,12.025831140238473,0.82858810263719007
trained,lda,train,3,-5.04383189672079,1.4625577295416454
trained,lda,train,3,-4.8393576269309362,-1.0240400017304259
trained,lda,train,2,3.3353862198302897,-0.21851593334084893
trained,lda,train,2,3.4147673074736469,-0.50382637146076115
trained,lda,train,3,-5.4223907404215019,-1.6822337936678093
trained,lda,train,2,3.3752116387060864,0.16043786876210087
trained,lda,train,3,-4.7231252870854386,-0.38491590388018865
trained,lda,train,2,3.9592433051536573,0.64454664622467028
trained,lda,train,2,3.9534938308125014,-0.14972694096702721
trained,lda,train,2,3.5747533943823853,0.72804150653207467
trained,lda,train,2,3.2378663633136777,0.59411826364178466
trained,lda,train,3,-5.1366801247117877,-0.72910548455011204
trained,lda,train,3,-3.934294280776105,0.081026911478072811
trained,lda,train,3,-4.1601832020386178,1.9978035956205877
trained,lda,train,2,3.4617229686608795,0.1164220917002808
trained,lda,train,2,3.439362369688022,-0.947407210178417
trained,lda,train,3,-4.7057331951181798,0.19594095299284525
trained,lda,train,2,3.5811377792060561,-0.53727434615717518
trained,lda,train,3,-5.1414952105873102,-1.3863709208276742
trained,lda,train,3,-4.4420335524915773,0.37096831271846226
trained,lda,train,2,-3.2909326960169141,1.7639343884146603
trained,lda,train,2,3.1298405870304666,-0.62223072515378408
trained,lda,train,3,-5.3033119938594391,0.18454683808152522
trained,lda,train,2,3.5885521487451344,0.49094518018090461
trained,lda,train,2,3.8630115829382494,1.5195312353644059
trained,lda,train,3,-4.7511169723085906,0.51082796409367581
trained,lda,train,2,4.3467219814928439,1.1492715959571251
trained,lda,train,2,3.7142657463297586,-1.1379471890192165
trained,lda,train,2,4.0484131494961861,0.24311404066385514
trained,lda,train,2,2.9876753642302858,-0.71680918221645484
trained,lda,train,2,-3.204612134737161,0.60802410784712957
trained,lda,train,2,-2.7777194364440492,2.6013028439707369
trained,lda,train,2,3.453104314165373,-0.19341765802542971
trained,lda,train,2,3.2214409020049892,0.12320354794793097
trained,lda,train,2,3.5223671195825585,1.4095726599538569
trained,lda,train,2,3.3024654515459693,-0.26498364006436798
trained,lda,train,2,3.1925361399366459,-1.5513243315656495
trained,lda,train,3,-5.0908679793758216,1.2372222262438366
trained,lda,train,4,-13.16131134702753,0.68059084381511004
trained,lda,train,3,-3.3803413744395172,0.52153247578144557
trained,lda,train,2,3.2268485637458642,0.5573324430603035
trained,lda,train,2,3.7036769105648553,-0.376191232668665
trained,lda,train,3,-4.3454476286177126,2.794174698758003
trained,lda,train,3,-4.4758476451009619,-0.89995961232916943
trained,lda,train,1,12.127441336175648,0.011780891953710614
trained,lda,train,3,-4.4744143252730755,-0.019853267597839567
trained,lda,train,2,3.275303110013756,0.55005613169945233
trained,lda,train,2,3.5702143267857958,0.34321675094570792
trained,lda,train,4,-12.210745464948799,3.5427126655244372
trained,lda,train,2,3.2614671344215269,-0.39256486218002401
trained,lda,train,2,3.4813917629317053,0.33703334934093621
trained,lda,train,4,-13.311957652506656,-0.41045197853605392
trained,lda,train,2,-3.4471522417273914,1.5959970068502125
trained,lda,train,1,12.23422454172341,2.356252375676454
trained,lda,train,2,3.5911565719583973,0.082784286148446004
trained,lda,train,4,-12.312452710057171,0.47164080123522512
trained,lda,train,2,3.2361465463144983,-0.67546126066615164
trained,lda,train,3,-5.3405160690929048,-1.4378465045496212
trained,lda,train,2,3.9076361059320384,-0.77021148528637817
trained,lda,train,2,3.172667621215238,-0.51294041856933992
trained,lda,train,2,4.0678853188057555,0.49873982186102117
trained,lda,train,2,3.4053624925366122,0.16561596580159571
trained,lda,train,2,3.621987818835207,-0.37353857154120296
trained,lda,train,3,-3.979235631649662,0.37569501704791558
trained,lda,train,2,4.1102172804567401,0.48171414505585491
trained,lda,train,2,3.4964863792590766,-0.91770082536745368
trained,lda,train,2,3.0831883096344073,-1.4794934911171316
trained,lda,train,3,-5.4364383278346171,-0.070416340131266436
trained,lda,train,2,3.8616150051391336,0.59926545569842404
trained,lda,train,2,3.2011053475740332,0.60672355052386406
trained,lda,train,4,-13.427214788491558,-1.6262318684700487
trained,lda,train,2,3.147871094445212,-1.4195361023876438
trained,lda,train,3,-3.2601166941680892,-0.0076134915357456527
trained,lda,train,2,3.5719738696365555,0.67697229662904268
trained,lda,train,3,-3.4228193771871362,2.1209519718839762
trained,lda,train,2,3.5936863119413007,-1.5542706493097513
trained,lda,train,3,-4.7105802684929232,-1.4390453818400508
trained,lda,train,3,-5.2167057807146842,-1.7131400620526072
trained,lda,train,3,-4.9614264854496284,0.52859330159158191
trained,lda,train,2,3.1959221338597552,-1.4994916203707833
trained,lda,train,3,-4.910192618016394,-0.80186519668272793
trained,lda,train,2,3.1066316415083897,0.20711939090668369
trained,lda,train,3,-5.5045949430324495,-1.4004337169834025
trained,lda,train,2,3.4816970688027045,0.70198394817306919
trained,lda,train,2,3.9780817677407962,1.3413057212508841
trained,lda,train,3,-5.0387507792073301,-0.90874241614974971
trained,lda,train,2,3.5942572213187662,1.2487708472814696
trained,lda,train,3,-4.8373330261818905,-1.2498460456082454
trained,lda,train,2,4.079800896934338,1.8146134818757318
trained,lda,train,3,-4.8025313184013294,-0.12535621484509846
trained,lda,train,2,3.7826755205153426,-1.6820608208989516
trained,lda,train,2,3.2694843522989938,1.2313133235576357
trained,lda,train,2,3.5969338577932541,-0.35884732013937209
trained,lda,train,3,-4.9861446733371562,0.56486811927204428
trained,lda,train,2,3.432168936627654,-0.37237170785890505
trained,lda,train,3,-4.5986777877491116,0.30774614799043498
trained,lda,train,2,3.2674567629026323,-0.903939262195397
trained,lda,train,3,-4.1514246426502517,-0.1485306419350601
trained,lda,train,2,4.2844840919567515,2.3154863036636706
trained,lda,train,2,3.3579355941610824,0.047483058081851395
trained,lda,train,4,-12.580400596887102,0.34752032723032478
trained,lda,train,2,3.8590877218520538,0.036011496713476275
trained,lda,train,3,-4.6959613478706927,0.14778111431800856
trained,lda,train,2,-2.9615684816673329,1.2357295063203781
trained,lda,train,3,-5.0405526862891472,-0.7551057209824511
trained,lda,train,2,3.5830498158501114,1.5919135212677449
trained,lda,train,3,-5.1219352146453341,-1.1155675116493264
trained,lda,train,3,-4.7000344990033129,-0.64670304222593444
trained,lda,train,1,12.276923596533026,0.34291024130026931
trained,lda,train,2,3.7795853361024698,-0.77939544050744158
trained,lda,train,2,2.9922143881474841,-0.61982560223213257
trained,lda,train,3,-4.6715172457266068,0.55702036903646746
trained,lda,train,2,3.219992900101321,-0.086941291841197949
trained,lda,train,3,-4.24523500798505,0.44016992497282509
trained,lda,train,2,3.7888743000250074,-0.85987608337403643
trained,lda,train,1,12.125830389193538,-0.14074412174003031
trained,lda,train,2,3.5463321927918501,0.88608451719925463
trained,lda,train,2,3.5377900376892586,0.59649287052505728
trained,lda,train,2,3.1930821457203935,-0.30331661826484063
trained,lda,train,4,-13.481664939256643,-1.3630233669572809
trained,lda,train,3,-5.0857953785256669,-0.81912517477957925
trained,lda,train,3,-4.4811384904560141,0.67138296508721207
trained,lda,train,2,3.6259326172905495,2.2970142936529432
trained,lda,train,3,-4.8137524007224837,1.1443328642766615
trained,lda,train,2,3.1986184252445398,-1.3713409679843616
trained,lda,train,2,3.5024244394223625,0.15632977371280143
trained,lda,train,2,3.3889436784150249,-0.20705529494821825
trained,lda,train,2,3.5448239182472494,0.55213641457424534
trained,lda,train,3,-4.1082990443678966,0.44827354741015857
trained,lda,train,3,-4.717084807577419,-0.29865125705647144
trained,lda,train,3,-4.3690098930553676,-0.76916082558289534
trained,lda,train,3,-4.9659887855837317,-1.1925515527234611
trained,lda,train,2,3.4559434303561374,0.38884709995993427
trained,lda,train,3,-5.2510277869643165,-1.4731304434804791
trained,lda,train,3,-4.8678220520245157,-0.85946002567727242
trained,lda,train,2,3.2163809864638426,1.9409301261378364
trained,lda,train,2,3.5473185569366286,-0.31231576845883391
trained,lda,train,3,-5.4570185788075021,-0.41680385317418206
trained,lda,train,2,-2.3120838075699912,3.0586528576461487
trained,lda,train,2,3.3314844562785844,-0.92957936185824885
trained,lda,train,2,3.4561222302992047,-0.87690292029490524
trained,lda,train,2,3.4424595579306283,-1.2552397675729772
trained,lda,train,3,-4.5290119417241055,0.26867206843864955
trained,lda,train,2,3.5816980629025914,-0.57449577485634684
trained,lda,train,3,-4.8617622128467799,-0.46195475605157271
trained,lda,train,3,-5.2841667370111072,0.36388370030406275
trained,lda,train,2,3.5920686275966469,0.24853750675647235
trained,lda,train,4,-13.455456483586126,1.5329148083219712
trained,lda,train,3,-4.8418933615374211,0.049187634956797725
trained,lda,train,3,-4.6889047638444046,-0.41409316383295736
trained,lda,train,2,3.1926746441365021,-0.024997791794317832
trained,lda,train,2,3.422158136795892,-1.2062052281948368
trained,lda,train,2,3.4722360293580907,-1.5291514641891788
trained,lda,train,3,-5.4649659620612896,-0.96236832549211537
trained,lda,train,3,-5.3621874556554703,0.13695514344511503
trained,lda,train,3,-5.3103074758186555,-1.3592940784345837
trained,lda,train,2,3.1320028812594574,-0.5818318660975772
trained,lda,train,3,-4.5741960452971018,0.91958027709630152
trained,lda,train,4,-11.562528752671771,0.86582353111882615
trained,lda,train,2,3.961342929738854,-0.588303834274023
trained,lda,train,3,-5.4400395598903062,1.9156200911372281
trained,lda,train,3,-4.8653366921626366,1.5411159221369792
trained,lda,train,3,-4.3469931583355663,0.037153299413405394
trained,lda,train,2,3.657807585260906,0.82835491017186991
trained,lda,train,4,-12.305540343725248,-0.19918314327884859
trained,lda,train,3,-4.6516239937174264,1.2103202727496161
trained,lda,train,2,3.9212506756138596,-1.3702375326528726
trained,lda,train,2,3.033085730240797,1.8782835922794692
trained,lda,train,2,4.2673875478202374,-0.28066610503302813
trained,lda,train,2,4.545361825384008,0.79984366670596307
trained,lda,train,2,3.671325155965568,-1.4867581285276821
trained,lda,train,2,3.2472510945511308,-0.364370823491521
trained,lda,train,2,3.6060636613540953,-0.78664168442245153
trained,lda,train,2,3.2061225822991237,-2.2352567425913348
trained,lda,train,2,3.779273961436489,0.30494103641695414
trained,lda,train,2,3.5549808794162812,0.054379510895587277
trained,lda,train,2,3.5002219167663071,-0.0066255249817206742
trained,lda,train,2,3.1840174816595033,1.4838941413877365
trained,lda,train,2,4.0327708090585723,1.1331417385824627
trained,lda,train,3,-3.6685384139386712,0.24438926303690553
trained,lda,train,3,-4.6568361313937263,0.040681705064215742
trained,lda,train,3,-4.7789534855476123,-0.13593764604554004
trained,lda,train,2,3.9630723595868025,0.42789772702006973
trained,lda,train,2,3.3498186853115999,-0.36676219064833998
trained,lda,train,2,3.2235785156261545,-1.5125337671433821
trained,lda,train,2,3.6935512780770003,0.85036701685283644
trained,lda,train,2,3.1159587784246203,-1.6982314289048881
trained,lda,train,2,3.2375757595686374,0.39860888042417153
trained,lda,train,3,-4.712480435770261,-0.22777983386808456
trained,lda,train,2,3.8447868112844001,0.13069287587294709
trained,lda,train,3,-4.8218998081306195,-0.35055155223203677
trained,lda,train,2,3.3603312557290583,0.27804966196915015
trained,lda,train,4,-12.382303675578896,0.9089028116813036
trained,lda,train,2,3.4105207630009695,0.18377194493159163
trained,lda,train,3,-5.284047894282808,1.3454296785496591
trained,lda,train,2,3.5932051811406649,-1.0255012473228433
trained,lda,train,2,3.7432859408997867,-0.94922878170278069
trained,lda,train,3,-3.7921700208485674,0.63509983256907077
trained,lda,train,2,3.6677304316246278,0.30641754847010644
trained,lda,train,2,3.4492381861760615,0.94960198023090436
trained,lda,train,4,-13.697493233907815,-0.86044001271901138
trained,lda,train,2,-3.0346728918365931,0.23721943181301131
trained,lda,train,2,3.8162725496257996,-0.11439345643260083
trained,lda,train,2,3.557832959512913,-1.4457583970889567
trained,lda,train,2,3.4093966372358855,-1.7076485296269575
trained,lda,train,3,-4.824363437306034,0.29723009397476452
trained,lda,train,2,3.7298404246549088,-0.82454863702905856
trained,lda,train,2,3.6301877984859399,0.84730952572612195
trained,lda,train,2,4.1830066130206198,0.77413442130190901
trained,lda,train,2,3.5679700649069654,-0.3680781080145048
trained,lda,train,3,-5.06762320132,0.037797041402850957
trained,lda,train,3,-5.1272616934079061,-0.21599910271316217
trained,lda,train,3,-5.2966551043501751,1.9413339963939493
trained,lda,train,2,3.3027840955598156,1.6422413838470962
trained,lda,train,2,3.6158159036844326,-0.9526183666198087
trained,lda,train,2,3.4384564775023607,-0.33499405417642247
trained,lda,train,2,3.3915566569994269,-1.0092305450921017
trained,lda,train,2,3.1986184252445398,-1.3713409679843616
trained,lda,train,3,-4.6840940034785428,1.0623974067881101
trained,lda,train,2,2.8986194369462543,-1.7223395827804768
trained,lda,train,2,3.3166999136234838,-1.3408399177962109
trained,lda,train,2,3.3361432762301892,-1.4941691363332519
trained,lda,train,2,3.7064210721594035,-0.32080100596230537
trained,lda,train,2,3.6201110136644439,0.44145137097362902
trained,lda,train,2,3.5724254215379871,-0.67085449844686695
trained,lda,train,2,3.1948872641491159,-1.0344955652987524
trained,lda,train,2,3.5319888577295369,0.55832377346709816
trained,lda,train,2,3.8592292785758646,-0.04217103344106217
trained,lda,train,2,3.15803059965104,-1.4917023033982355
trained,lda,train,2,3.3468369926464434,-1.3919364463119617
trained,lda,train,3,-4.8323217707311601,-0.96910686842096516
trained,lda,train,2,3.1722781480482434,-0.83656005187168292
trained,lda,train,2,3.7869521189735758,-0.51392660294387016
trained,lda,train,2,3.6976298977542825,0.6949873451098475
trained,lda,train,2,3.7635694334534975,-0.24292072507358117
trained,lda,train,2,3.6751211198072546,-1.6328547177981609
trained,lda,train,2,3.4026343865892725,0.13835435675736563
trained,lda,train,2,3.9181246634991127,0.14713755018860192
trained,lda,train,2,3.481464765277055,0.47323587891878161
trained,lda,train,3,-4.3337660073148712,-0.49480327939851693
trained,lda,train,2,3.5667037912120674,-0.85176896461620999
trained,lda,train,3,-5.2386397841467316,-1.6181202137501089
trained,lda,train,3,-4.8350768867318079,1.3608575710039645
trained,lda,train,3,-4.4774735505561276,0.91372331945725216
trained,lda,train,3,-5.5191028933805946,-1.8197473897907268
trained,lda,train,2,3.5401917635173987,-1.2919990504605443
trained,lda,train,2,3.6066810324436069,0.47637687839736897
trained,lda,train,3,-4.9838278301056347,0.52744146324841212
trained,lda,train,2,3.7229756000469418,0.67346708622730245
trained,lda,train,2,3.2691523374953539,0.63466539608935635
trained,lda,train,2,3.7622778554985588,0.3605545613663918
trained,lda,train,2,3.6977813127681785,1.5430415345007342
trained,lda,train,2,3.5578417062404086,-0.86286248149084466
trained,lda,train,3,-4.1192717422354406,0.65568108362550837
trained,lda,train,2,4.169106591914459,1.9845059262291558
trained,lda,train,2,3.3915566569994269,-1.0092305450921017
trained,lda,train,3,-5.0462391373602324,-0.28799586161956497
trained,lda,train,2,3.30133503001055,-1.3579304964275765
trained,lda,train,2,3.7016439466426276,-0.72363093553849966
trained,lda,train,2,3.3138407460253756,-0.89391342555544173
trained,lda,train,2,-3.0532044060736738,0.11508419591214773
trained,lda,train,3,-4.4335630280515961,-0.31600233125939076
trained,lda,train,3,-4.3893710019469454,0.0055481168029037926
trained,lda,train,2,3.7006817753962249,0.67772715339174761
trained,lda,train,2,4.18585828026914,-0.43453538014220389
trained,lda,train,2,3.1260798415391413,0.90928169483152443
trained,lda,train,3,-4.6587752666582176,-0.76958569942756483
trained,lda,train,3,-4.4469682488332953,-1.1645382097786328
trained,lda,train,2,3.4978131604475413,-0.34874341970357292
trained,lda,train,2,4.9140504194993531,1.2294595041534533
trained,lda,train,3,-5.1374508024787531,-0.11602893528786393
trained,lda,train,2,3.7400428995660659,0.14227480254868427
trained,lda,train,2,3.0359928281779882,0.21156710886302571
trained,lda,train,2,3.7267894969809037,-0.53864564561844031
trained,lda,train,3,-4.9006340712266905,-1.0589367303900734
trained,lda,train,3,-5.1017104209771258,-1.2163361838185796
trained,lda,train,2,3.7003761064406517,-1.4071842325744381
trained,lda,train,3,-4.8805726597482648,-0.066655524796833301
trained,lda,train,2,3.4486587403669176,0.27142731832065708
trained,lda,train,2,3.6073595657380721,0.43274543008565242
trained,lda,train,2,3.5136771138209353,-0.11313597548374879
trained,lda,train,3,-4.70675702148099,0.41220997596289521
trained,lda,train,3,-3.3008664013314606,1.4817151741173293
trained,lda,train,2,3.1113708844889465,-0.30009184646800469
trained,lda,train,2,3.3977434292184312,-0.09376057498954142
trained,lda,train,3,-4.6657718887042776,1.6308320520643655
trained,lda,train,2,3.4625004791858021,1.8489326873678267
trained,lda,train,3,-4.363922407237208,0.27453597864835039
trained,lda,train,1,11.944733217177985,0.033451031604741201
trained,lda,train,2,3.6131035696347884,0.37355681623276654
trained,lda,train,2,3.7947870832285031,0.1212576703110476
trained,lda,train,2,3.576637364947874,-1.105648006326208
trained,lda,train,2,3.1041772034000576,0.50290504510530754
trained,lda,train,2,3.3522013692178634,-1.1620167170717395
trained,lda,train,2,3.1829596695026319,-0.65955871554553103
trained,lda,train,4,-14.2184625682122,-2.3760369657523026
trained,lda,train,2,3.4628016619734461,-0.55132385416701224
trained,lda,train,4,-13.143150679502904,-1.0611991689969333
trained,lda,train,2,3.4663322763108582,-0.18989783564878635
trained,lda,train,3,-5.2352611318897546,-0.75615101503444671
trained,lda,train,3,-5.4475160589528082,-0.44029866083542496
trained,lda,train,3,-4.8621904638662512,1.1146094035531997
trained,lda,train,4,-12.621158748358431,0.45669721008751918
trained,lda,train,3,-5.28476214690488,1.4515461901588149
trained,lda,train,2,3.8570634733802027,0.437389067764545
trained,lda,train,2,3.3433584078606793,0.13642112995023617
trained,lda,train,1,5.5009321501411916,1.4084737144678505
trained,lda,train,2,3.4552490184614868,0.66489577410501954
trained,lda,train,3,-4.7609251981626421,-1.2155106711674066
trained,lda,train,2,3.4172973670074707,0.13151858358951815
trained,lda,train,2,3.8804790080602101,-0.9138380181597332
trained,lda,train,2,3.2869078666947171,0.86340508333334942
trained,lda,train,3,-5.2574475571021839,-1.3156169753976414
trained,lda,train,3,-4.7812490007424211,-1.1121311201234501
trained,lda,train,2,3.5480570608262725,-0.95376513803248586
trained,lda,train,2,3.5965399012490291,-0.74375650242577973
trained,lda,train,2,3.6456202712888972,-0.55704381768827904
trained,lda,train,2,3.5235122716097944,1.2950411527512178
trained,lda,train,2,3.3915566569994269,-1.0092305450921017
trained,lda,train,2,3.4887541532590949,1.4277602155500091
trained,lda,train,2,2.9956563983453286,-0.45568011841808476
trained,lda,train,3,-4.8834137297303775,0.14177994845261613
trained,lda,train,3,-4.5684794518492327,-0.0085851002595828275
trained,lda,train,3,-4.6249575095566513,1.4377518763510275
trained,lda,train,2,3.5400599880294998,0.12724179411445549
trained,lda,train,2,3.4313923730476952,-0.76306314212708459
trained,lda,train,2,3.3377983546624255,0.26326196078695535
trained,lda,train,2,3.7881531464926135,0.9929885158394236
trained,lda,train,2,3.6065205802263738,-1.4064678753172033
trained,lda,train,2,3.3199497279412773,-0.90866229226855166
trained,lda,train,2,3.4337266564362761,1.3556234885306682
trained,lda,train,2,3.170266804494092,0.62821842694538854
trained,lda,train,2,4.2632201190651191,1.0424281153615713
trained,lda,train,3,-5.244574178570562,-0.86635866558403474
trained,lda,train,3,-5.148593426253762,-1.036781150944305
trained,lda,train,2,3.4586732237220965,-0.67815255742848957
trained,lda,train,1,12.253464144811451,1.8984656480663638
trained,lda,train,2,-2.5708117609084686,0.20907574771434037
trained,lda,train,2,3.3667392215154051,-1.3810084632690613
trained,lda,train,2,3.1580248064007339,-2.0394068015202453
trained,lda,train,2,3.690857936794306,1.4243476967244662
trained,lda,train,3,-4.6889775433329532,0.1709173867051724
trained,lda,train,3,-4.9277803901448758,-1.19234093881716
trained,lda,train,2,3.8328852791856933,0.18749387269166254
trained,lda,train,2,3.1887632905148626,-1.1556931359371381
trained,lda,train,3,-4.5016356836164766,0.25879710994350258
trained,lda,train,3,-4.5088108075503737,0.29761275062004555
trained,lda,train,3,-5.0172959556781986,0.46011576510907853
trained,lda,train,2,3.4189435361435345,-0.87060614185311946
trained,lda,train,2,4.04826443999118,1.1132431764477091
trained,lda,train,3,-4.9722435645175826,1.2167382144972545
trained,lda,train,2,3.3849561402959503,-0.54105023186043621
trained,lda,train,3,-4.7751064081188623,0.073326225869750503
trained,lda,train,3,-5.080169857957979,-0.70883878494317631
trained,lda,train,2,4.0663442555571949,-0.20650390154335094
trained,lda,train,3,-3.1815849603258055,0.20331286247125369
trained,lda,train,2,3.5515229575094205,0.69386613843560085
trained,lda,train,2,3.5128449229041494,-0.43743098778245398
trained,lda,train,2,3.2482422405426119,0.19709695823295967
trained,lda,train,2,3.1849229286571936,-0.88666284380417781
trained,lda,train,2,3.5577231965924589,-0.40602567107101373
trained,lda,train,3,-4.5721531950466536,-0.14217460761093006
trained,lda,train,3,-4.5674383398399883,1.0684004274446453
trained,lda,train,2,3.9328403164293486,-0.93620058526324823
trained,lda,train,3,-5.0504584877218042,-1.2768960328725827
trained,lda,train,2,3.5614928821363017,-1.2389757454412265
trained,lda,train,4,-12.958728488962988,0.14246179196819805
trained,lda,train,3,-3.658987074779585,2.3877761803502722
trained,lda,train,2,3.1123706772080006,-0.70375731556271537
trained,lda,train,2,3.4787345859349297,0.61354964169081894
trained,lda,train,2,3.8238742509994004,0.17280556978691197
trained,lda,train,3,-4.3726638054922597,-0.88762359144035019
trained,lda,train,3,-4.0536321277382479,1.2424761940050766
trained,lda,train,2,3.8266329952803164,-0.99973328460232269
trained,lda,train,3,-4.9051976903827512,-0.81487237438586413
trained,lda,train,3,-4.5051845292169759,-0.45056910088479041
trained,lda,train,2,3.5582083904044071,-0.8800472010894641
trained,lda,train,2,3.6033113621501913,1.0725149947985855
trained,lda,train,3,-4.8658483155604886,-0.77946299463842283
trained,lda,train,2,3.3334715335620015,-0.9386476217633819
trained,lda,train,3,-5.3784864433644044,-1.2695023431971864
trained,lda,train,3,-5.1079815602341059,-0.59457741469701697
trained,lda,train,3,-4.5252815049350517,1.4818623460682956
trained,lda,train,2,3.2702711893519054,1.0011975486180202
trained,lda,train,2,3.2290059890184248,-0.91876456972722353
trained,lda,train,3,-4.7608510855311987,0.76378406084169226
trained,lda,train,4,-13.035831886320754,-0.72780969962877706
trained,lda,train,2,3.4935646065956547,-1.2821040468811402
trained,lda,train,2,3.961080496936094,-0.62763397477396321
trained,lda,train,2,3.2827747759313173,-1.058300660663636
trained,lda,train,3,-4.6267808762928686,0.50454450929451844
trained,lda,train,2,3.5687530185843528,-1.3332717345664302
trained,lda,train,2,3.4224249577984032,-0.27199891396725406
trained,lda,train,3,-5.4005578855396292,0.56762214585073367
trained,lda,train,3,-5.2040982367728077,0.48688099176583044
trained,lda,train,4,-13.39513715687271,0.5887520776229016
trained,lda,train,3,-5.1064893896285399,-0.43391944138624111
trained,lda,train,2,3.6373843865752322,0.41714435874298089
trained,lda,train,2,3.4322292265442842,-0.92305989112984077
trained,lda,train,2,3.1014766018194666,-0.17735147297066139
trained,lda,train,2,4.2396431024949193,0.93091221315499417
trained,lda,train,2,3.5987722577249528,0.14037812605635891
trained,lda,train,3,-5.1018538328978238,-1.3536571239172472
trained,lda,train,2,3.0498628528617062,-1.5565682058781571
trained,lda,train,2,3.6550914470279654,1.0000760784652651
trained,lda,train,2,3.4953675842120049,-0.94531504519123788
trained,lda,train,2,3.7618468908186919,0.03344876105877756
trained,lda,train,2,3.6566145826946119,-0.41703401833873222
trained,lda,train,2,3.5606545306434785,0.66554476793761863
trained,lda,train,2,3.3340286601346865,-0.43190218749875298
trained,lda,train,2,3.9448226699777451,-0.85008754855183788
trained,lda,train,3,-5.2552605924334026,-0.9768727303609841
trained,lda,train,2,3.3680764492406223,0.41085906572064068
trained,lda,train,2,3.392676537870789,0.76094462780595218
trained,lda,train,2,3.1117584355973551,-0.60339673084816858
trained,lda,train,2,3.7577582573741548,-0.37632975031109417
trained,lda,train,4,-13.66186478833173,-0.73185407542545022
trained,lda,train,3,-2.9667041190788446,2.6370990430445795
trained,lda,train,2,3.6791790559515798,-0.29179977402440072
trained,lda,train,3,-4.6662699075193288,-0.43585365217346872
trained,lda,train,2,4.0560034477681066,-0.065582070842773135
trained,lda,train,3,-4.8345954393898953,-0.81420414798152962
trained,lda,train,2,3.5570193473798781,1.2662593379172586
trained,lda,train,2,3.1616718553377328,-0.26254918789700804
trained,lda,train,3,-4.4994588499988524,1.4387717304056209
trained,lda,train,3,-4.3711577608698748,-0.20637239965263046
trained,lda,train,2,3.9229140995311527,-0.9210908495174327
trained,lda,train,2,3.2638310173017393,-1.4585604921584132
trained,lda,train,2,3.3516738492974723,-0.75376958547745809
trained,lda,train,2,3.3514348988030371,-1.1573799052024965
trained,lda,train,2,3.993256831037471,2.3107035984816617
trained,lda,train,3,-5.1508416407079114,-0.61541036367324009
trained,lda,train,3,-5.3652278255328527,-0.46475830004019042
trained,lda,train,2,3.7389960723536109,-0.52880392503458318
trained,lda,train,2,3.5820032588949084,0.62339425428729889
trained,lda,train,3,-4.3959018413398692,-1.1051913869959333
trained,lda,train,3,-4.4218116326625596,-0.814491486010819
trained,lda,train,4,-12.379904210367503,-0.47830457974283802
trained,lda,train,2,3.5714690412564183,0.67563704877526798
trained,lda,train,2,3.3508730766651329,-0.81159332853074695
trained,lda,train,2,3.3949107353857926,0.011495564201255137
trained,lda,train,2,3.5830236475830088,1.8188010327618678
trained,lda,train,2,3.724994750052574,-0.5940943134295239
trained,lda,train,2,3.1986184252445398,-1.3713409679843616
trained,lda,train,2,3.5049277075218672,-0.40807987467859458
trained,lda,train,3,-3.9324763835917005,0.72001219321096532
trained,lda,train,3,-4.9794841275542581,-1.0285187691852791
trained,lda,train,3,-4.8201154964693247,-1.1225159215392451
trained,lda,train,3,-4.7702860236738269,-0.41809677856672339
trained,lda,train,3,-5.5312002539230418,-0.93624723638338325
trained,lda,train,2,4.2524450481882257,1.6924557608118864
trained,lda,train,2,3.2985766127536298,1.1563212093154986
trained,lda,train,2,3.7317613441914159,1.987095865748659
trained,lda,train,2,3.6629370850835641,-0.36535707269132328
trained,lda,train,2,3.3763358846943285,-1.2833527829665914
trained,lda,train,3,-5.3923575420412515,-1.0593695970238231
trained,lda,train,2,3.6255613969066323,0.42265589827084471
trained,lda,train,2,3.5869159675614832,1.6152311722975017
trained,lda,train,2,3.5285436045268854,-0.71243094775194737
trained,lda,train,3,-4.6521188675281158,0.12186186065522615
trained,lda,train,2,3.3382704168235882,-0.7514990624187472
trained,lda,train,2,3.5268754211804043,-0.78836720444503194
trained,lda,train,2,3.5919812468653176,1.1879577329574489
trained,lda,train,2,3.6708596533375988,-1.6745868959627876
trained,lda,train,2,3.5195096321508559,0.13900358952055888
trained,lda,train,2,4.0974580403879237,-0.70611611949933162
trained,lda,train,4,-12.685098062914459,2.1563240434176003
trained,lda,train,2,3.4657314513352535,0.78553958650021893
trained,lda,train,3,-5.19018003190725,-0.72370769274939684
trained,lda,train,3,-4.9158968117528774,-0.51908085035357476
trained,lda,train,2,4.0046130830991027,0.54195689523065427
trained,lda,train,2,3.5950172760954464,2.6584751583873487
trained,lda,train,2,3.8771987617403911,-1.396710255551354
trained,lda,train,3,-4.6029872922743555,0.76261340049926574
trained,lda,train,2,3.8758200164067129,-0.99521760806420634
trained,lda,train,2,3.3753413679418593,0.9756355600896589
trained,lda,train,2,3.2595862918638949,-0.58874039392684419
trained,lda,train,4,-12.812043944811661,-0.54404732968730551
trained,lda,train,4,-12.625854441696742,1.094778183718341
trained,lda,train,2,3.6326249547893195,-1.083673675208791
trained,lda,train,2,3.9175264038083251,-0.82564660429771797
trained,lda,train,3,-4.9259997953587646,-0.349617155586394
trained,lda,train,3,-4.9361461467299019,-0.41213490901838828
trained,lda,train,2,3.8263675235985093,1.1358733094501507
trained,lda,train,2,3.6860484983324819,-0.36085718576301606
trained,lda,train,2,3.696940395428864,1.4036060334640186
trained,lda,train,2,3.2522483420736563,-1.2021970354539995
trained,lda,train,3,-5.2796145276103656,1.6819020247692846
trained,lda,train,2,3.5354873306452763,0.068813982662810275
trained,lda,train,3,-4.7035000307165253,0.11977022022185324
trained,lda,train,2,3.4403754057305544,0.32915842554199726
trained,lda,train,2,3.8967474818038288,0.40550003140685342
trained,lda,train,4,-13.30479290109851,-0.10489654233335594
trained,lda,train,3,-5.3485646538847593,-0.17778381230694826
trained,lda,train,2,3.4413245370983994,0.10383239175259466
trained,lda,train,3,-5.2204965484142942,-0.73207736935568313
trained,lda,train,3,-4.5948546472349907,-0.37047878853708155
trained,lda,train,2,3.5227586228012568,-0.40326889711400421
trained,lda,train,2,4.2022386224337627,0.27054171209781558
trained,lda,train,2,3.6557576972365147,0.60384081099672837
trained,lda,train,2,3.4565646733188329,0.89351301573344732
trained,lda,train,1,11.975795402136779,0.030086521718404549
trained,lda,train,2,4.0302848623477274,-1.210406318317486
trained,lda,train,2,3.6005541781027821,-0.43993848463255542
trained,lda,train,2,3.5575647517472988,-0.48052482742322555
trained,lda,train,3,-5.1436198011158289,-0.83750583579033266
trained,lda,train,3,-4.4375138233484783,-0.34204922356575718
trained,lda,train,3,-4.1686527417193222,2.2090994895831249
trained,lda,train,2,3.1722448278872681,0.52813329861386726
trained,lda,train,2,3.8905482573066115,0.0018594321971447726
trained,lda,train,3,-4.5566961857267625,1.0794993693441948
trained,lda,train,2,3.6112497938533661,-1.2234156613438989
trained,lda,train,2,3.5436296192644341,0.49375306582717543
trained,lda,train,2,3.9047150101477159,0.64981129947986183
trained,lda,train,3,-4.6847338921449753,1.1238643443750618
trained,lda,train,3,-4.2551204591648668,0.61762641417840258
trained,lda,train,3,-4.7904388896668735,-1.1144855759270875
trained,lda,train,2,4.290685998276345,-0.011339622814809294
trained,lda,train,1,12.282125407871559,2.0724036127540395
trained,lda,train,2,3.4177247340477903,1.0022360820158802
trained,lda,train,3,-5.0107078201074504,-0.42547457615467826
trained,lda,train,2,3.9931320528017031,0.96750147496431393
trained,lda,train,2,3.6332300333806531,1.0757761907193262
trained,lda,train,2,3.5945767980788057,-0.63317593953810813
trained,lda,train,2,3.0498628528617062,-1.5565682058781571
trained,lda,train,3,-4.9029031091748667,-0.012553477786707961
trained,lda,train,3,-3.5390083414419409,1.7717199318158259
trained,lda,train,3,-4.6763757333567701,0.046329222155741812
trained,lda,train,3,-3.0966633536765307,2.6310790090770051
trained,lda,train,2,3.702298195296315,-0.95596136544697852
trained,lda,train,2,3.7635939429456235,-0.31564185672705231
trained,lda,train,3,-4.2789427609340951,1.1268412193097044
trained,lda,train,2,3.6938492723483551,0.65268249815389023
trained,lda,train,2,3.8357040285500084,1.5143545057039043
trained,lda,train,2,3.5247875643214175,-0.23806547213094761
trained,lda,train,3,-5.1301042222913384,-0.12367953847987481
trained,lda,train,2,3.5318452434964667,0.80028035687063748
trained,lda,train,2,3.3130840844176195,1.0223414920668903
trained,lda,train,2,3.1510181387369833,0.85820814254103261
trained,lda,train,3,-4.0927470967862636,0.52841363508595718
trained,lda,train,3,-4.3261835177061183,0.86281725951126509
trained,lda,train,2,3.1986184252445398,-1.3713409679843616
trained,lda,train,2,4.0282686510250176,0.74320073129444286
trained,lda,train,3,-4.8554713414001718,-1.2117510384895023
trained,lda,train,3,-4.920761178500646,-0.60123226911153727
trained,lda,train,2,3.4917243484211711,0.70941970562868006
trained,lda,train,4,-13.441964599221103,-0.063619713026613456
trained,lda,train,2,3.5451057708524432,1.7713935769154643
trained,lda,train,2,3.6418584723499245,0.23272563294327656
trained,lda,train,3,-4.8598672639351053,2.4685156538494279
trained,lda,train,3,-4.5334179233551524,-0.12918233359159362
trained,lda,train,1,11.961101103737111,1.2811292259847651
trained,lda,train,2,3.3248766489413453,-0.48955833813901023
trained,lda,train,3,-4.0223986151121975,-0.22291145908015619
trained,lda,train,2,3.1352027229316537,-0.38554010706074815
trained,lda,train,2,3.8838809703507864,1.2481031966471423
trained,lda,train,3,-4.8571257786423043,-0.93678077015890682
trained,lda,train,2,3.2775117026789822,-0.10442650198078555
trained,lda,train,3,-4.5883747137432396,-0.58152867823212318
trained,lda,train,3,-3.7412160029594266,1.089180274018112
trained,lda,train,2,3.652920379388239,-0.61498011148732257
trained,lda,train,2,3.3581525113793407,-1.0455836898618538
trained,lda,train,2,3.2840479856603437,0.48817834922993913
trained,lda,train,4,-13.423184043714503,0.88589345929835717
trained,lda,train,3,-4.4164817825031877,1.828473079816086
trained,lda,train,2,3.6071514472537953,1.10299711965825
trained,lda,train,3,-4.3700750366868206,-0.86147639255419639
trained,lda,train,4,-13.524325358425195,1.0300638755126326
trained,lda,train,3,-5.0032489030034286,-1.6957210726263097
trained,lda,train,2,3.6485097326472919,0.99999275367233742
trained,lda,train,2,3.7579029758825211,-1.1662458211062845
trained,lda,train,3,-4.814099169274404,1.436778751149828
trained,lda,train,2,3.1237163621436959,-0.30727421966611518
trained,lda,train,2,3.5610965544170408,-0.52026122462795377
trained,lda,train,3,-5.0997642284821518,-0.9458231709831868
trained,lda,train,3,-5.3883344802694229,-1.8828084025581071
trained,lda,train,3,-4.6681780504543582,-0.65481164879256337
trained,lda,train,3,-4.9593635117049777,-1.2184017531734768
trained,lda,train,2,3.6557094844035403,-0.72036999992401118
trained,lda,train,4,-12.127278557793225,0.33896163643919613
trained,lda,train,3,-4.7584837655389611,0.64759495721136562
trained,lda,train,2,3.4992133742667368,0.18839194793480557
trained,lda,train,2,3.0266192248262977,-0.36735005934222903
trained,lda,train,2,3.6687681869671964,1.4290957372439708
trained,lda,train,3,-5.4803427526949111,-0.5562958269768935
trained,lda,train,2,3.6309956771916498,-1.0770737894597291
trained,lda,train,3,-4.4886442949824152,-0.86353160090566461
trained,lda,train,3,-3.5955746057229705,0.99776847575986805
trained,lda,train,2,3.1967273537700049,-0.020195077816354462
trained,lda,train,2,3.5641209711140824,-0.21645272258239845
trained,lda,train,3,-4.7033801261840704,-1.7173756607687929
trained,lda,train,2,-2.784988657528245,2.5343486347705029
trained,lda,train,3,-4.7526806173804346,-0.43616784436382039
trained,lda,train,4,-13.188670091347454,-0.82439781382983168
trained,lda,train,2,3.5461016231244109,-1.2433065198588003
trained,lda,train,2,3.3715545364285022,0.78128322184022081
trained,lda,train,3,-4.2596915290348063,0.34168253754040667
trained,lda,train,3,-4.6499308539360378,0.61564310021924551
trained,lda,train,2,3.4302585772300045,0.33534235530511369
trained,lda,train,2,3.7758521482930179,-1.0354080175118365
trained,lda,train,2,3.4545300263272969,0.75516803274747679
trained,lda,train,3,-3.9241560149121817,1.5768535750101254
trained,lda,train,2,3.627678040923247,-1.2487255387145555
trained,lda,train,3,-5.2355933123777278,-0.19230408028439291
trained,lda,train,3,-3.6969111546882707,0.68699599369523556
trained,lda,train,2,3.4613040163035063,0.42197567126555635
trained,lda,train,3,-4.2991770040455295,0.57450096560949793
trained,lda,train,3,-4.3947689459630528,-1.1898569593062756
trained,lda,train,3,-4.8058512591675306,-0.80251089501925033
trained,lda,train,2,3.6021537974742395,-0.079692338370840748
trained,lda,train,1,12.029414088550054,0.97924916518010097
trained,lda,train,2,3.0460924390638859,-1.0163482684546801
trained,lda,train,2,3.498896765521351,0.17414463466416066
trained,lda,train,2,4.2068324542082154,0.084845999436305872
trained,lda,train,1,12.037168145506678,-0.1326137951953382
trained,lda,train,3,-4.8833231704237203,-0.59443885118142337
trained,lda,train,2,4.1208445848681396,-0.2008462471445619
trained,lda,train,2,3.15803059965104,-1.4917023033982355
trained,lda,train,2,3.5220087622470397,-0.35024905740746548
trained,lda,train,3,-4.7300759396492822,-0.75478420504657695
trained,lda,train,2,3.0162185279345932,-1.192229349160445
trained,lda,train,2,3.235595282151984,-0.12405067307157144
trained,lda,train,2,3.4012391362966583,0.88270895291753293
trained,lda,train,3,-5.0419590578280742,-0.19613967379979699
trained,lda,train,2,3.9848995424195812,-0.97476690603637817
trained,lda,train,3,-5.1905972330240306,-0.8149736569322551
trained,lda,train,3,-5.0940680915762622,-0.69619543841363996
trained,lda,train,2,4.2520927657877632,0.28474223602450827
trained,lda,train,2,3.4919505512154907,0.021268223189376469
trained,lda,train,3,-4.7519696441165733,-0.2645522293276743
trained,lda,train,3,-4.5598153262986143,-0.18041420435253594
trained,lda,train,3,-5.0195938802067079,-1.2838489134808411
trained,lda,train,2,3.7907978838975511,0.78834683707523689
trained,lda,train,4,-14.129224868408034,-1.2060098716520524
trained,lda,train,2,3.5717367929123998,0.47227078772337139
trained,lda,train,2,3.9059645692842428,1.1152734308499326
trained,lda,train,2,3.5838097954258386,-0.81760928590969817
trained,lda,train,2,2.9937287688433667,-1.7405657142556767
trained,lda,train,2,3.4523747714994859,0.26968447649538879
trained,lda,train,2,3.7269305876664509,-1.0113945824414199
trained,lda,train,2,3.6488311737607453,0.096060680849551175
trained,lda,train,3,-3.9836985636818798,-0.57112788260967706
trained,lda,train,3,-5.8305877323176167,-1.895000190541918
trained,lda,train,2,3.4120881002043988,0.13105168577572798
trained,lda,train,3,-4.8366969465876704,-0.69648079353951009
trained,lda,train,2,4.0759782191785181,1.2348925245392581
trained,lda,train,2,4.0094894809239809,1.1371143797543164
trained,lda,train,2,3.1870033614602384,-1.8971051158179524
trained,lda,train,3,-4.7834275135031064,-0.45752250624273805
trained,lda,train,2,3.1547804225861853,-0.69156587846947559
trained,lda,train,3,-4.3536078233650581,0.44061808824076026
trained,lda,train,3,-4.9045291782562783,0.49693354814877466
trained,lda,train,3,-4.2433461355414197,0.73759798231492335
trained,lda,train,3,-4.2463679203430758,0.89915456808086902
trained,lda,train,2,3.722660456562414,-0.25522591658116212
trained,lda,train,1,12.101132803136769,0.66088569664905428
trained,lda,train,2,3.0399469307916891,-1.5627615009615465
trained,lda,train,3,-4.8107584459892943,-1.0140124456223141
trained,lda,train,4,-11.941177982956694,0.85692159567207304
trained,lda,train,3,-4.6112486413245763,1.1789723898099222
trained,lda,train,2,3.3262032370824088,-0.33714486853809161
trained,lda,train,3,-4.7003449424971624,-0.33206809272416787
trained,lda,train,2,3.5548698996647379,-1.3305654575040877
trained,lda,train,3,-5.3638522658590162,-1.9358563361202901
trained,lda,train,2,3.5635589264317078,0.4229493462073346
trained,lda,train,3,-4.8706180849974183,-1.1079639848292555
trained,lda,train,3,-4.1378205038386016,-0.53760744478781652
trained,lda,train,2,3.4334201673181646,-1.0103763832962021
trained,lda,train,3,-4.6864065473646015,-0.61066362348190995
trained,lda,train,2,3.4015449717929123,0.17551429541382244
trained,lda,train,3,-4.854699094377815,-0.10131931850344941
trained,lda,train,2,3.4883593806270543,-0.58408932667065339
trained,lda,train,3,-4.4437131724254693,0.44439378127658297
trained,lda,train,2,3.328491042488654,0.83889252313516316
trained,lda,train,3,-4.6993312013994375,-0.858659662716585
trained,lda,train,2,3.5278848775090426,0.81838604930252368
trained,lda,train,3,-4.9411901580723354,1.4199868290526965
trained,lda,train,2,3.4588267312493883,1.1461530532221629
trained,lda,train,2,3.0621245006421303,-0.49165022158017979
trained,lda,train,2,4.0727926151940137,-0.38248879064390684
trained,lda,train,3,-4.2304062326973026,0.27807797133121603
trained,lda,train,2,3.5050849354082096,-1.3568889178972767
trained,lda,train,3,-4.4730175979506823,-0.62985000795050983
trained,lda,train,2,3.6912331593204097,-1.6284502115964721
trained,lda,train,3,-4.8625408364421112,-0.96987005069814147
trained,lda,train,3,-4.4827556960701633,0.17313839265364858
trained,lda,train,2,4.1527071246377281,-0.29893290411995072
trained,lda,train,2,3.4575881157523529,1.6441902894339759
trained,lda,train,3,-4.0021137243515819,0.12422584662639867
trained,lda,train,3,-3.8201530875935692,-0.45873337195209402
trained,lda,train,3,-5.7089081385207212,-0.82647051764818658
trained,lda,train,2,3.4783702311181215,-0.85789482621977431
trained,lda,train,3,-4.8665927425336601,0.060884118660056274
trained,lda,train,3,-4.356685612855701,2.0337976005534699
trained,lda,train,3,-4.4030093786594211,-0.096393180962092942
trained,lda,train,3,-4.0023139138765691,1.4995903890509044
trained,lda,train,2,4.0597383950578445,0.77628469740992934
trained,lda,train,2,3.4162027800010835,-0.33508278063893709
trained,lda,train,2,3.4912344225877256,0.821961606845929
trained,lda,train,2,3.2552634454045197,-1.0930939400800705
trained,lda,train,3,-3.937699465079366,-0.1070483957822652
trained,lda,train,2,3.2618726231578608,1.0691244426023987
trained,lda,train,4,-12.755648590887606,0.60829334519651179
trained,lda,train,3,-4.674266908337664,-0.12448938490368081
trained,lda,train,2,3.5502214029869639,1.3608816471099079
trained,lda,train,3,-5.2350079698152241,-0.41573470934863582
trained,lda,train,2,-3.5774694798649671,2.677342014756952
trained,lda,train,2,3.8099968403166153,-0.38334940229820891
trained,lda,train,3,-4.8744771700114056,-0.4828853918121695
trained,lda,train,2,3.170106474699026,-0.67904905726662024
trained,lda,train,2,3.790498410577809,-0.32348688178215401
trained,lda,train,2,3.0892546985358171,-0.53269343802474212
trained,lda,train,2,3.3935898795791881,0.14334196612080455
trained,lda,train,2,3.3733709836416823,0.47932669220106855
trained,lda,train,3,-5.1084905283389279,-0.43689214253238057
trained,lda,train,3,-5.148366569122758,0.15518792837423159
trained,lda,train,3,-5.0041786975298006,-0.86915847687155201
trained,lda,train,2,3.2235785156261545,-1.5125337671433821
trained,lda,train,2,3.7673552301004163,-0.76731314029263242
trained,lda,train,3,-4.5910601884487505,0.97874972177686104
trained,lda,train,2,3.8076510408606628,-0.18892949081333357
trained,lda,train,3,-4.2443129755476567,1.097606914268856
trained,lda,train,2,3.8026794954413186,-0.47702382372425212
trained,lda,train,2,3.4931260821349075,-0.77295542426915309
trained,lda,train,2,3.4723735203954584,0.098076574558807403
trained,lda,train,2,3.5237728798355161,-0.43388170648488045
trained,lda,train,3,-5.2162532282435521,1.6758554901061546
trained,lda,train,2,3.552282469027654,0.066848947510024945
trained,lda,train,2,2.8415865788492067,-2.132674274257484
trained,lda,train,2,3.9633127325046646,1.6221969253196631
trained,lda,train,2,3.6423197325378593,2.0154073143281201
trained,lda,train,3,-4.5105917747002628,-0.94161222337891148
trained,lda,train,2,3.6821312040963883,0.43780947981586027
trained,lda,train,2,3.309945738938894,0.44435002615415103
trained,lda,train,2,3.3266093525566571,-0.39546512196118688
trained,lda,train,2,3.6842118226226996,0.096264306480543571
trained,lda,train,2,3.2913765808117237,-1.5512819220484932
trained,lda,train,3,-4.3247882740947352,-0.049550935013190092
trained,lda,train,3,-4.188176703773113,0.072254251107221765
trained,lda,train,3,-4.5527019801012587,-0.59499519938201584
trained,lda,train,2,3.5157667014718972,1.2004426004159936
trained,lda,train,3,-4.9161513285310541,-0.18471058277579142
trained,lda,train,3,-4.0031177095224511,-0.17924097937039674
trained,lda,train,3,-4.4344998611004511,-0.27224495583592462
trained,lda,train,2,3.8400692553205382,-0.2354210717724495
trained,lda,train,2,3.5601308343411757,1.6351135392248279
trained,lda,train,4,-13.687551381992462,-0.96395905639801072
trained,lda,train,2,3.2306934365521727,-0.058869676535645593
trained,lda,train,2,3.1558908037895006,1.4272999283096119
trained,lda,train,2,4.2696121266720928,0.18320030698662076
trained,lda,train,3,-4.7081241890821897,-0.41642039781079693
trained,lda,train,4,-13.554571985993984,-1.12733748208
trained,lda,train,3,-3.9561393397248459,-0.20406689398961572
trained,lda,train,2,3.8526503522689901,0.90955083741211373
trained,lda,train,2,3.5050849354082096,-1.3568889178972767
trained,lda,train,2,3.3848528630940629,0.55211269436788069
trained,lda,train,3,-4.9427273360081081,1.3963459047702385
trained,lda,train,3,-4.8939513529139269,-1.0581343741822524
trained,lda,train,2,3.2235785156261545,-1.5125337671433821
trained,lda,train,3,-4.6664290257615271,-0.88647247407664731
trained,lda,train,2,3.4624063069158675,0.089735915053818158
trained,lda,train,2,3.2163231687507987,-1.1755171920438823
trained,lda,train,3,-4.6779453346280473,-0.59055373269834088
trained,lda,train,3,-4.449880452206691,0.62503909990031925
trained,lda,train,2,3.8181687685269106,0.63960434273826561
trained,lda,train,3,-5.3737469675145269,-0.30768967745828563
trained,lda,train,2,3.2485094928826785,-0.13608891447990792
trained,lda,train,2,3.4894102833944682,-1.2998405480118549
trained,lda,train,2,3.956416277072289,2.0806699154196888
trained,lda,train,2,3.1903529725422812,-0.5236222977024062
trained,lda,train,2,3.8193235280912985,1.3335057905922645
trained,lda,train,3,-4.1209932555048576,1.238395777073382
trained,lda,train,3,-4.4825933556558466,-0.75160548930308901
trained,lda,train,3,-5.0576168127941807,-1.0943714694751598
trained,lda,train,2,3.7244607584534579,-0.35929478688061928
trained,lda,train,2,3.1759373760060541,-0.86939838241273704
trained,lda,train,2,3.409488379797954,-1.7668165213313041
trained,lda,train,2,3.7057356234093266,0.60924253749933754
trained,lda,train,2,3.8668263394897626,0.17671536984578556
trained,lda,train,2,3.6144726881633549,-0.60188751976746013
trained,lda,train,2,3.4263008662504619,1.0443626218091924
trained,lda,train,2,-3.5155233575738629,-0.021175195808421067
trained,lda,train,3,-5.3013040889893768,-0.36375176270826087
trained,lda,train,2,4.0693861008077779,-0.53194828040907949
trained,lda,train,2,4.1240543188946557,-0.74329312597856245
trained,lda,train,2,4.4881334999651266,-0.40015308828893548
trained,lda,train,2,3.5244626881191912,0.21025197872530715
trained,lda,train,2,4.2138234962024503,0.94834798069958315
trained,lda,train,2,3.0697512015776129,0.049199956309346482
trained,lda,train,3,-3.3619216264170646,0.069334287204664224
trained,lda,train,2,4.3889848239705982,0.59113714684600582
trained,lda,train,2,3.2609457595958902,-1.2666496215996441
trained,lda,train,2,3.9541382024876994,-0.36943767039033309
trained,lda,train,2,3.7116791256229398,-0.34910411789241158
trained,lda,train,3,-3.8021878905893129,1.599541283528541
trained,lda,train,2,3.3865405023726911,-0.16813682912501227
trained,lda,train,2,3.5875653080973477,1.032992384628034
trained,lda,train,2,3.7669687661684179,-1.1107791485238632
trained,lda,train,2,3.5903299017174133,-0.41888787907729536
trained,lda,train,2,3.4932539000535106,-1.0980373324590535
trained,lda,train,2,2.8844335591883379,0.1672129499428138
trained,lda,train,3,-5.2695828706742738,-2.1077722855576684
trained,lda,train,2,3.7852667913326439,-1.1372160875138382
trained,lda,train,2,3.4357573208787158,0.13333720028159834
trained,lda,train,2,3.2516559128507967,-0.6900341779403395
trained,lda,train,2,3.6687618699693409,2.0409764571906921
trained,lda,train,3,-4.6199439550778081,-0.56370278918785743
trained,lda,train,2,3.4729038911214865,0.66629403260806097
trained,lda,train,3,-5.7708162122185618,-1.3775417677954478
trained,lda,train,2,3.3969016860200338,-1.0627418996318645
trained,lda,train,4,-13.298207790811356,-0.94098526044458974
trained,lda,train,3,-3.7465969619735824,2.3059338342594584
trained,lda,train,1,12.154313480760823,0.36930403011009166
trained,lda,train,3,-4.8177352399713014,1.4277584395745688
trained,lda,train,2,3.7997068044573017,1.0592095291650507
trained,lda,train,2,3.6685883478976447,-0.22044480330115543
trained,lda,train,3,-4.6995949721063361,0.28285751653282581
trained,lda,train,3,-5.4862673348601652,-0.09055806272699779
trained,lda,train,1,12.08755410971207,1.1379831952661159
trained,lda,train,2,3.2606298916625018,-1.0270843750551892
trained,lda,train,3,-4.8880137962345582,-0.89711157183608692
trained,lda,train,3,-4.90525756153834,0.35044991821812588
trained,lda,train,3,-4.3082201550174251,-0.45828507984432393
trained,lda,train,2,3.5845459229781245,-0.77193997167931028
trained,lda,test,3,-4.3079072253295188,0.35250011933775249
trained,lda,test,3,-3.8174584156166738,-0.21873484577884164
trained,lda,test,3,-5.3204674455262371,-0.12591938591719837
trained,lda,test,3,-5.2520562501307824,-0.82375497689105437
trained,lda,test,2,3.5955692233275749,-0.74696672695630328
trained,lda,test,2,-2.9950383100377778,1.0949477628915389
trained,lda,test,3,-4.7823866836555018,0.36300667417794646
trained,lda,test,2,3.4653624897672675,-0.29415924724123221
trained,lda,test,2,3.3107161250437507,-1.118661679652027
trained,lda,test,2,3.5387506610554147,-0.031333517198005041
trained,lda,test,3,-3.8965048469127019,0.87184222356894869
trained,lda,test,2,3.3777256417608039,-0.45088164214425647
trained,lda,test,2,3.2235785156261545,-1.5125337671433821
trained,lda,test,2,3.9807870380145003,-0.36942644634938537
trained,lda,test,2,3.247883174091696,-0.27183415060239507
trained,lda,test,3,-4.650736447937712,0.9993366381462524
trained,lda,test,2,3.7664427261403191,1.2774852297234982
trained,lda,test,4,-11.127639859662661,1.1381261675514627
trained,lda,test,2,3.6052077424784867,-0.26763589610376787
trained,lda,test,2,3.7076687149244956,0.029325868852388363
trained,lda,test,2,3.3157105400478586,0.69202909850004368
trained,lda,test,2,3.2654811886373256,0.40516222649962724
trained,lda,test,3,-4.9849502181403542,-0.67861210897865643
trained,lda,test,2,3.7708491034970613,0.28338945559508405
trained,lda,test,2,3.9601456095166365,0.0092491701122981579
trained,lda,test,2,3.8075701914133382,-0.33649982532245093
trained,lda,test,2,3.4479649346200221,1.1865778630557327
trained,lda,test,2,3.8820914942434528,0.086744352148195467
trained,lda,test,2,3.9259322127832448,-0.85046436838283823
trained,lda,test,2,3.0950059868691087,0.19501099217764625
trained,lda,test,2,3.116149886346987,-0.28228259699955122
trained,lda,test,3,-4.7532895744317818,1.0253295007255883
trained,lda,test,2,3.500062882161437,1.7898894391324613
trained,lda,test,2,3.4576953983825622,1.0484073691900118
trained,lda,test,2,2.9543193554585452,2.1123292042378941
trained,lda,test,2,3.4567781116395921,0.031513610427052738
trained,lda,test,2,3.4776646666708801,-1.1263455415228962
trained,lda,test,2,3.2043247584671395,-0.016967130179994388
trained,lda,test,3,-4.2365062563839144,-0.23700993054641092
trained,lda,test,4,-13.44020394539992,1.3112375322984966
trained,lda,test,2,3.1287916754770513,-1.1215387780613051
trained,lda,test,2,3.21351248519463,0.46060349320531913
trained,lda,test,3,-4.3513232500789201,1.2511917298832513
trained,lda,test,2,3.2431380640161476,-1.22489232276108
trained,lda,test,2,2.9787707381737509,-0.21179908381533538
trained,lda,test,2,3.4419407998948355,0.56355471882140729
trained,lda,test,2,3.3537732760683254,-0.45026831228598374
trained,lda,test,2,3.4900625787982023,-0.71779157427918971
trained,lda,test,2,3.5775627957814198,-2.0492585997088617
trained,lda,test,2,3.2435525519183717,-0.30820576283008394
trained,lda,test,3,-4.8240479502322557,-0.67649311991944949
trained,lda,test,2,3.5201524456391753,0.2396612332916789
trained,lda,test,3,-3.8033651910410553,-0.48051874300951336
trained,lda,test,3,-3.3846326808203413,1.5291318263327189
trained,lda,test,2,3.3419829350104386,-0.24359545273876357
trained,lda,test,2,3.5439513790455499,-0.41319870248910279
trained,lda,test,3,-4.9546665070425489,1.0231098839916597
trained,lda,test,3,-4.7787269174043452,-0.69879729007550906
trained,lda,test,3,-4.3912592909574375,0.98723259626621584
trained,lda,test,3,-4.5448428765114102,-0.59667892285785118
trained,lda,test,2,3.8598983628512689,-0.77466684740615399
trained,lda,test,2,4.1928253331330296,0.690935128899964
trained,lda,test,2,4.163036574265778,1.1194549967207816
trained,lda,test,2,3.3038517931683384,-0.31392501918446925
trained,lda,test,2,3.1558936660297938,-0.17916972982451757
trained,lda,test,2,3.8435588806587715,-0.57689903646993124
trained,lda,test,2,3.9009898849862652,-1.4699086166285873
trained,lda,test,3,-4.8834328632399746,-1.2401874097201553
trained,lda,test,1,12.161691487584323,2.111528897408506
trained,lda,test,3,-5.2614503797002214,-1.3606844368646609
trained,lda,test,4,-12.538746314173261,0.75971102440085603
trained,lda,test,4,-13.901799796511344,0.080217321099588998
trained,lda,test,3,-4.5309759129791036,2.0807264920681456
trained,lda,test,3,-5.1770479979235899,-0.69616655122951754
trained,lda,test,1,12.227987985216355,1.4322979142876486
trained,lda,test,3,-4.6804469036576997,-0.4429154828334953
trained,lda,test,3,-4.2721686830621932,-1.0461443044242238
trained,lda,test,2,3.8283254982293018,-0.77185002373395206
trained,lda,test,2,2.9125104560569097,-1.3454458970000267
trained,lda,test,3,-5.162330149698267,1.0462986224732083
trained,lda,test,2,3.222898783545344,-0.16642659969519596
trained,lda,test,2,4.0993232968305318,-0.78607589202845207
trained,lda,test,3,-5.9748397844682035,-0.088526718106980803
trained,lda,test,3,-5.1969720626308833,0.2233906417940304
trained,lda,test,2,3.4621487712307171,0.15770834995371891
trained,lda,test,3,-5.5048657618516668,-1.3578040874025581
trained,lda,test,3,-4.6451943446024391,-1.1357232459727902
trained,lda,test,3,-5.1461247723251944,0.68880150175728594
trained,lda,test,3,-4.8650789902803169,-0.49899268190110008
trained,lda,test,2,3.6674289785703422,-1.2097131260890466
trained,lda,test,2,3.4826005952165957,0.7733786596905019
trained,lda,test,4,-12.966684706092281,-1.0018991125796939
trained,lda,test,4,-13.774208868061985,-1.5600151617843394
trained,lda,test,2,3.4553592314288331,0.58208532375099675
trained,lda,test,2,3.7426735264295878,-0.023591408259050345
trained,lda,test,2,3.1152739190900096,0.64490227760035235
trained,lda,test,2,3.5596175481690091,0.29346314921311595
trained,lda,test,2,3.4833753753954273,-0.83101447925888172
trained,lda,test,2,4.0847725810781341,0.15215702481826671
trained,lda,test,2,2.9476517016471333,-1.4411259035969046
trained,lda,test,3,-5.3475237362954289,-0.50592508274032411
trained,lda,test,2,3.8136868407193849,-0.37539257172181478
trained,lda,test,2,3.4285037200039485,0.34868340669985931
trained,lda,test,3,-4.6743203385993466,-1.6430254799692159
trained,lda,test,3,-5.1752905115208652,-0.4914261650266073
trained,lda,test,3,-4.0906935566454647,1.9856716484834984
trained,lda,test,3,-5.0751947553213244,-0.66189382592491097
trained,lda,test,2,3.7308274353806397,-0.11366093664311472
trained,lda,test,2,3.4559887984877005,0.97719161222356743
trained,lda,test,3,-4.1517360233380725,2.152857052397668
trained,lda,test,3,-4.6804469036576997,-0.4429154828334953
trained,lda,test,2,3.3332859650470072,0.093418978154338653
trained,lda,test,2,3.5484174332881975,-0.3180972957496131
trained,lda,test,2,3.9741100895918051,0.026545130770319871
trained,lda,test,2,3.2879521798632076,0.18741886509834232
trained,lda,test,3,-4.7907057201867893,-0.65455544859901804
trained,lda,test,2,3.5438982384406534,0.40909911641448771
trained,lda,test,3,-4.9994792753516517,0.12107852975424398
trained,lda,test,2,3.2801533739127389,-1.5846634422264272
trained,lda,test,2,3.2235785156261545,-1.5125337671433821
trained,lda,test,3,-4.3596822133887709,0.69924002986081979
trained,lda,test,2,3.9452142215565695,-0.78436268813993471
trained,lda,test,3,-4.2003756732863531,-0.25339516686285973
trained,lda,test,3,-4.7775092503540098,-0.54239037194045858
trained,lda,test,2,3.4282349289557734,-0.081185854055669207
trained,lda,test,3,-4.9497932213336453,0.3693020361647123
trained,lda,test,2,3.4325647156838639,-0.20071402700744476
trained,lda,test,2,3.2352578099926022,0.62184110121473912
trained,lda,test,3,-5.2121491160095665,-0.31568289596276589
trained,lda,test,2,3.8663832396091293,-1.1212848136022391
trained,lda,test,2,3.3320748915961658,-1.6124066194476057
trained,lda,test,2,3.2779496750276573,-1.4934588100437889
trained,lda,test,3,-5.0806681255141255,0.5452006291306023
trained,lda,test,4,-12.926654509922667,1.2107779167728145
trained,lda,test,3,-4.1367267141647597,1.094959651550379
trained,lda,test,3,-4.7031919162517326,-1.5646016620957606
trained,lda,test,3,-5.1309775739745334,0.093888018418286798
trained,lda,test,3,-4.5268209015006713,0.18504073227954915
trained,lda,test,2,-2.704969780885798,0.23278942137420167
trained,lda,test,2,3.5412607853886406,-0.32935219989186854
trained,lda,test,2,3.1103379788497745,0.1695618132530646
trained,lda,test,2,3.1488909057550072,-0.25427830462137152
trained,lda,test,3,-3.9569865614521991,2.5839404155435148
trained,lda,test,2,2.9418757451726263,-0.094578887169503897
trained,lda,test,3,-4.8584401676887516,-1.2395862433952465
trained,lda,test,2,3.844451198399621,-0.3164483147005806
trained,lda,test,2,3.4094642559306276,0.47485709353244154
trained,lda,test,2,-3.1610404874312801,1.578504423891012
trained,lda,test,3,-4.7738393764082012,-0.075558077808951046
trained,lda,test,3,-4.17110275983622,-0.21660786172084101
trained,lda,test,2,4.1948665533190628,0.88069701837774872
trained,lda,test,3,-4.5787802178820725,-0.75650152117840685
trained,lda,test,3,-3.9056596409654296,1.4266135851711705
trained,lda,test,2,3.5563474023110144,-0.21980839635608115
trained,lda,test,3,-5.1351178664937454,0.55045135628618314
trained,lda,test,3,-5.4976597555746434,0.46425641965670245
trained,lda,test,2,3.8810403160228235,1.2040027499869994
trained,lda,test,2,3.3926067007418284,1.364564511184555
trained,lda,test,3,-4.888998231530632,0.19265900129684851
trained,lda,test,3,-4.734758882654412,1.1043736371170958
trained,lda,test,2,3.6929730312920697,-0.16629271796157741
trained,lda,test,2,4.1360364793184834,2.6044996642236136
trained,lda,test,2,3.3450603266911374,0.49419321963312351
trained,lda,test,3,-5.5684411446566608,-0.62747315007017601
trained,lda,test,3,-5.4273593984293633,0.37183909737716919
trained,lda,test,2,3.4419906416386361,0.78345637721130479
trained,lda,test,2,3.7133400197654858,0.1620882982306098
trained,lda,test,2,3.9062081032162954,0.54476309007107215
trained,lda,test,2,3.6689738365187194,-0.89164122085144604
trained,lda,test,2,3.3728756984687336,-0.16608055749027203
trained,lda,test,2,3.2633985438886177,2.0060379464330782
trained,lda,test,2,3.4190083075796753,-1.3050657440929145
trained,lda,test,2,3.4133893072558918,-0.87255906764865776
trained,lda,test,2,3.7812063857020144,-0.95221425779820901
trained,lda,test,3,-4.8731398773202352,-0.83557958267768551
trained,lda,test,3,-4.7786063901164413,0.94396563108950615
trained,lda,test,2,3.817756940828656,-0.75506598056343421
trained,lda,test,3,-12.230685444885921,2.4333872908074214
trained,lda,test,3,-4.8756770365267936,-1.1500473383817995
trained,lda,test,3,-4.7394840483795742,0.18738426290137877
trained,lda,test,3,-4.2011565853569248,2.360875501945773
trained,lda,test,2,3.9407746617454462,-0.75808544288889279
trained,lda,test,2,3.9063702804479394,-0.32259984377649126
trained,lda,test,2,3.7142657463297586,-1.1379471890192165
trained,lda,test,3,-4.820979484169885,-0.39468668053103872
trained,lda,test,3,-4.6607216556894215,1.4075757964824613
trained,lda,test,3,-4.9162855621240231,-0.50549405143788995
trained,lda,test,3,-5.1998683595642561,-1.3792789708160904
trained,lda,test,3,-5.285129588392623,0.59435617388241757
trained,lda,test,3,-4.1495292637059746,-1.0534119415442318
trained,lda,test,2,3.1357511708314729,-1.0614917713554064
trained,lda,test,3,-4.9256643982532191,-1.1653363279944551
trained,lda,test,2,3.4357547943159892,0.24950507756789631
trained,lda,test,2,3.160594228540317,-0.46285108921818369
trained,lda,test,4,-13.087814155710749,-0.092272861967984357
trained,lda,test,2,3.5217950222021073,0.90932137816314851
trained,lda,test,2,3.5827400037663795,0.68826768767519975
trained,lda,test,2,4.2246194488990492,-0.02229923423958137
trained,lda,test,3,-4.3790395872570835,-0.74112584780195723
trained,lda,test,2,3.5878797139330074,-0.18857033227487671
trained,lda,test,3,-4.8157096282907697,-0.55632762203895669
trained,lda,test,3,-4.9913980024677445,-0.41650734956675234
trained,lda,test,2,3.9231653755800968,-0.42158644681058027
trained,lda,test,2,3.5574905593649198,0.69566169958520063
trained,lda,test,2,3.4465056190143541,0.042633450736966332
trained,lda,test,2,4.1049725673035091,-0.30533805110647688
trained,lda,test,3,-4.3414225949927925,-0.87585569439379374
trained,lda,test,2,3.2993707460815669,-1.0760329939155318
trained,lda,test,3,-5.2537733456676161,-0.51698207070048829
trained,lda,test,4,-12.997891338286234,-0.47477873398438225
trained,lda,test,2,3.4116616625170026,1.3026031878682016
trained,lda,test,3,-4.6827045849855518,-0.72349125700746941
trained,lda,test,2,3.3514908384618494,-1.6388219600725611
trained,lda,test,3,-5.0028496023442415,0.167849580789978
trained,lda,test,2,3.4831205281277389,-0.59259507640955666
trained,lda,test,2,-3.4205146843898766,-0.16737538478152447
trained,lda,test,2,3.6154623271445274,-0.090242866672454861
trained,lda,test,2,3.5165285092092122,0.41273597744422375
trained,lda,test,3,-5.1485656037707388,-0.88367801043987304
trained,lda,test,2,4.0144779414745866,0.067299471240017186
trained,lda,test,2,3.4358074412880319,0.71198869094428252
trained,lda,test,2,3.558739873414575,0.35408747394532758
trained,lda,test,2,3.9087270259167357,-0.56888106166408769
trained,lda,test,2,3.632574387576315,0.65498857540863986
trained,lda,test,3,-4.8374677209993067,-0.47221839070269539
trained,lda,test,2,3.3468436143192233,-1.8993346965267111
trained,lda,test,3,-5.0167677862128741,-0.10316161078561446
trained,lda,test,3,-3.1947612903381351,1.0632964213308347
trained,lda,test,2,4.4310539238662123,0.95403837110153478
trained,lda,test,2,3.3261250569910485,-0.86187852056850733
trained,lda,test,2,3.7129033522270296,0.48021159092558019
trained,lda,test,2,3.6904484572965486,-0.38398426982599765
trained,lda,test,3,-4.4197287023096408,-1.0248046886862701
trained,lda,test,2,3.4406834699916411,0.8134708011972217
trained,lda,test,2,3.4866893956700582,-0.26146350427656229
trained,lda,test,2,3.5399897892705359,-0.14549731867741802
trained,lda,test,2,3.9995537690896077,-0.19760272008603919
trained,lda,test,2,3.6048791485500957,1.0609544628062786
trained,lda,test,3,-5.3191301751807867,-0.17638567709166253
trained,lda,test,2,3.1366040310366685,-0.68407108180637388
trained,lda,test,3,-4.556028382528563,0.82943746385203598
trained,lda,test,2,3.6697750686774397,-0.58456456300446569
trained,lda,test,2,3.6550076177226281,-0.087018268389749243
trained,lda,test,2,3.305582544760159,0.27979558642028124
trained,lda,test,2,3.7531402785512595,0.74397583450850935
trained,lda,test,2,3.9034501096475882,1.7190078931361614
trained,lda,test,2,3.7697285419572912,-1.502258038879843
trained,lda,test,2,3.3419669953069118,-0.99151861924052576
trained,lda,test,2,3.4886221556843924,-0.92205666578920398
trained,lda,test,3,-5.2655894646153119,-0.68319545099592305
trained,lda,test,2,3.7926013413833517,0.38042572695076515
trained,lda,test,3,-5.288066457818819,-1.7341654847671888
trained,lda,test,3,-4.5008155354617321,0.6500836111420436
trained,lda,test,2,3.3590799057055207,0.19683877459678051
trained,lda,test,3,-4.2965131358505646,2.3159797081650497
trained,lda,test,3,-12.104770727663006,-0.40342933430151745
trained,lda,test,3,-3.4850918881920596,-0.076034289740087038
trained,lda,test,3,-3.6411154784136697,-0.23897817747718372
trained,lda,test,3,-4.527589578056701,1.5800214956410115
trained,lda,test,2,3.6154350822188452,-0.71206471015125727
trained,lda,test,4,-12.919526765137736,-0.96741731562467104
trained,lda,test,2,3.8315307025290317,0.16265509425894023
trained,lda,test,3,-4.2155771663894592,2.8373072447058432
trained,lda,test,2,3.6417507652840651,0.70438335901795091
trained,lda,test,2,3.4895247259726263,-0.88822803681755769
trained,lda,test,2,3.7904398990449208,0.38233813420038387
trained,lda,test,3,-4.8753422448748998,2.2152737445320887
trained,lda,test,3,-4.5825483924786257,1.9281239919185831
trained,lda,test,2,3.7333915517256271,0.36387788529133752
trained,lda,test,2,3.7071177742121599,1.9794840690663151
trained,lda,test,3,-4.2009819934308252,-0.089882620320667711
trained,lda,test,3,-4.8680421432940779,-0.22235076584179911
trained,lda,test,2,3.2648243809791468,-0.98532776047695469
trained,lda,test,2,3.3471524557489549,-1.156829970208779
trained,lda,test,3,-4.8001958692103948,0.85759930948949792
trained,lda,test,2,3.2091441868456565,0.51763039792734422
trained,lda,test,3,-5.1540759798791607,-0.053060906571331258
trained,lda,test,2,3.5110819910731976,0.88362286856793426
trained,lda,test,3,-4.8938829560022636,-0.098030928915152263
trained,lda,test,2,3.488584252573312,0.5039701737143224
trained,lda,test,2,3.7125140206202962,-0.36103440810256043
trained,lda,test,2,3.9983873561731529,0.87813121406069428
trained,lda,test,2,3.0962219907166575,-2.0684014945161429
trained,lda,test,2,3.079330137406195,1.5237328130915517
trained,lda,test,3,-4.4800688172504319,-0.33954558687209341
trained,lda,test,3,-4.688808828951478,0.62026564642627913
trained,lda,test,2,2.805309867904568,-0.24367029039583699
trained,lda,test,2,3.3193237142913832,0.99824647753102413
trained,lda,test,3,-4.9901683345794092,-0.85806060432068532
trained,lda,test,3,-4.8025083783637603,1.1639939606631307
trained,lda,test,2,3.6856462159563623,0.36817554399908586
trained,lda,test,3,-5.400522211647095,-0.90153983603880905
trained,lda,test,2,4.0352706377628698,1.1935447092987361
trained,lda,test,2,3.1945769756534084,-0.039865425581958366
trained,lda,test,4,-14.067898355129705,0.22925356595536428
trained,lda,test,4,-12.737089834266424,0.63605180094137159
trained,lda,test,3,-5.1372343659062603,0.16366186419974488
trained,lda,test,2,3.5689241275561101,1.7230604039933908
trained,lda,test,3,-3.9060398344961418,-0.20996898485941462
trained,lda,test,2,3.4851684873384863,-1.2052061220769783
trained,lda,test,3,-4.4790675358378689,-1.2820893520165411
trained,lda,test,2,3.2338791186253824,-1.3881439172222692
trained,lda,test,2,3.2620039092858684,-0.66033333263128613
trained,lda,test,3,-3.734700838210756,0.66006891388418276
trained,lda,test,2,3.804484763608913,-0.19853296068543994
trained,lda,test,3,-5.273863417240138,-1.2645687738700173
trained,lda,test,2,3.3561453475963852,-0.36612379027042208
trained,lda,test,2,3.2556663744235608,1.707117064495506
trained,lda,test,2,3.2771181532627045,-0.11079381435617457
trained,lda,test,3,-4.3113676324683379,1.3868487344841958
trained,lda,test,4,-13.229084300975009,1.1909815720922108
trained,lda,test,3,-3.9599221987191919,-0.55916809544062174
trained,lda,test,2,3.2254976897076655,-0.79267170446194102
trained,lda,test,3,-4.5053061867607083,-0.88098262543043515
trained,lda,test,2,3.9907678033483074,1.3105276642668149
trained,lda,test,3,-5.3432212901223757,-0.74943489799611651
trained,lda,test,3,-5.4020603745227813,-0.2481992445266549
trained,lda,test,2,3.2364206962718183,-0.49733898531424003
trained,lda,test,3,-4.9863045461443232,-1.7354294308945539
trained,lda,test,2,3.3851931903503147,-0.84070926361811726
trained,lda,test,2,3.6410224961468689,0.57159200947886257
trained,lda,test,2,3.3915566569994269,-1.0092305450921017
trained,lda,test,2,3.6506525487235231,-0.74434645154601942
trained,lda,test,2,-3.0193251774556842,3.2486541877441413
trained,lda,test,2,4.0217370501961573,-0.47378482455179266
trained,lda,test,2,3.5888373491737222,0.68638592933026776
trained,lda,test,2,3.4203704465051188,0.22233402869702759
trained,lda,test,2,3.4369020910610475,-0.068181087701590593
trained,lda,test,2,3.42050149726234,-1.4193981922482273
trained,lda,test,3,-4.7328121810333723,-0.73569958262210022
trained,lda,test,2,3.4883389329898526,-0.70108819349872054
trained,lda,test,2,3.4894102833944682,-1.2998405480118549
trained,lda,test,2,3.7422460841462617,0.87004081011997891
trained,lda,test,2,3.3862211398295856,-0.30105257938410751
trained,lda,test,3,-4.9144258642177938,-0.76484982178477234
trained,lda,test,2,3.2998756100622475,-0.0013675068666771102
trained,lda,test,2,4.4018410721624184,0.7426640874629048
trained,lda,test,2,3.5961397213097133,-0.84223803052374446
trained,lda,test,3,-4.9844427798227926,-0.97518938270233824
trained,lda,test,3,-11.7444868070745,2.6092228727036084
trained,lda,test,3,-4.2781316121020367,1.7425098230713167
trained,lda,test,2,3.442709221178093,0.18803674040544477
trained,lda,test,2,3.2365819168119163,-1.8885299185297173
trained,lda,test,2,3.6610626861348492,0.9201013097902091
trained,lda,test,2,3.1872887137690666,1.3616659695439268
trained,lda,test,3,-4.6750067965508713,1.0085820727589607
trained,lda,test,3,-4.1092030081533082,-0.32554375351751924
trained,lda,test,2,3.4314190056840128,0.1776126415014217
trained,lda,test,3,-5.1851204843835443,0.83946875394437759
trained,lda,test,2,3.5062423043872908,1.0678721339474246
trained,lda,test,2,3.4697164501319362,-0.96808228248454797
trained,lda,test,2,3.7662903968987278,0.016206384559969204
trained,lda,test,2,3.9525966737994005,-0.3281788199363862
trained,lda,test,2,3.8798559807285411,1.3268284848674381
trained,lda,test,3,-5.3805900006278016,-1.6993327712845208
trained,lda,test,2,3.5911565719583973,0.082784286148446004
trained,lda,test,3,-4.9779598246573142,-1.0325925843105888
trained,lda,test,3,-4.5974188369655504,1.397346483541327
trained,lda,test,3,-4.2082082784421369,-0.82082018185391104
trained,lda,test,1,12.028437028954537,0.86105978329189703
trained,lda,test,2,3.6168226194120709,0.29175401270491141
trained,lda,test,2,3.4753716935830576,0.73983136296960272
trained,lda,test,3,-5.589023478593611,-1.0945024924607303
trained,lda,test,2,3.6939356020547871,0.76737689473858361
trained,lda,test,2,3.8038723452622767,1.0473748558163116
trained,lda,test,2,3.3893217444533592,-1.7560571134414975
trained,lda,test,2,3.9827391660087361,1.8036747473201979
trained,lda,test,3,-4.4373348668104811,1.5974867331249474
trained,lda,test,3,-4.6012950635358543,0.36932551662867497
trained,lda,test,3,-5.1555935960152706,-1.0220053034992951
trained,lda,test,3,-5.4778368312539758,-0.93511182310101759
trained,lda,test,2,3.5230595974069097,0.22998098606305667
trained,lda,test,2,3.4081296760703723,-0.98269990931410411
trained,lda,test,2,3.4450006992667985,1.0351497949970174
trained,lda,test,2,3.3131498903590693,-1.3209833598599856
trained,lda,test,3,-4.2916522481808173,0.61664884113973395
trained,lda,test,3,-4.8702541129954202,-1.1332823713735216
trained,lda,test,3,-4.8369173509630565,0.063280015279313678
trained,lda,test,2,3.3084422237061721,1.0253137515070487
trained,lda,test,3,-3.9617924697616682,1.5423441365100741
trained,lda,test,4,-12.333133246784936,0.044136989298600882
trained,lda,test,2,3.8832807504844822,-0.28551679924393353
trained,lda,test,2,4.2425869564928398,-0.16295040228372332
trained,lda,test,2,4.1443464926460756,0.92055109701169002
trained,lda,test,2,-3.3626484348277232,1.067369062855283
trained,lda,test,3,-4.7793415710116633,-1.3567039393524052
trained,lda,test,2,4.1808051889117692,1.0624580255587559
trained,lda,test,3,-4.7590870402983994,-1.9897326533053017
trained,lda,test,2,3.5275123779515241,-0.56512126068582458
trained,lda,test,2,3.4682247086650211,0.65142466484829531
trained,lda,test,2,3.6946193501924842,-1.2492972476005082
trained,lda,test,2,3.5630716709529278,-0.85251161853187352
trained,lda,test,3,-5.0276000046813927,-1.1683280219909689
trained,lda,test,3,-4.5331704237754122,0.032713960846987647
trained,lda,test,2,4.0846429966453508,1.1237321822470652
trained,lda,test,2,3.6248257153159429,-1.3106240906769178
trained,lda,test,2,3.2064015805783725,-0.053651683924988348
trained,lda,test,2,3.0586666514094287,0.14483535484756421
trained,lda,test,2,3.714851964573449,-0.010122150289776331
trained,lda,test,2,3.4542940160023465,-1.5567625544287036
trained,lda,test,3,-4.8488117149125998,-1.2356251818006581
trained,lda,test,2,3.0066650781961877,-1.3352027438117109
trained,lda,test,3,-5.0488509717718033,1.7525440856225929
trained,lda,test,2,3.1834179374594136,-0.75271560153107386
trained,lda,test,2,3.6035440263236462,1.2567553534303306
trained,lda,test,2,3.4501251980609569,-0.46467974169125814
trained,lda,test,3,-4.8187715624567558,-0.17024928837728451
trained,lda,test,4,-13.236079629596144,0.42429412869234423
trained,lda,test,3,-4.8876901678373388,-0.46210651252542473
trained,lda,test,2,-3.2324730924812468,0.84147361937807785
trained,lda,test,2,3.3409100077050935,0.77765562611082972
trained,lda,test,3,-4.8744034893841883,-0.24363384116286249
trained,lda,test,2,3.7662618553274871,0.81898594417010007
trained,lda,test,3,-5.3221011079031983,-1.8024561923246301
trained,lda,test,2,3.1361338198751505,-0.47993628766095692
trained,lda,test,3,-4.6661142797003832,-0.24623912300936071
trained,lda,test,2,3.9739863792516226,1.833158776735679
trained,lda,test,3,-4.8470841306392209,0.70207902011657164
trained,lda,test,2,3.3553632345214988,-0.52271173078743816
trained,lda,test,2,3.6176423295483793,1.8659132062692585
trained,lda,test,3,-4.8417690878996735,-0.80750560969624696
trained,lda,test,2,3.256813268334803,1.2551240062810258
trained,lda,test,2,3.5807816326245074,2.280215638246553
trained,lda,test,2,3.7542427473898461,0.16756759153457626
trained,lda,test,2,3.6116676561963468,0.62826870247729338
trained,lda,test,2,3.688123270138318,-0.92536436758395268
trained,lda,test,4,-13.592365572862285,-0.24016245187829693
trained,lda,test,2,3.2748962957631287,-1.1644875063266837
trained,lda,test,2,3.5381746093650128,-0.90238345278848586
trained,lda,test,2,3.8686025568380717,0.44186052406586185
trained,lda,test,2,3.4932637220510738,0.58615979069977264
trained,lda,test,2,3.337573001015993,0.2456369896629233
trained,lda,test,3,-5.0188602044346897,0.22217452090273887
trained,lda,test,3,-4.0850630058367026,-0.5058444118112202
trained,lda,test,2,3.4517304359349956,-1.0778198659540601
trained,lda,test,2,3.3663845013324583,-1.4356028159860783
trained,lda,test,2,3.4368769381157378,-0.34931770539020479
trained,lda,test,3,-4.9625438178122936,-1.0245520863377255
trained,lda,test,2,3.3325559122870052,-0.38348360128028741
trained,lda,test,3,-11.392238802034099,1.7547709808210372
trained,lda,test,2,3.3592886042079266,-1.7672541010482925
trained,lda,test,3,-5.452034927875185,-0.93070235968121495
trained,lda,test,3,-5.259058328246879,-1.0589523315999043
trained,lda,test,3,-4.4034659937286715,-1.2671569351336587
trained,lda,test,2,3.543186065782757,-1.3806660739551158
trained,lda,test,2,3.2395092837284967,0.45431911123495339
trained,lda,test,3,-5.723734936109075,-1.5643586972581394
trained,lda,test,2,3.1659708734494814,-1.2259451098316156
trained,lda,test,2,4.2142972510866556,0.053313347476220324
trained,lda,test,3,-3.8893085657723487,2.0654970989449932
trained,lda,test,1,12.162080476053996,2.0192923038196797
trained,lda,test,3,-4.6664446906712795,0.51104923451091799
trained,lda,test,2,4.1528554363788395,1.4275197472367858
trained,lda,test,2,3.3094242749729976,-0.6048798382368219
trained,lda,test,3,-5.0655149768723859,-1.0246221895757268
trained,lda,test,2,3.4845169663510074,-1.1694739013816804
trained,lda,test,2,4.0431906586648703,0.65906961205796211
trained,lda,test,2,4.249481508709736,1.1090262650302856
trained,lda,test,2,4.0574955098151495,-0.28336385182529711
trained,lda,test,2,3.2392201740184796,-1.4128375855743733
trained,lda,test,2,3.4880503894132704,-0.68476386070993367
trained,lda,test,2,3.4083968583568516,0.36087224060107753
trained,lda,test,3,-4.198885117196208,-0.43095352324645042
trained,lda,test,2,3.4420556647873228,0.80196304748230551
trained,lda,test,2,3.2939595711379708,-0.3101092579852936
trained,lda,test,3,-4.479771409963301,0.52775156959265179
trained,lda,test,3,-5.381821368226432,-1.473044821083819
trained,lda,test,3,-3.0416015278940107,2.082662656122209
trained,lda,test,2,3.0498628528617062,-1.5565682058781571
trained,lda,test,2,3.4810909912699435,-0.095269657577738018
trained,lda,test,2,3.4772675702387197,-1.1543728323021836
trained,lda,test,2,3.6626236595981627,0.85132275709955563
trained,lda,test,2,3.9733029510609521,-2.0231444367791025
trained,lda,test,2,3.554692116052427,0.054492580958266652
trained,lda,test,2,3.4571643228889029,-1.0691014876138232
trained,lda,test,2,3.0859450507137867,-2.0226349519255331
trained,lda,test,3,-4.2525241482514904,-0.47385370225133155
trained,lda,test,3,-5.1933089587467887,-1.8991375222681446
trained,lda,test,3,-4.4576348890884008,0.082198239028497905
trained,lda,test,3,-4.5767090002006503,-0.73473332379139833
trained,lda,test,3,-4.8242271660348086,1.9383555245847754
trained,lda,test,2,3.0498628528617062,-1.5565682058781571
trained,lda,test,3,-4.7436802825909838,0.50186527345387255
trained,lda,test,2,4.0796486726944563,0.38781210082701184
trained,lda,test,2,3.2381788782632959,0.026206000445907793
trained,lda,test,3,-4.414232169523733,-0.78677948120868391
trained,lda,test,2,3.4346426645657551,-0.90972563733575251
trained,lda,test,3,-5.0294779983206954,0.044005403981822011
trained,lda,test,2,3.6028644684047508,0.2613489023713963
trained,lda,test,3,-4.8024596399510475,-0.11109600372353054
trained,lda,test,2,3.3286028904849272,1.7629814867426501
trained,lda,test,2,3.5809184375271763,0.5576168577452576
trained,lda,test,2,3.3645003681479193,0.43391714179740232
trained,lda,test,2,4.0394726538207584,1.1138734870617202
trained,lda,test,3,-4.7986391405035702,0.88119519404404134
trained,lda,test,2,4.1488545134593009,1.0847228420546478
trained,lda,test,2,3.7090847993914906,0.4042434055989273
trained,lda,test,3,-4.7242786249750921,0.14615875424086577
trained,lda,test,3,-5.1981849204087531,-0.41730110276982008
trained,lda,test,2,4.4000611015130309,-0.0052628735114676204
trained,lda,test,2,3.3447527220480802,-1.8236636827633956
trained,lda,test,4,-12.628602842089482,-0.32981168526868831
trained,lda,test,2,3.6074205160143213,1.0771937154419307
trained,lda,test,2,3.7247234851470479,0.11569924042522844
trained,lda,test,3,-4.4103122148805314,0.35251111987771122
trained,lda,test,3,-4.3360362351640962,0.45282716367894316
trained,lda,test,3,-5.8420596957106765,-1.1830492002758632
trained,lda,test,3,-4.2474400371023089,-0.22451749968811069
trained,lda,test,3,-5.6084494736758419,-0.79677823525721925
trained,lda,test,2,3.2959772145827322,-0.870170791863905
trained,lda,test,3,-4.6498905629408673,0.28860387804706672
trained,lda,test,1,12.111156450890048,2.8139362591382131
trained,lda,test,3,-5.6904905329901396,-1.8006434313520177
trained,lda,test,2,3.1168283573270554,1.1424443732080563
trained,lda,test,3,-4.8834328632399746,-1.2401874097201553
trained,lda,test,2,3.5412662073460304,0.47638654652195689
trained,lda,test,2,3.1303476136103372,-0.49142818560669138
trained,lda,test,2,3.4300404225914316,-0.88275275665912722
trained,lda,test,2,3.4387936031653008,0.3099296734211327
trained,lda,test,3,-5.8495632728921043,-1.4018985189527973
trained,lda,test,2,3.6752501079614293,1.7938915476208932
trained,lda,test,2,3.1516922813861346,-0.92419336381165984
trained,lda,test,3,-4.7592422824460785,0.66511822446720203
trained,lda,test,3,-4.5109069797178325,-1.4651547606392881
trained,lda,test,2,3.5111158767497623,1.2192802017499904
trained,lda,test,3,-4.822767987026614,1.2421450629901412
trained,lda,test,3,-3.8971256155400531,1.3113772815771698
trained,lda,test,2,3.8779485587964531,-1.080561837899225
trained,lda,test,2,3.654723420581222,1.094965321130533
trained,lda,test,2,3.772661302667589,-0.24206001320998646
trained,lda,test,3,-4.5502249243906423,1.6042688099931857
trained,lda,test,3,-5.4493789320082699,-0.17298596598608407
trained,lda,test,3,-5.0008067402920959,-1.9854501630461521
trained,lda,test,2,3.6938648589225465,-0.51820722971304689
trained,lda,test,2,3.006101780672108,-0.31529669496021229
trained,lda,test,2,3.2171859344956699,-0.63090522485713407
trained,lda,test,3,-4.765671843265773,0.80964154607691741
trained,lda,test,3,-4.1752455046876822,0.29540576651152151
trained,lda,test,2,3.6509270082057963,-0.69950944547811433
trained,lda,test,2,4.3513668892081849,-0.99648692243734549
trained,lda,test,2,3.4426292193182007,-1.1264878807206389
trained,lda,test,3,-5.2334908564385509,0.49946812739362173
trained,lda,test,2,3.7709448580522968,1.159382728287631
trained,lda,test,2,3.3439120842845083,-1.307660364656414
trained,lda,test,3,-4.8246099231486737,0.96760513272486859
trained,lda,test,3,-5.3566599215234794,-0.16324020698706734
trained,lda,test,2,3.0986169014333727,0.22857361133509638
trained,lda,test,3,-5.0517177811125746,0.48547690222865164
trained,lda,test,2,3.9554674583290699,1.2958483658775475
trained,lda,test,2,3.1267456522120964,-1.2223147427898198
trained,lda,test,2,3.4376675413787083,-0.054470096396013065
trained,lda,test,2,3.1259925780698627,-0.60136977542386916
trained,lda,test,2,3.0887183101767528,-1.1638621723948093
trained,lda,test,2,3.673246914518332,-0.28065161084926893
trained,lda,test,2,3.407840520556261,0.019508816308991823
trained,lda,test,2,3.2349234681232666,0.68248623492593896
trained,lda,test,2,3.2551594158507964,-1.3106806538780598
trained,lda,test,3,-5.3642253277495948,0.50113322440348285
trained,lda,test,2,-3.4394125967365419,-0.030262633162327253
trained,lda,test,3,-4.5961012353197237,0.13053873259465915
trained,lda,test,2,4.0495415099874927,-0.15810477651375598
trained,lda,test,3,-4.1962131937298093,1.8993791797546411
trained,lda,test,2,3.1790947536257965,0.05425613535252289
trained,lda,test,2,3.2442783419865955,0.10509961122252132
trained,lda,test,2,3.565887608690641,0.40931305579994098
trained,lda,test,2,3.7824575475008575,1.251543518564479
trained,lda,test,3,-4.8133458446207644,1.7192097091181284
trained,lda,test,2,3.9997482239788757,0.68479925444373724
trained,lda,test,3,-4.9516468275676111,-0.60689455334825293
trained,lda,test,3,-4.4822951362379495,0.32705353076905835
trained,lda,test,3,-5.1229140878010861,-1.0506337661997514
trained,lda,test,3,-4.8144362718108544,-0.5059932353514025
trained,lda,test,2,3.8888924693529243,-0.12874428711969246
trained,lda,test,3,-5.0271676341932476,-1.2115767505598951
trained,lda,test,2,3.564986652754357,0.98703950158574805
trained,lda,test,3,-5.5632047446726798,-0.56239917487665292
trained,lda,test,3,-4.2785813487445603,-0.46756302702129399
trained,lda,test,2,3.4606692025448131,-0.16642387487462357
trained,lda,test,2,3.5385458773150553,-1.4578036558670717
trained,lda,test,2,3.493138666638707,0.025097380507498591
trained,lda,test,2,4.3406230362356375,0.79179063685440265
trained,lda,test,3,-5.7591367462569929,-0.86983678065965708
trained,lda,test,3,-4.2513705348063873,-0.46725342873795606
trained,lda,test,3,-5.4115900285353922,-1.1533901178433108
trained,lda,test,3,-4.9671714548378549,0.97003725318385026
trained,lda,test,3,-5.2429095372843726,-1.0047556068310015
trained,lda,test,2,3.3672755183364766,0.68976096287819311
trained,lda,test,1,12.259630036577722,1.0968969090444887
trained,lda,test,2,3.7923529108895999,1.0175706529237307
trained,lda,test,3,-5.1906470921480539,-1.0897080546122555
trained,lda,test,3,-5.3910428116838114,-0.59542746936018431
trained,lda,test,2,3.2230516709606269,0.11437314624430618
trained,lda,test,3,-5.4114481673752852,-1.5280185775859891
trained,lda,test,2,3.4845169663510074,-1.1694739013816804
trained,lda,test,2,3.1260480967318749,0.62420223958877152
trained,lda,test,3,-5.3539061848756484,-0.048747314975348149
trained,lda,test,2,2.9788376542064046,0.28531167114613315
trained,lda,test,2,3.6636763265863075,0.043784261010952091
trained,lda,test,3,-4.6225809625742045,-0.37078852722165584
trained,lda,test,2,3.8983342019127409,-0.24588707764324327
trained,lda,test,3,-5.1086474199477099,-0.85228481480014384
trained,lda,test,2,3.3667392215154051,-1.3810084632690613
trained,lda,test,2,3.9809086151608244,0.11751554358706878
trained,lda,test,2,4.4406605967607158,0.26643693940466801
trained,lda,test,2,3.3805229764873204,-0.33173951172116606
trained,lda,test,2,3.0399469307916891,-1.5627615009615465
trained,lda,test,2,3.6280380384867135,-0.81653074533346415
trained,lda,test,2,3.5899547650171701,-0.64321446688625261
trained,lda,test,4,-13.202384843549327,1.2178617344785048
trained,lda,test,3,-4.5125605804266886,0.051209899285378779
trained,lda,test,2,3.5050849354082096,-1.3568889178972767
trained,lda,test,2,3.5987979974451978,-0.287216364148207
trained,lda,test,3,-4.4784487733616603,0.13616356984595523
trained,lda,test,2,3.6940159290477466,-0.16664219514233383
trained,lda,test,2,3.6533337008501139,-0.9479280579266971
trained,lda,test,2,3.4948399831123265,0.19276703509905418
trained,lda,test,3,-5.149678060457866,-1.0399500416575738
trained,lda,test,2,3.2619081551016267,0.61204379743535042
trained,lda,test,2,4.177940072467301,1.4313522470393307
trained,lda,test,2,3.2860293774379543,0.56961213708677705
trained,lda,test,3,-4.6164108651560891,2.2917445365466009
trained,lda,test,2,3.4989231800557739,-0.32134223704243275
trained,lda,test,3,-5.1424102300757308,-1.0726825536048776
trained,lda,test,2,3.4288747906893242,-0.40344279775657704
trained,lda,test,3,-4.6931321203543224,-0.21440403830073815
trained,lda,test,2,3.8114248296974069,0.94336101627614821
trained,lda,test,2,3.4632338062146082,-1.1342497269841436
trained,lda,test,3,-5.1241691387723582,-1.1169955144411141
trained,lda,test,2,3.3146171255430019,-1.0854449676835516
trained,lda,test,2,3.3438009218898213,-0.17338365346788756
trained,lda,test,2,2.8418515152962343,-0.17568678105346089
trained,lda,test,2,3.4563876261787487,-0.29712339295808221
trained,lda,test,2,3.2480709587155929,-0.05892431030362081
trained,lda,test,3,-4.3444830795992351,0.68655184896814114
trained,lda,test,3,-4.1002837783822859,-0.16262161344812615
trained,lda,test,2,3.6317455185384593,0.30214018626949318
trained,lda,test,3,-4.6522885668340397,-1.1126446564481891
trained,lda,test,2,3.7131750226275004,-0.76293639557557413
trained,lda,test,2,3.5079988303921934,0.3962382128883622
trained,lda,test,2,3.8081079124735879,0.5367086710710669
trained,lda,test,2,3.6559316874649164,0.76192210991638465
trained,lda,test,3,-3.6831210559556316,3.9102431363232775
trained,lda,test,2,4.2002762279479162,1.2355254982707071
trained,lda,test,2,3.9947344992562104,1.9614093855682122
trained,lda,test,3,-5.0000098233173063,-0.24054598005743943
trained,lda,test,2,3.5179715527063595,1.7260281928681724
trained,lda,test,2,3.4695481449737002,-0.19250567826362258
trained,lda,test,2,3.502151758366951,0.49170672950947963
trained,lda,test,2,3.6108497731366156,-1.1276321909643128
trained,lda,test,3,-4.4179237540449119,1.7182803797741075
trained,lda,test,2,3.3488993768290651,0.52668850806906164
trained,lda,test,2,3.8099156047633551,0.46971796386989317
trained,lda,test,2,-3.3955550126738263,-0.30856818643051809
trained,lda,test,3,-4.5464844348375744,1.0489824484298556
trained,lda,test,2,3.8581371417496744,0.94429851700698375
trained,lda,test,2,3.4706406496905924,1.2243172059106047
trained,lda,test,3,-4.9460668319848216,-0.38405690665136799
trained,lda,test,3,-4.704408639362736,-0.40489453261657182
trained,lda,test,1,12.125850346325052,1.4781886575676175
trained,lda,test,3,-4.7220070204695652,-0.91589580156108064
trained,lda,test,3,-4.5569205328987268,-1.1862488186805764
trained,lda,test,3,-3.5781606313166949,2.6090190091259191
trained,lda,test,2,4.1942525762137688,0.65384662081209166
trained,lda,test,2,3.8677761796913086,-0.15255603981704746
trained,lda,test,2,3.7094812200644283,-0.80748883205670152
trained,lda,test,3,-4.7657541901033165,1.0266995858672141
trained,lda,test,3,-4.8912430500954978,-0.1046015732913038
trained,lda,test,2,3.8617391603553228,-0.61260724906187569
trained,lda,test,2,3.15803059965104,-1.4917023033982355
trained,lda,test,2,3.2610666889100202,-1.4601002229068145
trained,lda,test,2,3.6738302155428531,-0.35860339745728254
trained,lda,test,3,-4.0837826773621693,0.39118006924223842
trained,lda,test,2,-3.6069542529837375,-0.056177301481685364
trained,lda,test,3,-5.3296665836998471,-1.298163702402195
trained,lda,test,2,3.5042082677938882,0.11384447730960638
trained,lda,test,2,3.1414205305579395,-1.1008225337338469
trained,lda,test,2,3.3994664970644006,-0.17537276380124064
trained,lda,test,2,3.99102136713933,0.26730147672706916
trained,lda,test,3,-4.4559573234667358,1.1620219438340493
trained,lda,test,3,-4.2881715437603223,1.3449801023285877
trained,lda,test,2,3.8206983996317025,0.30748461990269343
trained,lda,test,2,3.4520738975783489,1.5122036877708334
trained,lda,test,2,3.5395405102051032,0.52704607490743327
trained,lda,test,2,3.545237806238672,1.3433271872561467
trained,lda,test,2,3.1733324317999467,-0.5935565334500682
trained,lda,test,2,3.760870185909726,0.37341458413297268
trained,lda,test,2,3.4693395524854966,-0.99609940455543211
trained,lda,test,2,3.450508358106696,-0.91109848371921631
trained,lda,test,2,3.3714181257329923,0.6456937574672994
trained,lda,test,2,3.7307829193440778,0.83358522664652057
trained,lda,test,2,4.0006581464058177,2.1361803362569649
trained,lda,test,3,-4.1175810211658233,-0.0037619665526985079
trained,lda,test,2,4.1640057571545412,1.1615016221039431
trained,lda,test,3,-5.2279380942627238,-1.2919066076006978
trained,lda,test,2,3.6273863895427083,-1.1255485123384965
trained,lda,test,3,-4.3230816048337521,-1.0689753979997174
trained,lda,test,3,-5.1463112282441541,-0.38742161680876125
trained,lda,test,2,3.4141123560194142,-0.84780408419192788
trained,lda,test,2,3.7294075107118982,-0.59414921344450378
trained,lda,test,2,3.675403758367267,-0.53466797050924697
trained,lda,test,2,3.6820080324971389,-1.2816323388613604
trained,lda,test,2,3.5243710545083267,-1.5773271724779112
trained,lda,test,2,3.4894102833944682,-1.2998405480118549
trained,lda,test,3,-5.1208222944732356,-1.8580628936551997
trained,lda,test,2,3.3863003862704817,-1.3557478565073184
trained,lda,test,2,3.0017609614744596,-0.50667481142884307
trained,lda,test,2,3.8141779008541885,-0.95333983422980506
trained,lda,test,4,-12.803283556154769,-0.97599280124151344
trained,lda,test,2,3.4391526451917609,-0.75896076544757995
trained,lda,test,2,3.7637432141265736,1.5921783158303775
trained,lda,test,2,3.6155392167335791,-0.62164390608085951
trained,lda,test,2,4.0469090904962401,1.1463921609490471
trained,lda,test,3,-4.6000557682812131,-0.031404816131262933
trained,lda,test,3,-5.0999311581006026,0.44454377602597794
trained,lda,test,2,3.5268089755231475,-1.009639317002907
trained,lda,test,3,-5.3810176778302354,-0.86691762671988659
trained,lda,test,3,-4.5724642858961806,0.22839064704120254
trained,lda,test,2,3.4766670490704268,0.2445533557242216
trained,lda,test,3,-4.5386605448161426,0.27928851109768271
trained,lda,test,3,-4.2642566957614108,2.1592643227314197
trained,lda,test,2,2.9257944150784012,0.39267474619646581
trained,lda,test,2,3.0498628528617062,-1.5565682058781571
trained,lda,test,3,-4.1330522851564577,0.35296995779967527
trained,lda,test,3,-4.3259586733968689,-0.13036322670949077
trained,lda,test,1,12.059464470880581,0.82157203648669785
trained,lda,test,2,3.8325656440974467,0.88937142220972898
trained,lda,test,2,3.7731190669939205,0.089671783740771588
trained,lda,test,3,-4.8132902074179951,-0.27881310184954472
trained,lda,test,3,-4.8443828685323407,-0.1850850307029272
trained,lda,test,3,-5.0681572912511346,-1.2546985307854686
trained,lda,test,3,-4.2601696745578836,0.17932678383964193
trained,lda,test,2,3.5590680162453698,-1.1885421538482155
trained,lda,test,2,3.3758873591688401,-1.2719836732036618
trained,lda,test,2,4.2276532749024582,0.99711340450575725
trained,lda,test,3,-4.9673286302504813,-0.39346758580047447
trained,lda,test,2,2.7789548493004546,0.38924537413995258
trained,lda,test,3,-4.1223018419051272,0.55560627409517993
trained,lda,test,1,11.973542575607173,0.51374087342675379
trained,lda,test,3,-5.6032165573518933,-1.2147742117658391
trained,lda,test,2,3.4120430661677026,0.031922897999423903
trained,lda,test,2,3.8973255168766507,-0.70806782411425884
trained,lda,test,3,-5.3066657243847892,-0.99947980493932065
trained,lda,test,3,-5.3283004450266471,-0.19560186308058414
trained,lda,test,2,3.6660334712192775,-1.3977043030587828
trained,lda,test,4,-14.098169801772162,0.36100993241170493
trained,lda,test,2,3.7661997196915808,0.10593392306155715
trained,lda,test,4,-12.905715327760831,0.46463664032374485
trained,lda,test,2,-3.3299346679578092,3.1228285512183422
trained,lda,test,3,-4.6644003499551792,0.23968548621016997
trained,lda,test,2,3.4117542873939675,-0.87276304126324544
trained,lda,test,2,3.0498628528617062,-1.5565682058781571
trained,lda,test,2,3.4067623035863153,-0.078036831630802564
trained,lda,test,2,3.2586930058159433,0.21279919149855073
trained,lda,test,2,3.1777610806272176,-1.3596907990093341
trained,lda,test,4,-12.980100139187622,-0.061787229167334312
trained,lda,test,3,-5.4430181606860932,-1.6469381248508079
trained,lda,test,4,-14.124633062391133,0.52615191497042479
trained,lda,test,3,-5.181322996153555,0.73784623266621974
trained,lda,test,3,-4.3799857181831818,-0.16773768525775268
trained,lda,test,2,3.7372638838690673,-0.1983544337398804
trained,lda,test,3,-3.4495295078344421,0.76942588546879231
trained,lda,test,3,-3.8852158934851917,0.87767756550927301
trained,lda,test,2,3.4403385144709429,-0.776155680993459
trained,lda,test,3,-4.8040789026254904,-0.22002258797186672
trained,lda,test,3,-4.9098090444432607,-0.86774482725232938
trained,lda,test,2,3.3101042225266379,-1.1748966859423859
trained,lda,test,4,-12.636141278896529,1.0771879324859339
trained,lda,test,2,3.2582395612784718,0.50921840632492321
trained,lda,test,3,-5.4105371025095135,-1.0865441439380608
trained,lda,test,3,-4.1840972712721394,-1.1354501654500049
trained,lda,test,2,3.9857808030044306,-0.91887041417182302
trained,lda,test,2,3.7241638764899032,1.0114313474957093
trained,lda,test,2,3.9822153614098692,2.3829023181785436
trained,lda,test,2,3.5379292891150689,0.14361310037094557
trained,lda,test,2,3.157393021832497,-0.41905486767413019
trained,lda,test,3,-4.589470713061484,1.1131790231597354
trained,lda,test,3,-4.1964627706071331,0.53606060235485498
trained,lda,test,2,3.5763955378102921,-0.4764277430879289
trained,lda,test,2,-3.4946979777515907,0.39200842973847816
trained,lda,test,3,-5.1213030506376018,1.0865758892120114
trained,lda,test,3,-4.9653342636523519,-0.42959812325501584
trained,lda,test,2,4.1319442463673308,0.46777332737482646
trained,lda,test,3,-4.5861496970871958,0.61765853438447027
trained,lda,test,3,-3.9647075670791962,0.30120446207576401
trained,lda,test,3,-4.661132604165573,-0.96020886710379949
trained,lda,test,3,-5.6535365197853515,-0.99124681058495112
trained,lda,test,2,-3.4295573026600414,0.91943246300830128
trained,lda,test,2,3.5432806970701907,1.1745348678856318
trained,lda,test,2,3.2602632287774278,-1.1185635972032488
trained,lda,test,3,-4.4011813091570042,-1.5148567495192824
trained,lda,test,3,-5.278142083082245,-0.52786367251584188
trained,lda,test,2,3.9864271127115054,1.4084635526269034
trained,lda,test,3,-5.5501299993654785,-1.5009464586592385
trained,lda,test,2,3.4401892400085416,-0.8603523925801132
trained,lda,test,3,-4.9216067385049911,-0.82404788897816239
trained,lda,test,3,-5.1256580905276108,-0.47401657531634994
trained,lda,test,2,3.9309410074922453,-0.10231476359200505
trained,lda,test,1,12.047241457441144,2.8745379857442552
trained,lda,test,2,3.5874145169410685,0.042320846505290305
trained,lda,test,3,-4.419856697660113,-0.42390286140531547
trained,lda,test,3,-4.4288371690211594,-0.15500699905421292
trained,lda,test,3,-4.4181574762005065,0.70121659219197141
trained,lda,test,3,-4.0020073561561045,1.0573107498140599
trained,lda,test,3,-4.8076050880495425,-0.50982135460234956
trained,lda,test,3,-4.8414061495177476,-0.56361950647029624
trained,lda,test,2,3.6070854940076207,-0.85857039184677852
trained,lda,test,2,3.6184985027854912,-0.1858365076724888
trained,lda,test,2,3.3619810627891673,-0.76741039703511027
trained,lda,test,3,-4.9277203059543977,-0.84419174018264731
trained,lda,test,3,-3.4578637166799049,2.8411160511434832
trained,lda,test,2,3.4961740265196855,0.0001255583209461695
trained,lda,test,3,-4.5535171461190576,-0.41243840015907363
trained,lda,test,2,4.015250522583254,1.8832513051533146
trained,lda,test,2,3.3554393440711006,-1.0769421567514073
trained,lda,test,4,-12.666672503041982,-0.25506589469773233
trained,lda,test,3,-4.3990264492901572,-0.55281261967317774
trained,lda,test,2,3.3389346450933268,1.5826805839915834
trained,lda,test,3,-4.5396213787143482,-0.68651594042135888
trained,lda,test,2,3.5232409906395712,-1.292890317550758
trained,lda,test,3,-5.3662642328713153,0.34317712373807779
trained,lda,test,2,3.5342316650640289,-0.33138058019656985
trained,lda,test,2,3.0009068931107898,-1.4673801481292124
trained,lda,test,2,3.477329952262457,0.78285790241739595
trained,lda,test,3,-5.0429198312358947,-0.90500301693332774
trained,lda,test,3,-3.96977111018965,-0.37113590523574974
trained,lda,test,2,3.381892123378567,0.54192627517588254
trained,lda,test,2,3.7142657463297586,-1.1379471890192165
trained,lda,test,3,-10.832090206938286,2.0828827996117276
trained,lda,test,3,-4.5523594622469874,-0.18629618850883731
trained,lda,test,3,-4.719357471349884,-0.40298238532327668
trained,lda,test,3,-4.5722160571685553,0.083378587960760336
trained,lda,test,3,-5.1748617057451183,-0.80020092273292787
trained,lda,test,3,-4.5118903471380225,1.5086066024967049
trained,lda,test,4,-11.646016948427004,2.0591613511462792
trained,lda,test,2,3.4877223672615005,-1.0163558158975439
trained,lda,test,3,-3.5281134696397713,-0.10678128505046819
trained,lda,test,2,4.1039737048573253,-0.98310676542358133
trained,lda,test,2,3.8166955093709314,0.38647933565479736
trained,lda,test,2,3.453872106377788,-0.61202222551714991
trained,lda,test,2,3.3497777776837383,-1.2404661579321272
trained,lda,test,3,-4.4567606251438168,0.77034466650649958
trained,lda,test,2,3.8845107269694368,0.061547956264495968
trained,lda,test,2,3.3274708384304481,0.089485773807400207
trained,lda,test,2,3.8818207012849109,1.0775154399639248
trained,lda,test,2,4.2222547116034619,1.3332009443041979
trained,lda,test,2,3.9512994075998811,-0.79068586541450292
trained,lda,test,2,3.2383679594387278,-0.12460733847762835
trained,lda,test,2,3.4748796773065611,1.4045704168997331
trained,lda,test,3,-4.8366085672854533,1.7540467199478165
trained,lda,test,3,-5.4951850692750055,-0.90993599587303975
trained,lda,test,2,3.339296872673708,-0.77706832142355797
trained,lda,test,4,-12.356349590160919,1.3667126404731951
trained,lda,test,2,2.9489189313362747,-0.017386855494283173
trained,lda,test,2,3.6444830751681736,0.0031992360980741901
trained,lda,test,2,3.9218627118738238,0.18408575498127602
trained,lda,test,1,12.077236331200151,1.3184586081573337
trained,lda,test,3,-4.1088359954147853,0.30864744176365561
trained,lda,test,2,4.066508064435574,0.95613323652783444
trained,lda,test,2,3.4272538839538829,0.24887768834686011
trained,lda,test,2,3.5505634551315466,0.048672607553847509
trained,lda,test,3,-5.3796189338319955,-0.409953063082791
trained,lda,test,4,-13.89035282849764,-0.52316988918831675
trained,lda,test,3,-4.7983837179699664,1.0597525389651965
trained,lda,test,2,3.6319625837438543,-0.63234519442822479
trained,lda,test,3,-4.6428601366172702,-0.13996980931520783
trained,lda,test,2,3.8154574087462838,0.75936675924001729
trained,lda,test,2,3.3018782522669197,-0.9729278835145021
trained,lda,test,2,3.7036448999395404,-0.0005860448306800409
trained,lda,test,2,-3.5190492260376569,1.0498319482160341
trained,lda,test,2,3.7416568617530541,-0.32756562259324146
trained,lda,test,2,3.3181043148644243,-0.41726153366855656
trained,lda,test,3,-4.6025708692032339,-0.32941420781120045
trained,lda,test,2,3.3044008799596991,-1.0796302363127168
trained,lda,test,2,3.8079364813591763,-0.95443562478114263
trained,lda,test,4,-13.087680601290389,-0.80381915639643431
trained,lda,test,3,-4.3231133145886398,2.0162125391623373
trained,lda,test,2,-3.3174912875233873,0.31924659319734444
trained,lda,test,2,3.4749471978659221,0.80044728266364473
trained,lda,test,2,3.093094545926494,0.41173736390982096
trained,lda,test,4,-13.204290391381697,-0.53234905177654723
trained,lda,test,2,3.365644014935445,0.67174097996034299
trained,lda,test,3,-11.451939452938054,0.31294762081835392
trained,lda,test,2,3.0399469307916891,-1.5627615009615465
trained,lda,test,2,3.5703717084498874,0.18044145591303895
trained,lda,test,2,3.5340867013292909,-0.083513792412463789
trained,lda,test,4,-12.296354907301588,-0.40713013479332011
trained,lda,test,3,-4.705459996332535,-0.42222169771384399
trained,lda,test,2,4.012664301104703,0.99307025710256558
trained,lda,test,2,3.3479161895084184,0.60946379830221464
trained,lda,test,3,-5.0721979372294967,-0.43353160521560136
trained,lda,test,2,3.1670978470367559,-1.9123130007637297
trained,lda,test,3,-4.6764500647653247,-0.63455374238831996
trained,lda,test,3,-4.1822163916281667,0.95943757754565562
trained,lda,test,3,-4.887048446435128,0.63542574305964916
trained,lda,test,2,4.4229325339586669,1.6706176066327978
trained,lda,test,2,4.1381011015728202,0.87386905265149128
trained,lda,test,2,3.2393539370033579,-0.63570830356066399
trained,lda,test,2,3.6078600732717585,0.76095997948542793
trained,lda,test,3,-4.827519295469398,0.230011596386966
trained,lda,test,2,3.8181645400219852,1.1254713622352794
trained,lda,test,3,-4.6615376217535625,-0.69392530920868967
trained,lda,test,3,-4.474917594294693,-0.89047665658415531
trained,lda,test,3,-4.8524999617690492,-0.23315466669019888
trained,lda,test,4,-14.410221003546379,-1.6390971844076117
trained,lda,test,2,-2.9187655736101714,0.99462438903813188
trained,lda,test,2,3.7166530827746729,-0.48485533566281014
trained,lda,test,2,4.1518195556129598,0.66314654998401379
trained,lda,test,3,-5.2480493705270472,-1.1039717979510189
trained,lda,test,3,-4.9815544031955499,-1.2732214342937274
trained,lda,test,2,3.2624688071008561,-1.504030096332615
trained,lda,test,2,3.3647974400822815,-0.44313968150219823
trained,lda,test,3,-4.5732721103375908,-0.30089335924963401
trained,lda,test,2,3.1841245170470893,-1.8916051416522424
trained,lda,test,3,-4.9561524360646132,1.0373833130996459
trained,lda,test,2,3.5909617165290681,1.3847949006053828
trained,lda,test,3,-4.6395835985360447,0.85013830539294488
trained,lda,test,2,3.749618981008962,-0.99048211487250637
trained,lda,test,3,-5.5901736475892081,-0.72646995310761409
trained,lda,test,2,3.9112372406529783,0.38551307541837582
trained,lda,test,2,-2.72021150339011,-0.28728654702832557
trained,lda,test,2,3.4897598152103488,-0.52408174832902799
trained,lda,test,2,3.3679284006269739,0.38534490107213998
trained,lda,test,2,3.2981883658286106,-2.1472007657281211
trained,lda,test,3,-4.6495029643647623,-0.78493278556620105
trained,lda,test,4,-13.782501337287474,0.041457151994574726
trained,lda,test,3,-4.7254086640217716,-0.43343227937081386
trained,lda,test,2,3.342242136491282,-0.6665040380233519
trained,lda,test,3,-4.8576529160326425,1.1508162113417453
trained,lda,test,3,-4.6310654876179775,0.25573570790723249
trained,lda,test,4,-12.90787846615885,0.50023428682701099
trained,lda,test,2,3.1998526558987881,-1.7027139280817798
trained,lda,test,3,-4.6357370785106005,-0.39197691912973132
trained,lda,test,2,3.4973352755394802,0.11493447298385816
trained,lda,test,2,3.6215682136011305,-0.053703880657700695
trained,lda,test,2,3.2428174586979521,-1.1810186261054179
trained,lda,test,2,3.5625175713131934,0.17390972715694877
trained,lda,test,3,-4.3340437240623411,0.32817291454434006
trained,lda,test,2,3.9037095842887606,0.77829299142154806
trained,lda,test,3,-3.2601166941680892,-0.0076134915357456527
trained,lda,test,2,3.274408040023622,-1.0714109382595356
trained,lda,test,3,-4.393429523382288,-0.62701833350462122
trained,lda,test,3,-4.677298493552458,-0.72337422610727842
trained,lda,test,2,3.7274952710651332,1.1941774848797311
trained,lda,test,1,12.155018506336058,-0.96409502687983128
trained,lda,test,2,4.2182457389405057,0.48191477985204406
trained,lda,test,2,3.3757401519268209,-1.2322918528025473
trained,lda,test,2,2.9532662782474377,-0.12603643267742351
trained,lda,test,2,3.8658296424555703,-0.75403621680735722
trained,lda,test,2,3.7103310512909271,-2.0521195121137992
trained,lda,test,2,3.1854823925909135,-0.7938889314462827
trained,lda,test,2,4.2939570910382843,0.32226629875099111
trained,lda,test,3,-3.8903518209772163,0.95137902813224484
trained,lda,test,2,2.8375311424528489,-1.2171470118537422
trained,lda,test,4,-14.026363044889907,-1.981660422167359
trained,lda,test,3,-4.348352943894624,1.227345485744848
trained,lda,test,3,-3.870028594563319,1.4629005857776389
trained,lda,test,2,4.2514138696085642,1.4701641208071563
trained,lda,test,2,-3.0227254973597537,-0.45040006080025891
trained,lda,test,2,3.6163643811703166,-0.40243123021518745
trained,lda,test,2,3.5496348620777756,0.36971063836642964
trained,lda,test,2,3.9025804237801149,0.77185909303127498
trained,lda,test,3,-4.7214513464115511,0.31502508321848427
trained,lda,test,2,3.6863255208476757,-0.18840076240034836
trained,lda,test,2,4.0910465311503055,0.36406202563417078
trained,lda,test,2,3.7738934720520754,1.1469245584967926
trained,lda,test,3,-5.2431182078288083,-0.76220989196298572
trained,lda,test,2,3.423539223677412,0.49685980452581774
trained,lda,test,2,3.8277923271714487,-0.32869779950213718
trained,lda,test,3,-4.2157547642271522,-0.55833100703573557
trained,lda,test,2,-3.2830168371493822,1.2971619120851856
trained,lda,test,2,3.4000604249536299,1.0553822867112936
trained,lda,test,3,-5.1888481860467213,-0.032834718830224457
trained,lda,test,2,3.9834717346859554,0.32086419588862969
trained,lda,test,3,-4.290330171406243,-0.46939960790814356
trained,lda,test,2,3.6910607740592143,0.29659931427245673
trained,lda,test,3,-4.0207669751519175,-0.78773589992179371
trained,lda,test,2,-3.0957787319839203,2.1219600332899322
trained,lda,test,2,5.2206918864248006,2.330442247626217
trained,lda,test,3,-4.1424901034488846,0.10136513458145499
trained,lda,test,3,-5.1288574505507079,-0.31852013064621354
trained,lda,test,2,5.0239051877541216,3.3355594680054583
trained,lda,test,3,-4.8026197348191646,0.1748349535726908
trained,lda,test,2,3.0849664904255332,0.14448340143787691
trained,lda,test,3,-3.0423422833194649,1.5978676334548645
trained,lda,test,3,-4.3633885586302918,-0.10104386474709204
trained,lda,test,3,-4.9331563073053681,0.4243872740864692
trained,lda,test,2,3.6203568375078223,0.04555199026328121
trained,lda,test,2,3.6163787454535918,-0.73388035273259722
trained,lda,test,2,3.6661463692940743,-0.50867229626663457
trained,lda,test,2,4.3589401714547904,1.6595706040186375
trained,lda,test,2,3.8839151080198961,1.1480284234555815
trained,lda,test,4,-13.096045080570791,-0.53544127896733906
trained,lda,test,2,3.9073272298620711,0.41759016104137264
trained,lda,test,3,-5.2576734038519506,-0.0029408779869179755
trained,lda,test,2,3.6500706868907211,-1.444999258770316
trained,lda,test,3,-4.7143674895156211,-0.9127002258315926
trained,lda,test,2,3.2763225332592203,1.0519021254799226
trained,lda,test,2,-3.3531359455056804,2.2737664604254721
trained,lda,test,2,3.5328728720443983,0.84484186511894466
trained,lda,test,2,3.4019936543420726,-0.56568267062916344
trained,lda,test,3,-4.9958428523844614,-1.4304711953814879
trained,lda,test,2,3.8270441731438121,3.0696921387515785
trained,lda,test,2,3.9682658820105874,-0.13351244302830512
trained,lda,test,3,-5.3286563248069827,-1.2551625971515519
trained,lda,test,2,3.7249182946838078,1.3390122547531098
trained,lda,test,4,-13.892551936038178,-1.791406815446319
trained,lda,test,3,-5.5783232616894729,-0.68721102592099736
trained,lda,test,3,-4.719397615776745,-0.20652753670971749
trained,lda,test,2,3.5015815417262584,0.18637592251703494
trained,lda,test,2,3.0895521984661811,0.8716105021039996
trained,lda,test,2,3.7901277262713191,-0.69348923773523818
trained,lda,test,3,-5.2614503797002214,-1.3606844368646609
trained,lda,test,3,-4.9221824982345082,-0.76003552843539812
trained,lda,test,1,11.961900207159452,1.4457948530847746
trained,lda,test,2,3.6749308589708307,1.9010916585807136
trained,lda,test,2,3.6500045648650374,-0.98608462079382753
trained,lda,test,2,3.4518735790307837,0.12826520525967311
trained,lda,test,3,-4.9077592782343178,-1.1386737965293454
trained,lda,test,2,3.251159479597677,0.32575486426415623
trained,lda,test,2,4.197512989209069,1.0053960973687632
trained,lda,test,2,3.3283107390114441,-0.25820755908548837
trained,lda,test,1,11.814097533394868,0.30345570251672183
trained,lda,test,3,-4.9146626540191471,0.85841125544709718
trained,lda,test,2,3.5253836062966335,-0.51264191974158713
trained,lda,test,2,4.1831201816027352,0.74222102099198328
trained,lda,test,2,3.7679799724440359,-1.1073869970388839
trained,lda,test,2,3.6857165186805605,0.3476623049425237
trained,lda,test,2,3.7760196402121262,0.81583268928509367
trained,lda,test,2,3.1551199399938459,0.62946651880031057
trained,lda,test,2,3.5848752271340563,0.71295566839982161
trained,lda,test,3,-4.5023375511521158,0.8523300297145403
trained,lda,test,2,4.0482168269453744,0.69027888684553984
trained,lda,test,2,3.7163900136059027,2.4433912443434154
trained,lda,test,2,3.1940511931819646,-1.375397296039417
trained,lda,test,3,-5.2412950033867558,-1.181588063254791
trained,lda,test,2,3.608150612368382,-0.95796618476774908
trained,lda,test,2,3.4604655429983788,-0.40651346455988185
trained,lda,test,2,3.2155937563348935,-1.150977935017748
trained,lda,test,2,4.1821622276769297,-0.08581204212226004
trained,lda,test,2,3.7150660826188266,0.057766615589418882
trained,lda,test,2,3.3343663888034314,-0.21293728763761127
trained,lda,test,2,3.7358801817053844,-0.37835354044830338
trained,lda,test,2,3.3684567798878029,-0.25132326388348053
trained,lda,test,3,-4.8555178814165174,-0.64452097822564591
trained,lda,test,2,3.4845169663510074,-1.1694739013816804
trained,lda,test,2,3.3991762746636396,-0.80470126659559882
trained,lda,test,3,-4.8128329625216617,-0.99355378174294684
trained,lda,test,2,3.8482154508576873,1.4559954602276
trained,lda,test,3,-4.4766436594123027,0.32034201829060627
trained,lda,test,2,3.1602567187420734,-1.0935213214108681
trained,lda,test,2,4.3365791868622461,0.74791650486112049
trained,lda,test,2,3.3031036716840227,-0.89236969484457074
trained,lda,test,3,-5.0062296050129502,-1.5619126622949431
trained,lda,test,2,3.5020492808226811,-0.067592729703964557
trained,lda,test,2,3.6527553738244376,0.15048656675907948
trained,lda,test,2,3.4560564144168131,1.9739140292071573
trained,lda,test,3,-5.8671552175397226,-0.32519190579809398
trained,lda,test,2,3.309351540212591,-0.174866152805321
trained,lda,test,2,3.758293059158738,0.25305559808061839
trained,lda,test,2,3.2427063019497226,-0.08854728027000934
trained,lda,test,3,-4.8142686753170905,-0.20440549047689119
trained,lda,test,3,-4.7019050155047735,-0.96365395555406874
trained,lda,test,3,-4.9334453994529479,1.0587462116807194
trained,lda,test,2,3.4709983541953617,-0.78940782335949744
trained,lda,test,2,3.7663876322686951,0.50422167036749455
trained,lda,test,2,3.2112969531860602,-1.2458511235263565
trained,lda,test,2,3.6325509361985877,-0.86151111849646678
trained,lda,test,2,4.042207325600967,1.4019140997922432
trained,lda,test,2,3.185710085569033,-1.8354720950752119
trained,lda,test,1,12.125852151291713,2.1041071722703655
trained,lda,test,1,12.084631137077643,2.0661873263349984
trained,lda,test,3,-5.1042368334987405,0.50050646167493595
trained,lda,test,2,3.3497777776837383,-1.2404661579321272
trained,lda,test,2,3.5302238004246993,1.201263620424367
trained,lda,test,3,-4.0898168478251042,0.18870647051356573
trained,lda,test,3,-5.3068336560527927,-0.64960630848781165
trained,lda,test,2,3.4342108008332626,1.1278761873095451
trained,lda,test,2,3.4069592551833439,-0.97231186308821282
trained,lda,test,2,3.3344508905423131,-0.89361333254307518
trained,lda,test,2,3.3828186199733059,0.15760949248429457
trained,lda,test,2,3.8088613913852556,0.19384764375350386
trained,lda,test,2,3.5204712129638547,-0.96132014781386166
trained,lda,test,2,3.4058037493881832,0.89206865782229461
trained,lda,test,2,3.3176376243866947,-1.1160549845923362
trained,lda,test,3,-4.9631575906486809,-0.81452956941032395
trained,lda,test,2,3.267710142792597,-0.10339437365571434
trained,lda,test,2,4.0408651220261653,1.1617915887085739
trained,lda,test,2,3.4894102833944682,-1.2998405480118549
trained,lda,test,2,3.5202856131514002,2.3085800226832904
trained,lda,test,2,3.5114893478616862,0.64288145758147686
trained,lda,test,2,2.9861277078107871,-1.2602317332952793
trained,lda,test,2,3.4700053887665203,0.098687183247441621
trained,lda,test,3,-4.7202769596500209,0.35469877257199733
trained,lda,test,3,-4.5194136546103572,1.2791266210395578
trained,lda,test,2,2.9605508978119413,-1.5427907793700304
trained,lda,test,3,-4.5897968709830357,-1.2624163174856717
trained,lda,test,2,3.3726820494934633,0.46040583183575273
trained,lda,test,3,-4.7887129696747595,-1.0912878473942673
trained,lda,test,3,-4.8783056452946933,-0.69251215483941098
trained,lda,test,1,12.222774403619534,0.42231790669933278
trained,lda,test,2,3.8540074465340104,0.35089316800734954
trained,lda,test,3,-4.4991997284575023,0.93651492701837569
trained,lda,test,3,-3.0943293113513959,2.1779362029753591
trained,lda,test,3,-5.3869404190675203,-0.55174345224793253
trained,lda,test,2,3.6484977679218362,0.07619933870331605
trained,lda,test,2,3.3838522044228276,-0.18557569357045559
trained,lda,test,2,4.0435749934171703,0.26027359950450973
trained,lda,test,3,-4.2608099661638077,-0.27616104687996379
trained,lda,test,2,3.5319738401225109,-1.020858042710586
trained,lda,test,2,4.2198497936563344,-0.19254068871128358
trained,lda,test,2,3.0921778725757467,0.85527667249986894
trained,lda,test,3,-3.9158991275676476,1.6892131288358967
trained,lda,test,4,-13.84441105323503,-1.9694070694095589
trained,lda,test,2,3.0952995537163255,-2.0736662616343571
trained,lda,test,2,3.4612426646334336,0.77537303001438074
trained,lda,test,2,3.3338583871594913,-1.3917476818192238
trained,lda,test,2,4.1159602493330008,0.43069973458838612
trained,lda,test,2,3.4112120605923506,-0.16675486956685395
trained,lda,test,2,3.8763679553697017,0.54781877645568589
trained,lda,test,2,3.7253593731719232,-0.74249703899432495
trained,lda,test,3,-4.427082110373366,-1.5185263296548497
trained,lda,test,4,-13.263950108492663,1.7115986485710528
trained,lda,test,2,3.6200264254636565,0.62784631865754859
trained,lda,test,2,3.5075717455411781,-1.1038739309935375
trained,lda,test,2,3.6880316143443395,1.4830585774454561
trained,lda,test,3,-4.7552479880037906,-0.49200900502306261
trained,lda,test,3,-4.8857182083072148,-1.8540621366970227
trained,lda,test,3,-4.5077501338175656,-0.17264124891876367
trained,lda,test,3,-4.4937260015515879,-0.815698229375175
trained,lda,test,3,-4.2064320508659998,-0.23018075003989977
trained,lda,test,3,-4.6385652683289997,1.6642785890869023
trained,lda,test,4,-13.629914756473394,-1.0665559509186882
trained,lda,test,2,3.8876623637560228,1.1816357549855114
trained,lda,test,3,-4.4275031677629544,0.19504473800112185
trained,lda,test,3,-4.4622922680127317,-0.64431563676932646
trained,lda,test,2,3.8259953225365826,0.98335236831657002
trained,lda,test,3,-4.5924823637928194,-0.27661658387803345
trained,lda,test,2,-3.0277065020815943,0.15506127932345917
trained,lda,test,3,-4.7983645438539879,-1.2313465609102301
trained,lda,test,2,3.6977740417987945,-0.28422078448762123
trained,lda,test,3,-4.3335241216226459,0.69127215568547751
trained,lda,test,2,3.7725606785849366,0.11218103214046303
trained,lda,test,3,-4.182166854480184,-0.21680943275003092
trained,lda,test,4,-13.408792456071264,0.55128802285266998
trained,lda,test,2,4.3346092691290172,-0.047111235999572551
trained,lda,test,3,-5.6042280608053092,-1.0051004614880721
trained,lda,test,2,3.5413755399775364,-0.662512784328117
trained,lda,test,3,-5.09214300981475,0.66364624165368713
trained,lda,test,2,3.5117999788794689,0.4360735054438814
trained,lda,test,2,3.6410180100271337,-0.70091666452776857
trained,lda,test,3,-5.2261360543919526,1.1414024131465268
trained,lda,test,3,-3.6265124857849518,1.2122248575244177
trained,lda,test,4,-12.905016749327794,1.0999454898158556
trained,lda,test,3,-4.695794436634614,1.3103087866988963
trained,lda,test,2,3.7157286653130916,-1.0050135156727869
trained,lda,test,3,-4.3636862348540699,-1.0122381054136573
trained,lda,test,2,3.1889288520326491,-1.4546327407153836
trained,lda,test,2,3.6492035500059652,0.41813389228009645
trained,lda,test,2,3.2235785156261545,-1.5125337671433821
trained,lda,test,2,-3.7325830448815682,2.6324944935051655
trained,lda,test,2,3.0262907887547104,-1.6276762081405516
trained,lda,test,2,4.1045757627578245,1.8595957765866213
trained,lda,test,2,3.574950122365951,-0.97709515066883035
trained,lda,test,3,-4.8013153636844663,-0.52726271418875614
trained,lda,test,2,3.23411268542046,1.1791277640974021
trained,lda,test,2,3.691557671927244,0.62855832143818557
trained,lda,test,3,-3.8629488197042967,3.1140189243483087
trained,lda,test,2,3.8978057098401795,1.0902846138097364
trained,lda,test,2,3.4991655330879357,0.013673316665426195
trained,lda,test,4,-13.407432821512398,0.78016450283134009
trained,lda,test,2,3.6452333315576406,-0.23191059913365195
trained,lda,test,2,3.1986184252445398,-1.3713409679843616
trained,lda,test,2,4.2030526463557862,0.64638251736551255
trained,lda,test,2,3.63471956182681,1.5688735081280385
trained,lda,test,3,-3.789512235258429,0.53719332793473462
trained,lda,test,3,-4.871831622946269,0.16779438647163411
trained,lda,test,2,3.3637072982674243,-1.1010779621198443
trained,lda,test,2,4.2874931006326467,0.80752816670197181
trained,lda,test,3,-3.9422415023141073,0.78772817196419387
trained,lda,test,3,-3.5124223080988477,1.5950609453670905
trained,lda,test,3,-4.9237248839244421,0.61383364157158915
trained,lda,test,2,3.4241548379215954,-0.46273360395196561
trained,lda,test,2,3.2558794418190775,0.40686565834067545
trained,lda,test,3,-4.7691138055339133,0.52435261834091906
trained,lda,test,2,3.4758839602979825,0.41456170510563833
trained,lda,test,2,-3.3165134608190496,2.9873382088593377
trained,lda,test,2,3.2286399874278322,-0.63181272607260686
trained,lda,test,2,3.4483794381619965,0.17231653155734269
trained,lda,test,3,-5.4177369161829656,-0.96612845825967564
trained,lda,test,2,3.5147762816230537,0.53793165732439385
trained,lda,test,3,-4.7380492194832904,1.3047112183880896
trained,lda,test,2,3.2802098359703202,-0.68407624473608852
trained,lda,test,3,-4.1320888891617766,0.67994190124290543
trained,lda,test,3,-4.6576107729241167,-0.15271875084577058
trained,lda,test,2,3.4877223672615005,-1.0163558158975439
trained,lda,test,4,-12.534381737094241,0.17851028290702822
trained,lda,test,3,-3.8013795902624645,-0.4133429666458262
trained,lda,test,2,3.5285231210825874,-0.73836621808913327
trained,lda,test,2,3.5605629470247919,0.90679563994345269
trained,lda,test,4,-13.686501851401356,-1.4628480547123073
trained,lda,test,2,3.2797610532751662,-0.7001423847910877
trained,lda,test,2,3.5565713852090912,0.22310207228280757
trained,lda,test,2,3.7312387543842531,-0.21487381137794218
trained,lda,test,2,3.0627313810986747,-1.1472322007706437
trained,lda,test,3,-4.7284592911037588,-1.2221981709914456
trained,lda,test,2,3.8237417263393025,1.0117400708706974
trained,lda,test,2,3.9028930235247139,-0.15419775064290658
trained,lda,test,2,3.3011370876676893,-0.12798571390392161
trained,lda,test,3,-4.3811342595027964,0.27008607651928596
trained,lda,test,3,-5.559720132304526,-0.59024809256840527
trained,lda,test,3,-12.323541372584089,1.2435981272201015
trained,lda,test,2,3.7123758213035885,1.7579116310017489
trained,lda,test,2,3.8838419019075121,0.17804893937795627
trained,lda,test,1,12.133961955947484,-0.34924656446193891
trained,lda,test,3,-5.2793624383436395,-0.9521300225920708
trained,lda,test,2,3.5955058164190286,0.94424596129235716
trained,lda,test,2,3.8818412543498377,1.1759524084451811
trained,lda,test,2,3.7509807435354445,-0.31543691632824944
trained,lda,test,2,4.2918850733969691,0.12064561443375119
trained,lda,test,3,-4.8774202864513176,0.66997919101970238
trained,lda,test,3,-4.9258450099190023,-1.4534417266580169
trained,lda,test,3,-4.9697629385854194,-0.50905496918758641
trained,lda,test,2,-3.3871363185139796,0.028643908810778128
trained,lda,test,3,-3.9002390560862237,0.82635686853971424
trained,lda,test,3,-5.2901078339477605,-0.36039770265289411
trained,lda,test,3,-11.893964683257327,0.91359512094939965
trained,lda,test,3,-4.5577741594863364,1.8846983815219054
trained,lda,test,2,3.3571921704446335,-0.50874938869962449
trained,lda,test,3,-4.9269299246030247,-1.0982414201266422
trained,lda,test,3,-4.9890923050969072,-1.8409504272279342
trained,lda,test,3,-3.9409336900412879,-0.70357249685215395
trained,lda,test,2,3.8917223193077177,0.019089002009047455
trained,lda,test,3,-4.5552382324233189,0.10557742261953568
trained,lda,test,3,-4.7619143331731753,0.17393381837447636
trained,lda,test,2,3.662631457047353,0.45357807635618197
trained,lda,test,3,-4.4208278719855363,0.056794071547799571
trained,lda,test,3,-4.835111444391277,-1.0899324805086323
trained,lda,test,2,3.2078776498296833,0.16322890514700722
trained,lda,test,3,-5.4554127716075058,-1.2390051713938748
trained,lda,test,2,3.6118572108875981,1.4549828924508663
trained,lda,test,2,3.6001386040536598,1.4809109960066391
trained,lda,test,2,3.4432917375436918,-0.82884860303618668
trained,lda,test,2,3.874641115151773,-1.066122832188221
trained,lda,test,2,3.6785923401348208,0.23921713999750172
trained,lda,test,2,3.3667392215154051,-1.3810084632690613
trained,lda,test,2,3.7911427442112906,-1.6386121833135394
trained,lda,test,3,-11.618261514795936,0.51824962133964114
trained,lda,test,2,3.8713275268397949,-0.037323601943616488
trained,lda,test,2,3.1744251981071789,0.8075658413604655
trained,lda,test,2,3.6852445680917691,-0.046998635553947059
trained,lda,test,2,3.4230013378941635,-0.89736555174752708
trained,lda,test,2,3.1416189141106816,0.44117597079793058
trained,lda,test,2,3.2554380803364515,-1.5072628019271836
trained,lda,test,2,3.8295521987285865,-1.2664065285181489
trained,lda,test,2,3.4177057217009703,0.23978584120278831
trained,lda,test,2,3.5294063597373793,-1.4993550846863311
trained,lda,test,3,-5.3463414073028872,0.57563319294443116
trained,lda,test,2,4.2091541170537408,1.1269612977004548
trained,lda,test,3,-4.9406897921677215,-0.74906159224822788
trained,lda,test,2,2.9954090491004681,2.0948389960747398
trained,lda,test,3,-4.6587454546879012,-0.64017457079809614
trained,lda,test,4,-13.522296204533959,-0.12018605462996358
trained,lda,test,2,3.3556241716389419,-2.0798377454800536
trained,lda,test,2,3.602101986887023,-0.57542392383653762
trained,lda,test,2,3.6748099466860777,-1.1303782727065959
trained,lda,test,2,3.7539514298933954,0.25628872460783014
trained,lda,test,3,-4.8530614338192422,0.8429263947805623
trained,lda,test,3,-4.7886527695095005,-1.0808856050384328
trained,lda,test,2,3.8394625533856725,0.39559994955944061
trained,lda,test,3,-4.7502093440033093,1.2808555568262512
trained,lda,test,3,-4.4884338792557976,0.3576287024792047
trained,lda,test,2,3.7057353317360193,-0.45615553626738359
trained,lda,test,2,3.8348501367483405,0.8930419505854793
trained,lda,test,3,-5.0054631040265498,-0.10063458917071856
trained,lda,test,2,3.8054600501016975,0.38500083126117229
trained,lda,test,2,3.407840520556261,0.019508816308991823
trained,lda,test,2,3.5644473224273532,-0.99018453661356531
trained,lda,test,2,3.196648193067801,-0.17502837086311157
trained,lda,test,2,3.7074415235198463,1.5944272866449167
trained,lda,test,2,3.6088260139723514,-0.60144406768235092
trained,lda,test,2,3.1688878109781795,-1.9023813234840377
trained,lda,test,2,3.5148451716424787,0.53022234422916237
trained,lda,test,2,3.2806331202791306,0.8475274652793704
trained,lda,test,3,-4.5158776406358836,-0.36362696054261318
trained,lda,test,4,-12.734019115753295,-0.14634555424363074
trained,lda,test,3,-5.45314193308075,-0.58635693553683432
trained,lda,test,3,-4.6195034703393842,-0.77304700416408667
trained,lda,test,3,-4.8511209806151721,-0.89520164107146438
trained,lda,test,2,3.4595608767475667,0.91305020886211974
trained,lda,test,2,3.3165318299955744,-1.8244096489095292
trained,lda,test,2,3.881165520531042,1.332974102236189
trained,lda,test,3,-3.9018023681913543,-0.66377071167221313
trained,lda,test,3,-4.4174264127815004,0.071683752807747733
trained,lda,test,2,3.2439400554961479,-1.2973101933001381
trained,lda,test,2,3.0399469307916891,-1.5627615009615465
trained,lda,test,4,-12.114357603990626,0.57582376031838822
trained,lda,test,2,3.4680815632154434,0.52478926816621074
trained,lda,test,3,-5.370737714077281,0.46966837405749851
trained,lda,test,3,-4.8732832035725941,-0.721391917091877
trained,lda,test,2,3.5511046148897161,0.43119614377279752
trained,lda,test,3,-5.2024209354388109,-0.16722665954917332
trained,lda,test,3,-5.156912745069782,-0.56602465183544537
trained,lda,test,3,-5.2613767602171198,-1.478854787881329
trained,lda,test,2,3.5355965501962574,-1.3192147988158653
trained,lda,test,2,3.5319738401225109,-1.020858042710586
trained,lda,test,3,-4.9037662682198091,-0.6841170772564279
trained,lda,test,2,3.4845169663510074,-1.1694739013816804
trained,lda,test,2,3.5624269380094282,-0.23045548536219207
trained,lda,test,3,-4.6498673608154197,-0.94400770534241296
trained,lda,test,3,-4.4489851925057531,0.43659654285682264
trained,lda,test,2,3.5866083883757938,-1.3143638369947153
trained,lda,test,2,3.2718684137985674,1.4851242360144266
trained,lda,test,3,-4.7090793467141721,1.2266856379957833
trained,lda,test,4,-12.572325705147286,0.88134915631330202
trained,lda,test,3,-4.91326989689159,-0.99263985032835433
trained,lda,test,2,3.7437454502792638,-0.87787434673407638
trained,lda,test,2,3.6949109092949786,0.24146521329357185
trained,lda,test,2,3.3956168614962197,-1.1154470119756741
trained,lda,test,3,-5.169542531621933,-0.17532423682346723
trained,lda,test,3,-4.3967068583611821,-0.094567992006145671
trained,lda,test,2,3.3965382302032623,-0.33873098842481053
trained,lda,test,2,3.6240748591567131,0.53476732572635455
trained,lda,test,2,3.5004368234866083,-1.4258873045921467
trained,lda,test,2,3.3179350745363529,-1.0252500622876539
trained,lda,test,2,3.3430901181127828,0.33559739110422482
trained,lda,test,2,5.0799589332333372,3.1585895159121891
trained,lda,test,2,3.9718225791317323,-0.43534980173951981
trained,lda,test,2,3.2051828690409736,-0.5372257335527697
trained,lda,test,3,-5.4984444202554439,-1.5429565297197529
trained,lda,test,3,-4.2750679329583949,-0.25612966211790689
trained,lda,test,3,-4.2428578359287057,-0.096204313018674631
trained,lda,test,2,3.2904296264736121,-0.8100716097507108
trained,lda,test,2,4.0270941537502924,0.36167025766006788
trained,lda,test,2,3.492455364856188,-0.13575960088536609
trained,lda,test,2,3.80770721085264,-0.34296871755310715
trained,lda,test,3,-5.5215010476771198,-0.029357653972162827
trained,lda,test,2,3.0464634799520534,-0.39817607625393925
trained,lda,test,2,3.7788506143572764,-0.045282863163851432
trained,lda,test,3,-4.8124075667836275,-1.2460759511346233
trained,lda,test,2,-3.5911011627218419,1.0886574299370722
trained,lda,test,3,-5.2680851562165039,-1.5739713870539287
trained,lda,test,4,-13.441973042980395,-0.87857615186160898
trained,lda,test,2,3.9638222225754358,0.82677856923932858
trained,lda,test,3,-4.5562179886544936,-0.62776284797599535
trained,lda,test,2,3.1537140756507362,-1.6555822432160014
trained,lda,test,2,3.7164999277090778,-0.45832977485482357
trained,lda,test,3,-5.7317822212196337,-1.4656722916578722
trained,lda,test,2,3.8412785668694998,0.43319998115378183
trained,lda,test,2,3.272043053336283,-0.58254783636942875
trained,lda,test,3,-5.1698093969198791,-0.070898120143564905
trained,lda,test,3,-5.282822918571541,-1.0873742978724585
trained,lda,test,3,-3.7200838940679453,-0.65432589015539977
trained,lda,test,3,-3.7712247451842438,1.1102957079424742
trained,lda,test,2,3.6196802244992474,-1.0163048669731203
trained,lda,test,2,3.8512148332657072,0.063981087235987638
trained,lda,test,2,3.3506112815897517,1.6887584559671762
trained,lda,test,2,3.3751362593643535,-0.83568609136409477
trained,lda,test,3,-4.7193820667834991,0.15610942152440405
trained,lda,test,2,3.4782166999440647,-1.2693871814217661
trained,lda,test,3,-4.7059482192800788,0.4935581743484469
trained,lda,test,2,3.6270821235776483,-1.1832833592395473
trained,lda,test,2,3.3937987591501186,-0.98978220432598407
trained,lda,test,3,-4.4217737433583899,1.5712609760176355
trained,lda,test,3,-4.9516468275676111,-0.60689455334825293
trained,lda,test,2,3.2299569057850155,0.90942061174315381
trained,lda,test,3,-4.5649745795396042,-0.56870201586850522
trained,lda,test,2,4.0681731742844827,1.5978837508872057
trained,lda,test,2,4.0815981335010321,2.1196798325431265
trained,lda,test,2,3.4643077210685354,0.57468940892361164
trained,lda,test,2,3.2106728912636679,-0.71585831279040169
trained,lda,test,2,3.9875898723033765,-0.95484067246470272
trained,lda,test,3,-5.0682271304284781,-0.93434354601667324
trained,lda,test,2,4.225631801875525,-0.13158485218639879
trained,lda,test,2,3.5984736492724201,-0.34164554490859972
trained,lda,test,2,3.8222722750838729,0.79904144710435521
trained,lda,test,2,3.3220977605655495,-0.23109558107814487
trained,lda,test,3,-4.3497089446465358,-1.0390681468930272
trained,lda,test,3,-3.8476483050763659,-0.80800336515145543
trained,lda,test,4,-13.037113665098079,2.647984081243584
trained,lda,test,4,-13.134559052913346,1.5245069287048707
trained,lda,test,2,3.2235785156261545,-1.5125337671433821
trained,lda,test,2,3.7108721827619147,0.084977854156070939
trained,lda,test,3,-3.3877747092822319,-0.18403039443710656
trained,lda,test,2,3.7598317660396456,0.56378454402241751
trained,lda,test,3,-4.705353224708916,0.30232829719919613
trained,lda,test,2,3.0182152027669051,-0.86133895329088039
trained,lda,test,2,3.4877223672615005,-1.0163558158975439
trained,lda,test,3,-3.9364456475902663,-0.93366129364057204
trained,lda,test,2,3.3963542157409603,0.76585690737597567
trained,lda,test,2,3.5615067878203028,-0.17834981323398674
trained,lda,test,2,3.7816664911128899,0.78186276401221289
trained,lda,test,3,-4.8119588136471636,-0.74175461209425031
trained,lda,test,4,-13.474500144003848,-0.25970593772163586
trained,lda,test,3,-5.069196997923199,-1.2595462725504161
trained,lda,test,2,3.4900549518212975,0.72509558246428729
trained,lda,test,2,3.4115430279241075,0.18579162651362643
trained,lda,test,3,-4.647515333816898,-0.84193360948498774
trained,lda,test,3,-4.8205589851749604,-0.127813558694609
trained,lda,test,3,-5.3596101721699041,-0.33979327942669107
trained,lda,test,4,-13.208930583889178,-0.63965657906257412
trained,lda,test,3,-5.1810096499982148,0.84730856027043677
trained,lda,test,2,4.2279117383619402,1.8119049205509072
trained,lda,test,2,3.3231532376174915,-0.79934259289403842
trained,lda,test,2,3.528867126061495,-0.14332400938135564
trained,lda,test,2,3.484662723952773,-0.23071443416364934
trained,lda,test,3,-4.0384115081790126,0.91671282603008408
trained,lda,test,3,-4.9692846290505628,-1.0407956590715297
trained,lda,test,3,-4.7211107386743638,-0.34385587203309292
trained,lda,test,2,3.4433268372236028,0.5635632815177507
trained,lda,test,3,-4.7726897529009902,-1.1204692287000635
trained,lda,test,2,3.5343871002439466,-0.34712379905646723
trained,lda,test,2,3.5292377349032948,0.71110709401753069
trained,lda,test,3,-5.2818575658658702,-0.67322665831140516
trained,lda,test,2,3.3534787692051324,0.26678543584569847
trained,lda,test,4,-13.197825765826254,0.32208157461920034
trained,lda,test,2,3.6541127328947849,0.6754826627884194
trained,lda,test,2,2.9904745391643432,0.26977192382567894
trained,lda,test,4,-13.465290238131034,-1.2464367984014004
trained,lda,test,2,-3.0868429583642851,0.86450951227142858
trained,lda,test,2,3.7123184079670222,0.46969019248337601
trained,lda,test,2,3.6767233862411959,0.2569313511145257
trained,lda,test,2,3.1168470403810402,-1.0086684861655879
trained,lda,test,2,3.61179676183336,0.24014623359768783
trained,lda,test,2,3.9558718896140439,0.84320316691595143
trained,lda,test,4,-13.183304935419043,-0.080297572063923822
trained,lda,test,3,-4.0993645177866256,2.7192474509829641
trained,lda,test,2,4.2984593652444936,0.87651772489401703
trained,lda,test,3,-4.8806503894593254,1.0072245998339624
trained,lda,test,3,-4.7576487902118991,1.7907478310435738
trained,lda,test,2,3.6585213386923376,0.24854454051274671
trained,lda,test,3,-5.1240720132104451,-0.2763138466847444
trained,lda,test,2,3.4574529002663463,-1.2755328369979726
trained,lda,test,2,3.5050849354082096,-1.3568889178972767
trained,lda,test,2,3.706253052830959,0.1173171114401428
trained,lda,test,2,3.5499504894218639,0.16076250253723917
trained,lda,test,3,-4.4640192136156003,-1.5207854277369004
trained,lda,test,3,-5.2780541579689437,-1.611495846452152
trained,lda,test,2,3.2501886835864888,-0.12010353740441096
trained,lda,test,2,3.4295715513066192,-0.17491139072056189
trained,lda,test,3,-5.2502778887246517,0.53902069704591093
trained,lda,test,2,3.86384521416019,1.2257430780883314
trained,lda,test,4,-12.949968805678672,-0.81359902245240867
trained,lda,test,2,3.4411835834595315,-0.53752468816436716
trained,lda,test,3,-5.7028931360451276,-1.2512655124089143
trained,lda,test,2,3.6721998867537264,-0.34539236473196394
trained,lda,test,3,-4.5594124241926695,2.109336682227263
trained,lda,test,2,3.4086329070615196,0.4060757834725271
trained,lda,test,2,4.0355629467866692,0.069645779811855754
trained,lda,test,3,-4.4662805565325803,-0.34176999696248195
trained,lda,test,3,-5.7137290321816794,-1.4665418311941003
trained,lda,test,3,-4.4469831048602346,-0.51987554827651206
trained,lda,test,2,3.3107161250437507,-1.118661679652027
trained,lda,test,2,3.9272414072773492,-1.3280756670136977
trained,lda,test,2,3.292180728760663,0.40028861753565625
trained,lda,test,3,-4.1563061079963433,0.098904256891378814
trained,lda,test,1,12.11348344722475,1.1050170573682916
trained,lda,test,2,3.9429343881599839,0.90177869906858366
trained,lda,test,3,-4.5572923545300705,0.35338196061297139
trained,lda,test,3,-5.0174074221023313,-0.22510878071037982
trained,lda,test,3,-5.1511728052306358,-0.26987108966544487
trained,lda,test,2,3.2269806558563365,-0.34707960871759952
trained,lda,test,2,3.8420753724539738,-0.10150623436300818
trained,lda,test,3,-4.0258293159729028,-0.21683033648834368
trained,lda,test,2,3.6152001557015034,1.7327718723994439
trained,lda,test,2,3.4741862044919043,-0.24264871399720564
trained,lda,test,2,3.8013321145531722,0.4005176204596958
trained,lda,test,2,3.2305611712273969,-0.40634328414102155
trained,lda,test,2,3.2844418323885161,2.3281170765519583
trained,lda,test,2,3.7273962720475646,-1.6725668014078756
trained,lda,test,2,3.0399469307916891,-1.5627615009615465
trained,lda,test,2,3.5810972309840206,-0.072541747643719443
trained,lda,test,2,3.8990896952593941,-0.42815198709344804
trained,lda,test,2,-2.7400831852281069,2.4723100857168787
trained,lda,test,1,5.5258813503038056,2.0517570769309654
trained,lda,test,2,3.2235785156261545,-1.5125337671433821
trained,lda,test,3,-5.1304917703878976,-1.1702273672088539
trained,lda,test,3,-4.810970750164322,-1.114986418498001
trained,lda,test,3,-3.9058070068064947,1.4105437051388916
trained,lda,test,2,3.6428881637655524,-0.94448931903182509
trained,lda,test,3,-4.890156752817143,1.2801957931219836
trained,lda,test,3,-5.0063022272157101,-0.55323987614620906
trained,lda,test,2,3.1038850661903128,-0.32261511450865549
trained,lda,test,3,-4.3289082773874545,1.5207945486279228
trained,lda,test,2,3.5660160141108728,-0.12799683132248413
trained,lda,test,2,3.6816955121856423,-0.65225288558866668
trained,lda,test,2,4.054008018168668,0.90087455060456356
trained,lda,test,2,3.2858955095001425,-1.8463074376504072
trained,lda,test,2,3.8094615326121972,0.48462261185452327
trained,lda,test,2,3.1719391561373635,-0.56010491286764064
trained,lda,test,2,3.707088412065215,1.4564152266295711
trained,lda,test,3,-3.2941788440909048,1.1560202422096562
trained,lda,test,3,-5.6413339893412253,-1.8258479726476777
trained,lda,test,3,-5.0583005861184134,1.139529864728088
trained,lda,test,2,3.483424159957055,-1.223382387218253
trained,lda,test,2,3.2318930070405836,1.8876832084141164
trained,lda,test,3,-4.5458358184286594,-0.42780027845396112
trained,lda,test,2,3.6164630750595768,-0.54147265063132344
trained,lda,test,2,3.3397731455203949,0.55084963199452386
trained,lda,test,2,3.8415459829632526,0.04678781396040374
trained,lda,test,3,-4.1052221410261591,1.0477306304744114
trained,lda,test,2,3.8354703024339312,0.3435258341584283
trained,lda,test,3,-5.4604773802202828,-0.54484428730656498
trained,lda,test,3,-4.4116748972266153,-0.59337417394255076
trained,lda,test,2,-2.904867766880725,0.066018313694688815
trained,lda,test,2,3.6223558861869596,1.0431728952279928
trained,lda,test,2,3.5741009683519573,-1.2156667650834474
trained,lda,test,3,-5.0360656497654457,-0.61301440551041531
trained,lda,test,2,3.5720357761419232,0.15040711261064746
trained,lda,test,2,3.6796379451612147,-0.52369770962394391
trained,lda,test,3,-4.5652781907225046,0.82365554686806419
trained,lda,test,2,4.4051384166095664,1.1720855485284847
trained,lda,test,2,4.1728424232755543,-0.89807211971709255
trained,lda,test,2,3.5690956890284906,-0.34003520408243276
trained,lda,test,3,-4.9988668469153712,-1.2032897653034083
trained,lda,test,3,-5.0525415896811356,-1.2472570516272194
trained,lda,test,3,-5.0220508995282289,-1.1830185571611369
trained,lda,test,4,-12.876543958522563,-1.5466841991261351
trained,lda,test,4,-12.020061725996044,2.0557592406213931
trained,lda,test,2,3.6103151204584014,0.19228791477809218
trained,lda,test,2,3.181458095331724,1.7249904618932383
trained,lda,test,3,-4.5043064202739913,0.21389733096639682
trained,lda,test,3,-4.2633224273156749,-1.0163242017130341
trained,lda,test,2,2.9482832925490077,1.3149938927062554
trained,lda,test,2,3.6744453046682279,-1.3483160514289387
trained,lda,test,3,-4.0730354899491239,1.8093610851899002
trained,lda,test,3,-5.4133399020385307,-0.20223993685447331
trained,lda,test,3,-5.1895161044666898,-0.72141546416122881
trained,lda,test,3,-4.7693266055910417,-0.32602157147308469
trained,lda,test,2,3.0169065191477529,-0.83365013691197687
trained,lda,test,3,-4.4345465042278862,-1.0511830852512849
trained,lda,test,3,-5.2711022140014832,-1.0138020497894731
trained,lda,test,2,3.0779066330280305,-0.32760346480042352
trained,lda,test,3,-4.9137753327559901,-0.52637884894732845
trained,lda,test,3,-4.0587501447467291,-0.62191752674786616
trained,lda,test,2,3.4451873541846445,-0.77282537344510815
trained,lda,test,2,3.7609628895000933,0.93411177481303476
trained,lda,test,2,3.0835995589118261,-1.7705122137190619
trained,lda,test,3,-4.5454316120533553,0.19488424171500904
trained,lda,test,4,-13.882614960262829,-0.10771398221519124
trained,lda,test,3,-4.7150012726197215,0.3963438088592946
trained,lda,test,3,-4.4403849168765559,-0.14800983502068316
trained,lda,test,3,-4.3309800412910198,0.8409499817328564
trained,lda,test,2,3.4921493815339972,-0.64130019739353117
trained,lda,test,3,-5.5443942309944569,-1.2202572486310126
trained,lda,test,2,3.2235785156261545,-1.5125337671433821
trained,lda,test,2,3.3109695662986542,-0.88318451638626772
trained,lda,test,2,3.2996630190682601,1.0472975913056211
trained,lda,test,2,3.1986184252445398,-1.3713409679843616
trained,lda,test,3,-4.2686232332999747,0.24152365417977981
trained,lda,test,2,3.5908693048666787,0.76409607599114437
trained,lda,test,3,-4.7758920027034604,-1.5780125023044727
trained,lda,test,2,3.4631129211531526,0.6014784096040493
trained,lda,test,2,3.1166679693321706,0.16990860780591172
trained,lda,test,2,3.5874131595551768,-1.0334955555123237
trained,lda,test,2,3.5335447845128618,-1.4749987164576663
trained,lda,test,3,-4.4887204127732421,0.72259262226865095
trained,lda,test,2,3.3077269736995323,-0.033531834686561408
trained,lda,test,3,-4.8221268392488321,-0.83409179916459986
trained,lda,test,3,-4.7017101875909724,2.279403061150719
trained,lda,test,2,3.2487104352283391,-0.60153893098511668
trained,lda,test,1,12.038123695527748,0.49032968839157692
trained,lda,test,2,4.0952184706651353,-1.0198814155160638
trained,lda,test,2,3.6416631487760629,-0.17385116726221725
trained,lda,test,3,-3.4441110568323237,2.4371536767611319
trained,lda,test,3,-5.2575983581500596,-1.1606049447188589
trained,lda,test,3,-4.3199208826447801,1.3339018427637603
trained,lda,test,2,3.7025290232704249,-0.19274249030582066
trained,lda,test,3,-5.0222323008228358,-1.5214706654914978
trained,lda,test,2,3.2926071084205817,0.78311194446849952
trained,lda,test,2,3.2610666889100202,-1.4601002229068145
trained,lda,test,2,3.6624893061832493,0.3601665780233434
trained,lda,test,2,3.5077043434633124,-0.0093308654584390426
trained,lda,test,2,3.3467739071824272,0.67782955679213663
trained,lda,test,2,3.8083345454083055,0.83779257074268265
trained,lda,test,2,3.3816446197737111,0.562358446419991
trained,lda,test,2,3.3491284972891928,0.90496282088490343
trained,lda,test,2,3.8163241221923827,0.1785656694666039
trained,lda,test,2,3.553991299866829,-1.3757979799447098
trained,lda,test,2,3.6291370210368812,0.89915180573374465
trained,lda,test,2,3.7583727852465865,0.12678438154436356
trained,lda,test,3,-4.941726739364487,-0.25776357315612708
trained,lda,test,2,3.8227876106147254,0.259118412497858
trained,lda,test,3,-4.8665203410289388,1.7200904641401342
trained,lda,test,2,3.7722666642352487,0.22707626331962638
trained,lda,test,2,3.4747834767428967,0.83172890892202911
trained,lda,test,3,-4.5379865601720057,-0.11761375895607992
trained,lda,test,3,-4.6992405289923678,-0.20895673839809181
trained,lda,test,2,3.5083797709350595,0.26750823639568677
trained,lda,test,2,3.4609705980712824,0.82188240138045343
trained,lda,test,3,-5.4754288162122622,-1.2114006847794327
trained,lda,test,3,-4.4679382831002608,-0.6496960807927844
trained,lda,test,3,-4.8432751574920676,-0.44166934261979962
trained,lda,test,2,3.4877223672615005,-1.0163558158975439
trained,lda,test,2,3.4902935771478769,0.34545223260238572
trained,lda,test,3,-4.3641816174288381,-0.52247443738347299
trained,lda,test,2,3.6548492389159137,-0.50307968643070788
trained,lda,test,2,3.98849318577573,2.17022993144576
trained,lda,test,2,3.3164668762528633,1.0953038734235858
trained,lda,test,2,3.6373439132941914,-0.55279183683113919
trained,lda,test,3,-4.4935604092070101,1.1884758414335324
trained,lda,test,2,3.0399469307916891,-1.5627615009615465
trained,lda,test,3,-5.3425057923720152,-0.048288779019811691
trained,lda,test,2,4.5887892584273251,0.36987075333713587
trained,lda,test,2,3.5301311371612649,-0.12646470114347619
trained,lda,test,3,-4.4461753867167157,1.1105189481464199
trained,lda,test,3,-5.237090342940383,-2.4349026284114985
trained,lda,test,2,3.9104569308224657,-0.91631109034249925
trained,lda,test,2,4.0638520362371784,-1.1824587713430645
trained,lda,test,2,3.868413944870186,-1.474307604990776
trained,lda,test,2,3.8322856928157094,1.9669679289589461
trained,lda,test,2,3.1545651540811415,0.36330415193813892
trained,lda,test,3,-4.6748307266660092,0.88981863785869364
trained,lda,test,1,12.163956077531941,1.0182232421024224
trained,lda,test,3,-4.5001118388621784,1.5745100366902218
trained,lda,test,2,3.4593058572883044,0.93510546844914466
trained,lda,test,2,3.4383284536824723,-0.27177944951079225
trained,lda,test,4,-13.272131936477361,-0.96977842123263347
trained,lda,test,3,-4.8786451338307568,-0.7766013039195433
trained,lda,test,2,3.4268126526137368,0.43317932710685775
trained,lda,test,3,-4.6239866353784818,-0.53655255214874842
trained,lda,test,2,3.6700104836279319,0.46646289452890105
trained,lda,test,2,-3.2176067316624963,0.88111690934103559
trained,lda,test,3,-5.6333176379271448,-0.49781809808557392
trained,lda,test,2,3.796094694430423,1.0442455198103029
trained,lda,test,2,3.1494841731490464,-1.8673451523173994
trained,lda,test,2,4.0835134203797043,-1.016452637961861
trained,lda,test,3,-4.8421387138653333,1.6527882770975193
trained,lda,test,2,3.7135020520246997,-0.0096542909661857766
trained,lda,test,2,3.7981187394823408,0.10878198293884923
trained,lda,test,3,-4.7238759318850567,-1.7210144813096167
trained,lda,test,2,4.1442215666146627,1.4195634693933683
trained,lda,test,2,3.5447930530654808,-0.047118548531825663
trained,lda,test,2,3.597941587703537,0.73762281891320769
trained,lda,test,3,-3.8836094999369788,-0.31284523908419321
trained,lda,test,3,-4.4206591595514606,-0.088238171728697287
trained,lda,test,2,3.8692813260639385,-0.86395840360702736
trained,lda,test,2,4.7599780376868068,2.6662841387977241
trained,lda,test,4,-13.262423006878281,-0.65867173470548712
trained,lda,test,3,-4.7934444230609854,0.51026019611717743
trained,lda,test,3,-4.2862493198573093,0.36271071615233863
trained,lda,test,3,-4.3402435835891389,1.4041809214429342
trained,lda,test,2,3.5243710545083267,-1.5773271724779112
trained,lda,test,2,3.4881408705905752,-0.92036180382771116
trained,lda,test,2,3.6615104699661494,-0.031134211560543898
trained,lda,test,2,4.2491424794030461,1.0123831954275948
trained,lda,test,2,3.334411754794103,0.74893951867686626
trained,lda,test,3,-5.1727894816754949,-1.4948249875340123
trained,lda,test,2,3.5131410356463766,0.75093167443454434
trained,lda,test,3,-4.5840132327210359,-0.36335896865273154
trained,lda,test,2,3.4065825166504071,1.1349527219311712
trained,lda,test,2,3.3915566569994269,-1.0092305450921017
trained,lda,test,2,3.6196523122909916,0.73905091769221665
trained,lda,test,2,3.9487426851175078,0.044380743714797055
trained,lda,test,2,3.3353862198302897,-0.21851593334084893
trained,lda,test,3,-4.8291662922115393,1.4789625884201691
trained,lda,test,2,4.2682567036915797,2.1134903929335351
trained,lda,test,2,-3.6505073072561585,1.3300130217880013
trained,lda,test,2,3.7812289669266859,-0.17946056709749811
trained,lda,test,2,4.3080061085570902,1.0404573290891226
trained,lda,test,2,3.1088450557232776,0.16566193167525906
trained,lda,test,3,-4.8841597600088633,-0.71338431083916487
trained,lda,test,2,3.5141912466591254,0.48750218056796923
trained,lda,test,3,-4.9845215062109904,0.97686348402738044
trained,lda,test,3,-4.550599429306101,-0.56514629458503085
trained,lda,test,2,3.4905843794530655,0.13656647517397086
trained,lda,test,2,3.5417163935333127,0.23883635705372422
trained,lda,test,2,3.2960291582095955,-1.2745115676694878
trained,lda,test,3,-4.3967548685286966,-0.70991178368555108
trained,lda,test,3,-4.4726389328423526,0.37955275717072223
trained,lda,test,2,3.8970616732382362,-2.0166964587883411
trained,lda,test,3,-4.039538965805316,1.986285657558778
trained,lda,test,2,3.4204902447082528,-1.1634426743581565
trained,lda,test,2,3.2879546520464262,0.73920176555553097
trained,lda,test,3,-3.6979003139127911,0.17006012246588342
trained,lda,test,3,-5.0834724501367452,-1.3744001168717144
trained,lda,test,3,-4.7656012368353,-0.27834011001439374
trained,lda,test,3,-5.4425904954035866,-1.8380219006397016
trained,lda,test,2,3.6277439936463614,0.08693062981095416
trained,lda,test,2,3.4877223672615005,-1.0163558158975439
trained,lda,test,3,-4.7580982483581522,-0.15512749308121343
trained,lda,test,2,3.494225618515431,1.3300865599768275
trained,lda,test,2,3.6266987607144756,-0.92987142052253835
trained,lda,test,2,3.1986184252445398,-1.3713409679843616
trained,lda,test,3,-4.968464636090113,1.4878861873094649
trained,lda,test,2,3.7379844258317703,-0.19702939744112721
trained,lda,test,3,-4.5515663294155884,-0.92636616110327286
trained,lda,test,3,-4.0470714613875876,2.6865717684349395
trained,lda,test,2,3.3491893047988568,-0.88784100325304471
trained,lda,test,2,3.0609711115695655,0.50649353254633644
trained,lda,test,2,3.4938781393678702,-1.1047880433304342
trained,lda,test,3,-4.5374679779490084,0.67431838497624719
trained,lda,test,2,3.4504459451029175,-0.18032568165127652
trained,lda,test,2,3.7400716594504577,-0.14024535869386609
trained,lda,test,3,-4.0779595409112126,0.078675952290675699
trained,lda,test,2,3.5914578230586587,0.59999611590360236
trained,lda,test,3,-5.2190317056352731,-0.99876174800259931
trained,lda,test,3,-4.054139890945061,-0.79738393567113341
trained,lda,test,2,3.5537837719094569,1.0638414957001074
trained,lda,test,2,3.8544649287836172,1.4799448358089231
trained,lda,test,3,-4.4275529803233251,0.0064552431624570724
trained,lda,test,2,4.2460821446407655,2.417271352931246
trained,lda,test,2,3.3091477143145314,0.77321169086194375
trained,lda,test,3,-5.3065726305207317,-1.4689077650186466
trained,lda,test,2,3.8046637460623467,0.59662211804407217
trained,lda,test,3,-5.6290778609326262,-0.90286477177134905
trained,lda,test,2,3.2744865948507664,-1.4761259344868716
trained,lda,test,2,3.8598216543553105,0.049468360366340752
trained,lda,test,3,-4.9130698485056907,-0.82417568501603977
trained,lda,test,2,3.2669119718989088,-0.08881240900611985
trained,lda,test,2,3.1188664022742878,-1.1866944528944385
trained,lda,test,2,3.8760387050512497,2.2281365001354474
trained,lda,test,3,-4.5262386069486267,0.63995964161474339
trained,lda,test,3,-5.7109706326835807,-1.1855867931483366
trained,lda,test,4,-13.05820124597547,-0.65751204047730616
trained,lda,test,2,3.4164693401836654,0.77955019966634598
trained,lda,test,2,4.3256579811576996,0.95284274973065097
trained,lda,test,3,-4.6057974511019673,0.71993526346386749
trained,lda,test,3,-4.2746916732531481,1.2052016347931509
trained,lda,test,2,3.0399469307916891,-1.5627615009615465
trained,lda,test,3,-4.8553507517583103,0.41195553226456305
trained,lda,test,2,3.2622807983488906,1.7504503748374778
trained,lda,test,2,3.1966990127291357,0.55919843911266753
trained,lda,test,2,3.3787988411457079,-0.15024323145073232
trained,lda,test,3,-4.795560903935514,-0.4472199679350487
trained,lda,test,2,-2.7092305554686007,0.79271559980989503
trained,lda,test,2,4.2083414575377649,1.0992372794445626
trained,lda,test,3,-4.3482805065296963,2.2793648756106184
trained,lda,test,2,3.406276530925135,0.36925363889018425
trained,lda,test,2,3.4654812416775664,0.31738160011478572
trained,lda,test,3,-5.1686312219046862,-1.3040275282802132
trained,lda,test,3,-5.6181983955250576,0.69767267540136824
trained,lda,test,3,-5.0730388972628866,-0.98643145333714621
trained,lda,test,3,-4.5519410204854251,0.36388761882972404
trained,lda,test,2,3.7024667853164037,0.48798800315612151
trained,lda,test,2,3.0896986766952548,-0.49220649389309329
trained,lda,test,2,3.8527810000829441,0.36187380876565317
trained,lda,test,3,-3.6783536794063871,-0.1441779817525364
trained,lda,test,2,3.6383817391063658,-0.63465135148305651
trained,lda,test,2,4.2448655293385444,1.2326471121837883
trained,lda,test,2,3.5650534383938179,0.54323264832131146
trained,lda,test,3,-4.4844256791300605,1.3651888741475569
trained,lda,test,3,-5.007476002612341,-0.26451751567807769
trained,lda,test,3,-4.2419381963839591,0.89087790900654629
trained,lda,test,3,-4.4599432510398707,1.8498581616529959
trained,lda,test,3,-4.6384248318606467,-0.59702188771098708
trained,lda,test,2,3.3681744831585347,-1.0582639809351169
trained,lda,test,3,-4.6514845829500038,-0.97370946878435782
trained,lda,test,2,3.3667392215154051,-1.3810084632690613
trained,lda,test,2,3.6165028783256847,-0.81630472951934452
trained,lda,test,3,-4.4518632061947034,-0.23582177632108775
trained,lda,test,2,3.6931360616664941,0.11226884648002024
trained,lda,test,3,-5.0544282717552225,-0.17873616018824595
trained,lda,test,2,3.4766572735188612,-1.0708003128634171
trained,lda,test,2,3.8872833725388642,0.22020593251806059
trained,lda,test,2,3.5541545666113246,0.48482162964278952
trained,lda,test,2,3.3623886269731367,0.65004509482132133
trained,lda,test,2,4.0030485417182549,-0.027631151235578355
trained,lda,test,2,3.4546255101882801,-0.44376596674375579
trained,lda,test,2,3.7142657463297586,-1.1379471890192165
trained,lda,test,2,3.2118006510635899,0.3905122324027015
trained,lda,test,2,3.538216946974801,-1.0300012973670152
trained,lda,test,3,-4.7408758211537601,-0.73544073800555132
trained,lda,test,2,3.7015135491038436,0.25059131426035641
trained,lda,test,3,-6.1826062683803231,-2.2662247957778896
trained,lda,test,2,3.4554183459027836,-0.71237082690895093
trained,lda,test,2,3.4469127787089624,-0.55511155959224312
trained,lda,test,2,3.3376846594889611,0.4582063273601043
trained,lda,test,3,-5.0784859868692811,-0.9689384782587217
trained,lda,test,3,-4.857841077795058,-1.213278232671843
trained,lda,test,4,-12.396367406231798,-0.25091966949253763
trained,lda,test,4,-13.226025140854031,0.9945376466379181
trained,lda,test,2,3.331128518619217,-0.2242432137795575
trained,lda,test,2,3.4877223672615005,-1.0163558158975439
trained,lda,test,3,-4.8409926133015544,-0.10116982326364449
trained,lda,test,3,-5.1924552117600848,0.54105370078690118
trained,lda,test,2,3.8003955468904893,0.63877012128328081
trained,lda,test,2,4.2700626569087907,0.067654323610275013
trained,lda,test,3,-4.8926464023553375,-0.99310284774844915
trained,lda,test,2,4.0992559014635948,-0.10182566854927994
trained,lda,test,2,3.1809135944215643,1.0585029449882994
trained,lda,test,3,-4.6133474567797164,-0.15969446335303161
trained,lda,test,3,-5.1589691334098902,-1.1643790117064596
trained,lda,test,2,4.8025358440364849,3.6829347731784092
trained,lda,test,2,3.8118159229124187,-0.034196005333246286
trained,lda,test,3,-4.6431023583920057,1.1073479431796542
trained,lda,test,2,3.1993421587179527,-0.15215582770053029
trained,lda,test,2,3.8902307454452814,-0.66095896349130567
trained,lda,test,3,-4.3654183629409866,-0.5562532318325315
trained,lda,test,3,-4.5207735134067626,-0.74646024448966275
trained,lda,test,2,3.5866083883757938,-1.3143638369947153
trained,lda,test,2,3.5896778124979098,-0.72932526175572265
trained,lda,test,2,3.8252880102218452,-0.45904788798414642
trained,lda,test,2,3.3834207769762306,0.52082719765665508
trained,lda,test,3,-5.158199223474556,-0.82246618355435441
trained,lda,test,3,-4.6781451947645101,1.0363356895551079
trained,lda,test,2,3.2520633713237936,1.6814169061769288
trained,lda,test,2,3.3756756330303865,-0.57654841669771195
trained,lda,test,3,-4.3355590467173215,1.8073508823401521
trained,lda,test,3,-4.7933200263422373,-0.39119686395828984
trained,lda,test,2,3.5454188576544534,-1.045111550040714
trained,lda,test,3,-4.7842661086881755,1.5554054879119008
trained,lda,test,2,3.8641028356020257,0.070883564566201235
trained,lda,test,2,3.589453803009143,-1.0646553177291724
trained,lda,test,3,-4.5160332982268789,-0.2175311304770188
trained,lda,test,2,4.2450173372588633,0.77953360952064166
trained,lda,test,2,3.3655165723547111,-1.0871789897791249
trained,lda,test,2,3.2206279523568102,-0.7004553210311002
trained,lda,test,2,3.2467899105981539,-1.7503737656520628
trained,lda,test,2,4.2692972869570225,0.12514494431380965
trained,lda,test,2,3.7530756332276307,-0.24117842594022337
trained,lda,test,2,4.0993553460846668,1.0228002791391531
trained,lda,test,2,3.2479841573972674,-0.69958289323964873
trained,lda,test,4,-14.609027775143666,-2.5637733182789386
trained,lda,test,2,3.3478205237268552,0.14637486431955959
trained,lda,test,3,-5.5924220249891725,-0.092554722623509292
trained,lda,test,2,3.7009250169902899,0.37504842887267997
trained,lda,test,2,3.4772955657947908,-0.62460313762404363
trained,lda,test,2,3.6457721345320708,-0.88276978997650213
trained,lda,test,3,-11.192426892617751,1.7810189686650504
trained,lda,test,2,3.4877223672615005,-1.0163558158975439
trained,lda,test,2,3.5072698642194498,1.3946893535715532
trained,lda,test,3,-4.5009647506449202,-0.39214282762981439
trained,lda,test,2,3.8473761410026808,0.65227965887991379
trained,lda,test,3,-5.1869376266138847,-0.86379705787632799
trained,lda,test,2,3.542857664948202,-0.64842801992281007
trained,lda,test,2,3.3315257211594411,0.54842910745710116
trained,lda,test,3,-4.5616705929328516,-1.3762688089767028
trained,lda,test,4,-12.627532413890982,1.1517932998646334
trained,lda,test,3,-4.1771620808204615,0.37798602395593334
trained,lda,test,2,3.7948863490836691,-0.74167098019312683
trained,lda,test,3,-4.3103371222287299,-0.16865110892318014
trained,lda,test,2,4.3725329488893792,0.33457431519897018
trained,lda,test,2,3.9080820117428936,-1.2471511585466264
trained,lda,test,3,-4.7450878929369944,-1.2160674975323911
trained,lda,test,2,3.8227685696549929,-0.22098471482381168
trained,lda,test,3,-4.6771643494936139,2.0820875557402965
trained,lda,test,2,3.5336034520021995,-0.87172400199718203
trained,lda,test,3,-5.051169229504648,-0.35914935618863569
trained,lda,test,4,-13.244812186399262,-0.6109608441475578
trained,lda,test,3,-4.6673217373105063,0.30104402285265369
trained,lda,test,4,-13.518905118814642,-0.79296279004111037
trained,lda,test,3,-4.0944764031114085,0.45180509145973829
trained,lda,test,3,-4.032146570285998,0.70151991847637674
trained,lda,test,3,-3.7900757464928252,1.0202655851355706
trained,lda,test,2,3.5090201009207966,-0.66434642049047565
trained,lda,test,2,3.1928273723085767,-0.016043572947953021
trained,lda,test,2,3.2323041132673995,-1.4821740303149655
trained,lda,test,2,3.4977121467077334,0.4675033921177405
trained,lda,test,2,3.0399469307916891,-1.5627615009615465
trained,lda,test,2,3.7998514183248826,-0.88693413249480157
trained,lda,test,3,-4.386657136648684,0.019068419877467879
trained,lda,test,2,4.3974058036827079,1.7159889972191991
trained,lda,test,2,3.3791988130386232,-0.45069815634086913
trained,lda,test,2,3.6964230077952447,-1.0775003072859541
trained,lda,test,2,3.6684904459768082,0.17964672875523122
trained,lda,test,2,3.234076798197608,0.23876651024573509
trained,lda,test,2,4.0358316199246982,1.5802313038957789
trained,lda,test,2,4.3589516958864998,1.0865861871212545
trained,lda,test,2,3.9015462416637665,0.55052260566662492
trained,lda,test,2,3.1189441033461085,0.70007117511500272
trained,lda,test,3,-3.7616382017018313,1.2869222323746881
trained,lda,test,3,-5.4402044495869148,-1.3677689690557178
trained,lda,test,3,-4.346419122402069,0.27657676714013657
trained,lda,test,2,3.2747817541453972,1.6541678212856699
trained,lda,test,2,3.5102324016736959,-0.28516224685995784
trained,lda,test,2,3.1860363907487859,-1.4567246403441365
trained,lda,test,3,-5.490088128014583,-0.92336219732750591
trained,lda,test,2,3.2970259488947145,0.44853302124870192
trained,lda,test,3,-4.447007834192461,-0.62430419451769614
trained,lda,test,3,-4.9349065242560197,-0.86201871918399764
trained,lda,test,3,-4.2226580371199889,1.7588699939243564
trained,lda,test,2,3.4421621242027456,0.76856613767339121
trained,lda,test,2,3.7938051285888004,-0.21708064728693469
trained,lda,test,2,3.5015622007784031,-1.449436087354254
trained,lda,test,2,4.0180570991379598,1.3320765376701194
trained,lda,test,2,3.7902635205797215,-0.20522799435234049
trained,lda,test,2,3.3270110047239054,-0.41339587602515088
trained,lda,test,3,-5.149485117410042,-0.61367856227831108
trained,lda,test,2,3.7199577937784474,1.1701220534882382
trained,lda,test,2,4.1505535011400472,-0.62174930084426328
trained,lda,test,2,3.2587929988327251,1.0855078658794315
trained,lda,test,2,3.1492206830984015,0.47560995497133429
trained,lda,test,2,3.7279032273428219,1.0289924711520957
trained,lda,test,2,4.0936570877205201,-0.095489746772507905
trained,lda,test,2,3.6124183231963456,-0.11661113690605646
trained,lda,test,2,3.15803059965104,-1.4917023033982355
trained,lda,test,2,3.8881799521146134,0.17852787969035383
trained,lda,test,2,3.3116976079644767,0.93687696597914183
trained,lda,test,2,3.4143106422580476,-0.19041089974621245
trained,lda,test,2,3.2383363677283468,0.68769357556146005
trained,lda,test,2,3.2930539676481989,-0.65555968773175233
trained,lda,test,3,-4.4328716361264151,2.4784842925078099
trained,lda,test,2,-2.7370397184439059,0.11521622280186004
trained,lda,test,4,-13.089898977297802,-1.2810387199232671
trained,lda,test,2,3.4877223672615005,-1.0163558158975439
trained,lda,test,2,4.0392858276589054,0.73777978286339363
trained,lda,test,3,-4.6348365558528535,-1.2494793395138728
trained,lda,test,2,3.0693532535453971,-0.039091556822043017
trained,lda,test,2,3.2960291582095955,-1.2745115676694878
trained,lda,test,2,3.8711306356151889,-0.88194745038415479
trained,lda,test,3,-3.7893789063474896,-0.20413471849270964
trained,lda,test,4,-11.981139325490277,0.8861723706612441
trained,lda,test,2,3.2645307058538267,1.0523229612392104
trained,lda,test,3,-4.8260702492649816,1.2400059577028022
trained,lda,test,3,-4.7067654814888371,-0.82678322915080227
trained,lda,test,2,3.4134666902038884,0.064349211102347648
trained,lda,test,3,-4.4423976573721395,-0.20117950726475556
trained,lda,test,3,-4.6828184720097026,-0.27102635307019363
trained,lda,test,2,3.6741940995049922,0.75411679388452657
trained,lda,test,2,3.7522233016518163,0.70443813532888055
trained,lda,test,2,3.386007411384921,-0.35889350877651194
trained,lda,test,3,-4.2484250977230946,-0.29103878280709122
trained,lda,test,2,3.7951777100351425,-0.43008369856063433
trained,lda,test,3,-4.6784827744108144,1.9000955032803175
trained,lda,test,2,3.399369653130349,-1.2116145591898977
trained,lda,test,3,-4.3282365474562061,0.26962147139879217
trained,lda,test,3,-4.3328801263309673,-0.94837404083147803
trained,lda,test,2,3.3332053074109655,-1.1121094031603929
trained,lda,test,3,-5.2700634232786747,-0.05497135510197497
trained,lda,test,3,-4.8536104611797288,-0.70283212486597935
trained,lda,test,2,3.2985453624480825,-0.29647859646602853
trained,lda,test,2,4.2071780980807745,0.8995886613103482
trained,lda,test,3,-4.6855952338610303,0.3430619935842541
trained,lda,test,2,3.7889226326476142,-0.98783331110175276
trained,lda,test,3,-4.6143479429183429,2.0049819160175315
trained,lda,test,2,3.6085199896245359,-0.2577488432618516
trained,lda,test,2,3.5837594982512355,-0.22294694634639606
trained,lda,test,2,3.6320525813868789,0.62787498071383474
trained,lda,test,4,-13.278761829437849,-0.1103796208321897
trained,lda,test,2,3.7717428154719221,0.43979953707872788
trained,lda,test,2,4.1172188843480795,0.11725521779287411
trained,lda,test,2,3.2960291582095955,-1.2745115676694878
trained,lda,test,2,3.5202017859596171,-0.91189012970010763
trained,lda,test,2,3.2029519336731189,-0.59256820515281394
trained,lda,test,2,3.251093827199814,0.03690796859227366
trained,lda,test,2,4.0436386541365996,-0.62888590942997935
trained,lda,test,3,-5.3520495240340509,-1.7730635741836869
trained,lda,test,2,3.6785823021575532,-0.60828393370654543
trained,lda,test,2,3.458482857999877,0.34963989415995994
trained,lda,test,3,-4.6427421882003106,0.62159787335275574
trained,lda,test,2,3.597304910921391,0.49531525577425667
trained,lda,test,2,3.7683328946579686,-0.41636008426074667
trained,lda,test,2,3.2035742468195303,0.42051412253389553
trained,lda,test,3,-4.9155074340207916,2.1295299151915099
trained,lda,test,4,-20.183177861842239,0.15027656073207044
trained,lda,test,3,-3.2025094735716926,1.5942532623393944
trained,lda,test,3,-4.1577681185197521,1.4278509629532734
trained,lda,test,2,-3.0877699302782928,1.3650713882144623
trained,lda,test,2,3.7197809786711025,1.1113011635194074
trained,lda,test,2,3.9815760867290941,0.72108054271122746
trained,lda,test,2,4.1090256427773539,1.0718410520293251
trained,lda,test,1,11.852215480667155,0.37802391294911641
trained,lda,test,2,4.0507038295712778,1.4581883307782477
trained,lda,test,3,-5.0793833792035707,0.37782839610208152
trained,lda,test,3,-4.566095674945525,0.15754265676557941
trained,lda,test,2,3.7272613802019938,-0.45858639379705207
trained,lda,test,2,3.6530348402962769,0.31848706937345933
trained,lda,test,2,3.3667392215154051,-1.3810084632690613
trained,lda,test,2,3.8976852925520649,2.3249485868631634
trained,lda,test,1,11.93114313092256,0.23493101459054039
trained,lda,test,1,12.067067539241354,2.7346403641415939
trained,lda,test,2,3.8383597807107455,0.22246741305552431
trained,lda,test,4,-13.097503764792664,0.98025839003489612
trained,lda,test,2,3.4273394106867547,-0.45428740680381774
trained,lda,test,3,-4.4685043872261563,-0.63571417501721672
trained,lda,test,2,3.9486899911345534,0.72358851124348977
trained,lda,test,2,3.1621615876103961,0.2993550147811983
trained,lda,test,3,-4.6506241873945235,-0.17749418395923502
trained,lda,test,2,3.4676256435837791,-0.5230738197529593
trained,lda,test,2,3.6534976499702356,1.0038418494706549
trained,lda,test,2,3.7151797442529761,-0.67000104549316908
trained,lda,test,3,-3.5205768272806179,0.2646650162678339
trained,lda,test,4,-12.868020503905916,0.36860977964471348
trained,lda,test,2,3.2208514232908874,0.53479217001717338
trained,lda,test,2,3.8241365284900497,0.12099572392429681
trained,lda,test,2,3.5050849354082096,-1.3568889178972767
trained,lda,test,3,-5.1767374873912493,0.053918653519270762
trained,lda,test,2,3.4172021649276672,1.9705676828389271
trained,lda,test,2,3.3982680180989773,0.57620631392015231
trained,lda,test,2,3.3540767787594388,-0.57576405976474376
trained,lda,test,2,3.5461512818311185,0.32929983590726836
trained,lda,test,3,-4.7068351625190354,1.5537508463191698
trained,lda,test,3,-4.5452924793814047,-0.76671877190512228
trained,lda,test,3,-4.3893574897002994,1.0572966169426197
trained,lda,test,2,3.3663845013324583,-1.4356028159860783
trained,lda,test,2,3.2542440819981051,-1.3434387531124845
trained,lda,test,3,-4.4488131177188333,-1.1978827790431577
trained,lda,test,2,3.5970136664119101,0.50888739101362179
trained,lda,test,2,3.3132744736392175,-1.7531861257454524
trained,lda,test,3,-3.9704298700389016,-0.094990926581764071
trained,lda,test,2,3.6072439260845117,1.292099845777541
trained,lda,test,2,3.9517763936613526,-0.32691201825724009
trained,lda,test,2,3.0997241109403482,-0.37638626593146135
trained,lda,test,3,-11.531570846319054,1.4810294123128425
trained,lda,test,2,3.798384949735889,-0.009619404296111897
trained,lda,test,3,-5.0348736807481416,-0.7159625538963782
trained,lda,test,2,3.0263442604324347,-1.3318777650337159
trained,lda,test,2,3.2583368457166655,2.4790362298049629
trained,lda,test,3,-5.5182293656691872,1.232123490383884
trained,lda,test,2,3.3219753619461923,-0.47133146929070674
trained,lda,test,2,3.4149280481434863,-0.92686302046732494
trained,lda,test,2,3.4044333817219981,0.4147450117865869
trained,lda,test,3,-4.3737887964959743,-0.71292406692283483
trained,lda,test,2,3.1940559157901771,-1.225171507574754
trained,lda,test,2,3.5073027358588562,0.039644685280507255
trained,lda,test,2,3.15803059965104,-1.4917023033982355
trained,lda,test,3,-3.3210487273716289,0.1824053160475009
trained,lda,test,2,3.7086046614049222,-0.70504883751653913
trained,lda,test,3,-5.3336923182535569,-0.60004439854609726
trained,lda,test,3,-4.7607619047859417,-1.1590196894258196
trained,lda,test,2,3.5131507852223209,-1.3918627770540508
trained,lda,test,3,-4.6527710660897652,-0.81117701944977449
trained,lda,test,2,2.9611787597828325,-1.554332900654535
trained,lda,test,2,4.2414969389787522,0.4919447107453177
trained,lda,test,2,3.974286765439802,-0.57399767896700671
trained,lda,test,2,3.9287327710420188,2.1250927575900156
trained,lda,test,3,-5.162532599207446,0.014966036606228346
trained,lda,test,4,-13.888966167498767,-0.92343032510260592
trained,lda,test,2,4.068476329043885,1.1994885804117292
trained,lda,test,2,3.9170669568922838,0.70804204097438306
trained,lda,test,2,3.8636653284541,0.39307966122075427
trained,lda,test,2,3.7004962254176998,1.0390713483981582
trained,lda,test,2,3.4683811997422551,-1.6353569976767739
trained,lda,test,3,-5.3574029075787211,0.98444716493045792
trained,lda,test,3,-4.4836083412778303,-0.498484099692176
trained,lda,test,1,12.288894504411481,1.0927221411428019
trained,lda,test,2,2.9631677789671618,-0.70254298634780921
trained,lda,test,3,-4.8537522666975388,-0.29403263313992717
trained,lda,test,2,3.787135507616294,-0.014747034037416501
trained,lda,test,2,3.2198882175777919,-0.71148750098769309
trained,lda,test,2,3.2000122153737722,-1.2918973256865658
trained,lda,test,3,-4.3393230407734267,0.70607711600005818
trained,lda,test,2,3.3425693819955011,-0.073451610992400634
trained,lda,test,2,3.5810196717087655,-0.77132318668112476
trained,lda,test,2,4.5148318086354529,3.1472856276180878
trained,lda,test,2,3.5924271923274995,1.1723678023693858
trained,lda,test,2,3.3932701896484816,0.64491042385272757
trained,lda,test,2,3.6704002022305509,1.2089781818364755
trained,lda,test,2,3.6531979061070494,-1.0179594188703389
trained,lda,test,2,3.3458806653385427,-0.2759775876831681
trained,lda,test,3,-4.8396111547514256,-0.21279681010885143
trained,lda,test,2,4.6596964099599161,0.49080747995183888
trained,lda,test,2,3.4894102833944682,-1.2998405480118549
trained,lda,test,2,3.5959288686851769,0.41595355952251101
trained,lda,test,3,-4.4412524176142441,0.71830584577114365
trained,lda,test,3,-4.4236674559695803,1.3492568345310729
trained,lda,test,3,-4.3755978522183883,0.27210067838444546
trained,lda,test,3,-4.7986784560063196,1.0780101843871177
trained,lda,test,1,12.135346876867171,0.53084791841343759
trained,lda,test,3,-4.6391357472398633,0.02255037287193614
trained,lda,test,2,3.0451317016082355,-0.028143603580451582
trained,lda,test,2,3.8962116318833395,0.5805892261923844
trained,lda,test,2,3.5272966951771387,0.049736039723164281
trained,lda,test,3,-4.4225451834234528,-0.2936750421075674
trained,lda,test,3,-4.7848558669113039,-0.74269875654667528
trained,lda,test,2,3.9651060388193176,2.5242544645685321
trained,lda,test,4,-12.637082816536118,2.4889354759989408
trained,lda,test,2,3.3234681226606821,2.0978587752381426
trained,lda,test,2,3.9252100796918388,1.0966531423624231
trained,lda,test,3,-3.8986190253317536,1.5302361861575744
trained,lda,test,2,3.5285712751516596,0.45953173580556933
trained,lda,test,3,-5.2505776673188853,-1.6817299051665342
trained,lda,test,2,4.0116916082141802,0.14298318649726335
trained,lda,test,4,-20.254111442822989,0.90776728943483342
trained,lda,test,2,3.3389461603340242,0.44601242929254142
trained,lda,test,3,-4.6348134523818105,1.2767450135078811
trained,lda,test,2,3.1310551910612872,-0.43936413419396869
trained,lda,test,2,3.7932994211659481,-0.75063649109125541
trained,lda,test,4,-12.8512475680114,0.82512640256697733
trained,lda,test,3,-5.0460491777912422,-0.76003657136839864
trained,lda,test,2,3.251225926350632,-1.0711750059539575
trained,lda,test,2,3.7524271492008379,0.35431439344560339
trained,lda,test,2,3.4061087442870077,0.89006243145147679
trained,lda,test,2,-3.3108226424209062,2.2925274138491685
trained,lda,test,2,3.0890315592311834,-1.5669040661561555
trained,lda,test,3,-4.7487930240063525,-0.80593495071424004
trained,lda,test,2,3.2926777184778224,0.017711226055399248
trained,lda,test,4,-12.214529358223295,-0.27507067221197773
trained,lda,test,2,3.8711306356151889,-0.88194745038415479
trained,lda,test,2,3.8418400258231462,-0.25680599311616525
trained,lda,test,2,3.5259143602102818,-0.68909959264061527
trained,lda,test,2,3.1893940941574268,-1.4794363857164714
trained,lda,test,3,-4.3239660632826551,0.096807464480552108
trained,lda,test,2,3.5724437332480017,0.62549769647970166
trained,lda,test,2,3.8338817304093031,1.0605120336485219
trained,lda,test,2,3.4881336928030691,-0.84175364592327129
trained,lda,test,2,3.4663105630873301,-0.71270119524190167
trained,lda,test,2,3.7129918039768688,-0.086369316749976
trained,lda,test,1,12.030700733369297,0.31311687414043565
trained,lda,test,2,3.6014953743990263,0.38903545988697147
trained,lda,test,3,-5.7972211967087395,-1.9818226442249816
trained,lda,test,2,3.8601334945161589,-1.238501557473465
trained,lda,test,4,-13.304392282639197,-0.47129475596778481
trained,lda,test,2,3.5350137178390968,-1.1270229503669467
trained,lda,test,3,-4.9178025840706212,-0.85246900587819407
trained,lda,test,3,-4.620783858123767,-0.82229364104226355
trained,lda,test,1,12.12771725576752,1.0941837629599855
trained,lda,test,2,3.3442957610018569,-0.051552452245370493
trained,lda,test,2,3.5849385675939551,-1.0686468097769295
trained,lda,test,1,12.158346011852638,2.3256837123991909
trained,lda,test,3,-4.5885517995675915,1.321790641939903
trained,lda,test,2,3.9192624425071987,0.53252661764595455
trained,lda,test,2,3.9367403455485697,-0.56932662734380235
trained,lda,test,2,3.5457984820749688,1.6468887062741588
trained,lda,test,3,-12.557727045023556,0.68192488498140946
trained,lda,test,2,3.6399399567209874,0.66743826373718063
trained,lda,test,2,3.3241228707758439,-1.2030113184584148
trained,lda,test,2,3.2993291619263387,0.33911039667883558
trained,lda,test,3,-4.6691546111890858,-0.83174125103411811
trained,lda,test,4,-12.237825314350859,2.5757627499072422
trained,lda,test,2,4.1365516051143576,1.116059186690012
trained,lda,test,3,-4.9342488959533917,0.33849398627730037
trained,lda,test,3,-4.4508548220386324,-0.23612569182361914
trained,lda,test,3,-4.7636884346815087,0.57080631305890461
trained,lda,test,2,3.6299420250432859,0.82707177852531621
trained,lda,test,3,-5.0881323963738128,0.0065946175545307413
trained,lda,test,3,-4.8916466629772284,-0.8126189437179907
trained,lda,test,3,-5.224130688844105,0.29527345368858526
trained,lda,test,2,3.3944699816068198,0.4103222669012368
trained,lda,test,3,-5.4441025053299663,-0.33195722839771014
trained,lda,test,2,3.8115564509612145,0.31574774674716433
trained,lda,test,2,4.1573459338502765,0.52655390107865452
trained,lda,test,2,3.5889533162612683,-0.54335324611744884
trained,lda,test,2,3.9523095121560314,0.051506735090947033
trained,lda,test,3,-5.2958668872956176,-0.89226617243186512
trained,lda,test,2,3.4195953450124761,0.17702330361141508
trained,lda,test,3,-5.0762019249702774,-1.9460459335202451
trained,lda,test,2,4.4370483175871893,1.564534149052462
trained,lda,test,2,3.767614939682121,-0.54040810253548333
trained,lda,test,3,-5.3094155048631153,-0.91929794991583003
trained,lda,test,1,12.148070506088896,0.13782843054683216
trained,lda,test,2,3.8882028642053177,0.67949184081248792
trained,lda,test,2,3.6538322851121587,0.35236907928583383
trained,lda,test,3,-5.2286839260450515,-1.2019686010595383
trained,lda,test,2,3.3266795875880635,0.5520767312185717
trained,lda,test,2,3.9710921116792162,0.56083734439859079
trained,lda,test,2,3.2289939265651793,-1.4400825079517867
trained,lda,test,2,3.4135104045572517,-0.59244616371783643
trained,lda,test,2,3.6054218825963908,-1.1221409108419971
trained,lda,test,3,-3.9487842765934631,-0.19314535936411523
trained,lda,test,2,3.46586841612188,0.5421606221136438
trained,lda,test,4,-12.668146385729138,-0.70503516368816632
trained,lda,test,2,3.4493787603352541,-1.1428178341307831
trained,lda,test,3,-4.6211145335266881,2.323523100256732
trained,lda,test,2,3.5914381205519965,-1.5428441665344657
trained,lda,test,3,-5.6031934561631305,-0.26838158880764079
trained,lda,test,3,-4.9841041753886586,-1.6428166849377461
trained,lda,test,2,3.3359818873744018,1.1609344656163674
trained,lda,test,2,4.1434651539643239,1.6184433405501468
trained,lda,test,2,3.783659253075609,-0.030364606483287437
trained,lda,test,2,3.4845169663510074,-1.1694739013816804
trained,lda,test,3,-4.0328136420203826,0.5364504832193725
trained,lda,test,3,-4.8003844419874762,-0.013996325131080416
trained,lda,test,2,3.7669363812979486,1.6230503984480571
trained,lda,test,3,-4.8445127907791239,-0.11363521594919307
trained,lda,test,3,-5.3549829066778827,-0.62059663097699358
trained,lda,test,2,3.5525692010590451,-1.4627758242992071
trained,lda,test,2,4.1640194258028922,0.63457460601483229
trained,lda,test,2,2.9127843620337215,-0.80449262059559268
trained,lda,test,2,3.4260338621858981,1.3791857379273302
trained,lda,test,3,-5.2337967086340198,-1.1654580103052257
trained,lda,test,2,3.263251316244479,0.58907185403069362
trained,lda,test,2,3.6112493013399396,-0.28228510990076749
trained,lda,test,2,3.3667392215154051,-1.3810084632690613
trained,lda,test,2,3.2797920505475977,1.4884155715730374
trained,lda,test,2,3.6454342692407775,-0.89949896928930517
trained,lda,test,3,-4.4500181792959852,0.020062347344963642
trained,lda,test,3,-3.6631672337268588,-0.28714774667861481
trained,lda,test,3,-4.3120493018897132,0.24860087958142926
trained,lda,test,2,3.1819436378950656,-0.71196667462118224
trained,lda,test,2,-3.1056965117194353,1.1462554046388467
trained,lda,test,3,-5.5870209221371256,-0.37449873637927394
trained,lda,test,2,3.5371560224432326,0.53436213861386894
trained,lda,test,3,-5.1089655493883566,0.071348136665936451
trained,lda,test,2,3.3497777776837383,-1.2404661579321272
trained,lda,test,3,-4.3399272618632754,-1.14132229445402
trained,lda,test,2,3.5587023101703572,-0.28230729823193174
trained,lda,test,3,-4.1424311060314478,0.26925883524554201
trained,lda,test,3,-3.7398738724563754,1.921520515685444
trained,lda,test,2,3.6012224405934683,-0.0058219831599554041
trained,lda,test,2,3.2821369203902697,1.8045819267238756
trained,lda,test,2,3.3005875215404541,-0.54912051962377684
trained,lda,test,4,-13.778118113303975,-1.0953722677617526
trained,lda,test,2,3.142062982151324,1.7331997629440652
trained,lda,test,3,-4.659679612619728,0.26335714512764608
trained,lda,test,3,-4.7028898691645411,0.72848119282615675
trained,lda,test,2,3.2124503840033412,-1.1286387124516006
trained,lda,test,2,3.1851721168213829,-0.09043890099319607
trained,lda,test,3,-4.9429588021348474,0.53425813744065365
trained,lda,test,2,3.8208223465306084,-0.1859292467362573
trained,lda,test,2,3.5794121553005822,0.22397641437746671
trained,lda,test,2,2.7750862405479784,-0.58690928253816765
trained,lda,test,2,4.0339449627154149,0.67778079440798256
trained,lda,test,2,3.0751180281514974,0.97321748178902812
trained,lda,test,3,-4.0939214539722872,-0.014678836004458018
trained,lda,test,2,4.3262086718255404,-0.41948101854093511
trained,lda,test,2,3.7585534950833184,-0.29781190845069572
trained,lda,test,2,3.4431424635011152,-0.79695557151413743
trained,lda,test,2,3.4674900512780593,0.32533401850899041
trained,lda,test,3,-4.568373712899378,-0.53667307434240885
trained,lda,test,2,4.034162671919459,-1.2804067284045899
trained,lda,test,2,5.1461036648881198,0.85420897733288137
trained,lda,test,3,-4.9754665585605897,0.79136931536877586
trained,lda,test,3,-5.0504109764561838,-1.7263205829399544
trained,lda,test,2,3.1274418093431615,-0.941777650881646
trained,lda,test,2,4.255830026453304,0.90532620381414708
trained,lda,test,1,12.120464757976977,1.240477301614419
trained,lda,test,2,3.3765450690936096,0.6714794707864159
trained,lda,test,3,-5.0492972590450638,1.7493717079688482
trained,lda,test,3,-5.7399153528067526,-1.4181629867847485
trained,lda,test,2,3.2960291582095955,-1.2745115676694878
trained,lda,test,3,-3.2131302599343798,0.015111668322204163
trained,lda,test,3,-4.7646477033325194,-0.61962733145870352
trained,lda,test,2,-3.126332846261604,1.8743369851264926
trained,lda,test,3,-4.1166459247311105,-0.38514473199163374
trained,lda,test,3,-5.2816235474217237,0.85617711274854391
trained,lda,test,2,3.4641320816986934,0.85081194817352024
trained,lda,test,3,-5.0624820037093654,0.019259620271563856
trained,lda,test,2,3.8950385894826836,2.1935383006675613
trained,lda,test,2,3.8153020055490123,0.2518219768725663
trained,lda,test,2,3.7355784461521666,-1.1547007006026995
trained,lda,test,3,-4.6417587824580684,-0.909991711680049
trained,lda,test,2,4.3187458278387671,0.756794055911721
trained,lda,test,2,3.3320047563827573,0.75569139401619545
trained,lda,test,1,12.224968252317982,1.2105118398667605
trained,lda,test,2,3.4899741380229727,0.16998917032402452
trained,lda,test,3,-4.7012375930378534,1.0934933555096058
trained,lda,test,2,3.8316994331686089,0.6967795725405167
trained,lda,test,2,3.7899872886547405,1.6114760858248072
trained,lda,test,3,-4.1802476541432769,-0.55794100759414533
trained,lda,test,2,3.7185118881183303,1.0784222097411362
trained,lda,test,3,-4.7378395523452124,-0.61801204053666903
trained,lda,test,3,-3.8652038484555686,0.92152336244905786
trained,lda,test,4,-13.368670269425198,0.093736472949680294
trained,lda,test,3,-4.5470025429730185,-0.16345744601266765
trained,lda,test,3,-4.7090743815864577,-0.50792499958330761
trained,lda,test,3,-4.8603046870208155,0.076235628679043294
trained,lda,test,2,3.0636061149470142,-0.97158274428623925
trained,lda,test,2,3.5403874352907314,-0.74719549678572927
trained,lda,test,2,3.1871776266407124,-0.60499704208823279
trained,lda,test,2,3.4764282546324892,0.1638156423811615
trained,lda,test,2,3.4446983427936058,0.26356455345309132
trained,lda,test,2,4.4433641789108291,0.1881350865987344
trained,lda,test,3,-3.7190189976263954,1.2048527160702021
trained,lda,test,2,4.1996262805329563,0.76877863441836081
trained,lda,test,3,-5.3936928835981455,-1.2027077881363257
trained,lda,test,3,-4.6512305548761779,-0.72843076124899298
trained,lda,test,2,3.9093697113344281,0.51877677642931586
trained,lda,test,3,-3.9902115594697327,1.0725264954467346
trained,lda,test,2,4.3859073423502011,1.2210197684068425
trained,lda,test,2,3.585587122512254,0.21671701022513745
trained,pca,train,3,-11.301152229309082,1.8621785640716553
trained,pca,train,3,4.8751306533813477,5.3644046783447266
trained,pca,train,2,-6.1728167533874512,-3.4165246486663818
trained,pca,train,2,7.2479734420776367,1.056831955909729
trained,pca,train,2,-5.8491659164428711,-3.7516241073608398
trained,pca,train,3,8.7475900650024414,-0.99332630634307861
trained,pca,train,3,9.1878652572631836,0.18935239315032959
trained,pca,train,2,3.690910816192627,5.7890534400939941
trained,pca,train,2,-2.6676077842712402,-4.3788375854492188
trained,pca,train,2,8.7948684692382812,0.35864168405532837
trained,pca,train,2,10.710143089294434,-3.1161873340606689
trained,pca,train,3,9.6657218933105469,-1.0910634994506836
trained,pca,train,2,6.4062786102294922,-1.2645387649536133
trained,pca,train,2,-5.5579118728637695,3.3821558952331543
trained,pca,train,2,0.64392632246017456,-1.0918060541152954
trained,pca,train,3,2.9367997646331787,-0.90022003650665283
trained,pca,train,3,-0.64225888252258301,-1.1583820581436157
trained,pca,train,2,-2.4681458473205566,-4.247776985168457
trained,pca,train,3,-14.375954627990723,1.3045163154602051
trained,pca,train,3,-1.3374764919281006,-3.7540483474731445
trained,pca,train,3,7.326866626739502,-0.41832262277603149
trained,pca,train,4,-9.6829605102539062,0.7395445704460144
trained,pca,train,3,5.0909218788146973,0.42449724674224854
trained,pca,train,3,6.158299446105957,0.51038932800292969
trained,pca,train,2,-13.894095420837402,1.7543991804122925
trained,pca,train,3,9.80126953125,-1.1566464900970459
trained,pca,train,2,6.4650030136108398,3.6921658515930176
trained,pca,train,2,4.5649223327636719,5.1278562545776367
trained,pca,train,2,4.0173273086547852,0.23372894525527954
trained,pca,train,3,2.7919409275054932,4.9726672172546387
trained,pca,train,2,2.5378906726837158,0.34027522802352905
trained,pca,train,2,1.3852094411849976,-4.1295509338378906
trained,pca,train,2,-8.6027765274047852,0.67675644159317017
trained,pca,train,3,2.1537890434265137,6.0806779861450195
trained,pca,train,2,-6.4896564483642578,2.4151341915130615
trained,pca,train,2,5.6493411064147949,2.5775265693664551
trained,pca,train,2,-10.914103507995605,-1.7528197765350342
trained,pca,train,2,-3.7590813636779785,1.0820444822311401
trained,pca,train,2,-1.4272164106369019,1.3513013124465942
trained,pca,train,2,0.24422234296798706,2.9892125129699707
trained,pca,train,2,-2.3600797653198242,-1.1909146308898926
trained,pca,train,3,2.6966714859008789,0.54682540893554688
trained,pca,train,2,-0.16763405501842499,3.6719694137573242
trained,pca,train,2,8.3596401214599609,-2.9885473251342773
trained,pca,train,2,-2.5427746772766113,-1.2439496517181396
trained,pca,train,3,1.5749715566635132,6.6582598686218262
trained,pca,train,3,-12.416322708129883,-1.3355883359909058
trained,pca,train,2,4.6737523078918457,0.40498027205467224
trained,pca,train,2,-0.52113264799118042,0.1589106023311615
trained,pca,train,3,-0.77790814638137817,2.7041873931884766
trained,pca,train,2,3.4591455459594727,3.4419214725494385
trained,pca,train,3,-9.0988988876342773,2.1683926582336426
trained,pca,train,3,-6.5550594329833984,-1.8042783737182617
trained,pca,train,3,-0.37503620982170105,-4.1774740219116211
trained,pca,train,2,9.2692108154296875,-1.6721172332763672
trained,pca,train,2,7.0260429382324219,2.3267006874084473
trained,pca,train,2,-3.6231493949890137,4.9275760650634766
trained,pca,train,1,-2.9354615211486816,4.3926630020141602
trained,pca,train,3,-12.527958869934082,1.4776556491851807
trained,pca,train,2,9.4255237579345703,-2.2630572319030762
trained,pca,train,4,1.5702192783355713,0.8271523118019104
trained,pca,train,2,-7.9158782958984375,0.19875222444534302
trained,pca,train,3,-0.56646668910980225,1.5715986490249634
trained,pca,train,2,-0.12465260922908783,-2.8210070133209229
trained,pca,train,3,-11.526433944702148,-5.1497173309326172
trained,pca,train,3,-7.3635377883911133,-1.4958281517028809
trained,pca,train,2,1.1921616792678833,7.420590877532959
trained,pca,train,2,-3.0764443874359131,-3.9486021995544434
trained,pca,train,2,-4.80145263671875,3.6491060256958008
trained,pca,train,2,6.548682689666748,0.3667236864566803
trained,pca,train,3,6.965919017791748,3.2135252952575684
trained,pca,train,3,9.7936744689941406,-1.7867002487182617
trained,pca,train,3,6.3981361389160156,-2.5685389041900635
trained,pca,train,3,-11.341257095336914,1.9881787300109863
trained,pca,train,2,-0.21532620489597321,-1.6620181798934937
trained,pca,train,2,9.4675006866455078,-3.0071029663085938
trained,pca,train,4,3.8259172439575195,6.0947561264038086
trained,pca,train,3,0.53518760204315186,3.362830638885498
trained,pca,train,2,-2.2308676242828369,-2.4045073986053467
trained,pca,train,2,8.5924053192138672,-0.39660251140594482
trained,pca,train,2,4.6993093490600586,2.829411506652832
trained,pca,train,2,-5.540766716003418,7.1440672874450684
trained,pca,train,2,-8.0671920776367188,-1.9209482669830322
trained,pca,train,2,9.8309421539306641,-1.8496010303497314
trained,pca,train,3,-6.2706232070922852,-4.2685766220092773
trained,pca,train,2,2.9969415664672852,-2.7129373550415039
trained,pca,train,2,-1.762367844581604,3.1026015281677246
trained,pca,train,2,3.1961727142333984,-2.3996672630310059
trained,pca,train,2,-2.8567624092102051,-4.489567756652832
trained,pca,train,3,-14.221324920654297,3.8748388290405273
trained,pca,train,3,-7.0333986282348633,-3.7399697303771973
trained,pca,train,2,10.732830047607422,-2.7973265647888184
trained,pca,train,2,-2.7470240592956543,0.15827670693397522
trained,pca,train,2,-1.5701786279678345,-5.4345769882202148
trained,pca,train,2,-5.2418603897094727,2.9697375297546387
trained,pca,train,3,9.7349061965942383,-2.7105498313903809
trained,pca,train,2,-10.456706047058105,-0.51483052968978882
trained,pca,train,3,-2.5009970664978027,-3.8354775905609131
trained,pca,train,2,-1.2945272922515869,1.7460033893585205
trained,pca,train,2,1.1918148994445801,3.031606912612915
trained,pca,train,2,0.5685352087020874,-0.69180035591125488
trained,pca,train,3,6.001192569732666,-0.44616520404815674
trained,pca,train,2,9.7558307647705078,-1.8077250719070435
trained,pca,train,2,-1.3302255868911743,7.0243258476257324
trained,pca,train,2,9.3623943328857422,0.060025278478860855
trained,pca,train,2,-7.4530239105224609,-4.7941150665283203
trained,pca,train,2,5.9600801467895508,-3.6829063892364502
trained,pca,train,2,2.5341000556945801,2.7371220588684082
trained,pca,train,2,-6.8166766166687012,-2.7146129608154297
trained,pca,train,4,-3.4900195598602295,6.240717887878418
trained,pca,train,3,-6.4544410705566406,2.2755155563354492
trained,pca,train,2,-13.735106468200684,3.9795150756835938
trained,pca,train,2,10.722663879394531,-3.0399529933929443
trained,pca,train,3,1.0719003677368164,-2.0117249488830566
trained,pca,train,2,-2.3504376411437988,0.51824712753295898
trained,pca,train,2,-2.2889842987060547,-0.9154173731803894
trained,pca,train,3,-10.167277336120605,5.6942248344421387
trained,pca,train,2,-0.29171976447105408,0.18237894773483276
trained,pca,train,2,-11.366950988769531,-1.1673991680145264
trained,pca,train,2,-12.406166076660156,3.4931235313415527
trained,pca,train,2,3.8894486427307129,2.5468215942382812
trained,pca,train,3,5.8330779075622559,-2.3842799663543701
trained,pca,train,2,8.0213184356689453,0.068366058170795441
trained,pca,train,2,-1.9479374885559082,2.2977886199951172
trained,pca,train,2,10.660427093505859,-3.2142088413238525
trained,pca,train,3,-0.011096347123384476,0.35295721888542175
trained,pca,train,3,6.8452844619750977,-1.7402888536453247
trained,pca,train,3,7.2037849426269531,1.3321847915649414
trained,pca,train,3,-13.342288017272949,-3.4015469551086426
trained,pca,train,4,8.8776636123657227,-0.58128690719604492
trained,pca,train,2,-11.19715690612793,0.60380387306213379
trained,pca,train,2,2.6284875869750977,-4.2667722702026367
trained,pca,train,3,-6.847412109375,0.18973270058631897
trained,pca,train,2,1.9010845422744751,-4.4321374893188477
trained,pca,train,2,-5.3811511993408203,-6.1668920516967773
trained,pca,train,2,-8.2774734497070312,-6.0743198394775391
trained,pca,train,2,-9.153533935546875,2.0603511333465576
trained,pca,train,2,-2.2735435962677002,0.10025351494550705
trained,pca,train,2,1.2589991092681885,-2.8093278408050537
trained,pca,train,1,-9.2292661666870117,-2.8954291343688965
trained,pca,train,2,0.58697134256362915,-2.6286134719848633
trained,pca,train,2,-7.0818185806274414,2.8861403465270996
trained,pca,train,3,-3.0731503963470459,-2.4286532402038574
trained,pca,train,3,6.9157695770263672,1.4532217979431152
trained,pca,train,2,1.6063588857650757,1.3254413604736328
trained,pca,train,2,-0.21133942902088165,0.90897530317306519
trained,pca,train,2,7.1542315483093262,-1.2855265140533447
trained,pca,train,2,-4.1814098358154297,3.5763826370239258
trained,pca,train,2,1.8465167284011841,-4.7837948799133301
trained,pca,train,3,3.3520350456237793,4.969721794128418
trained,pca,train,2,10.718769073486328,-2.9935042858123779
trained,pca,train,2,3.7673025131225586,6.5268955230712891
trained,pca,train,3,-9.7675342559814453,1.3557103872299194
trained,pca,train,3,-4.2611932754516602,1.9391771554946899
trained,pca,train,2,-8.2022237777709961,-5.0150184631347656
trained,pca,train,2,-11.254532814025879,-2.1380393505096436
trained,pca,train,2,-5.1696715354919434,6.7561430931091309
trained,pca,train,3,-11.310310363769531,1.2370846271514893
trained,pca,train,2,10.097389221191406,-1.2058045864105225
trained,pca,train,2,5.8116583824157715,3.0668108463287354
trained,pca,train,3,-6.4829263687133789,4.040442943572998
trained,pca,train,3,-2.6624236106872559,2.6826891899108887
trained,pca,train,2,0.89097905158996582,-4.4371795654296875
trained,pca,train,2,-5.9664835929870605,1.6675502061843872
trained,pca,train,3,2.5876054763793945,2.5022711753845215
trained,pca,train,2,6.8110570907592773,2.1350359916687012
trained,pca,train,2,3.4565322399139404,3.8627724647521973
trained,pca,train,3,2.3211238384246826,0.48076090216636658
trained,pca,train,2,7.0105547904968262,-1.4952399730682373
trained,pca,train,2,0.67551195621490479,-0.97196948528289795
trained,pca,train,2,-0.31107309460639954,-4.8659152984619141
trained,pca,train,2,0.1424306184053421,-1.9291681051254272
trained,pca,train,3,-10.821937561035156,2.424560546875
trained,pca,train,3,-7.0192689895629883,-4.9109811782836914
trained,pca,train,2,-14.730753898620605,-0.23040461540222168
trained,pca,train,2,-8.366246223449707,-2.9321846961975098
trained,pca,train,2,-3.745729923248291,-2.5803894996643066
trained,pca,train,2,-3.1162242889404297,-5.5219950675964355
trained,pca,train,2,-1.3087680339813232,-0.299417644739151
trained,pca,train,2,5.8442611694335938,4.1682295799255371
trained,pca,train,4,1.1979300975799561,6.7166261672973633
trained,pca,train,3,2.7201457023620605,-2.1210906505584717
trained,pca,train,3,-1.2905263900756836,5.1050815582275391
trained,pca,train,1,-5.1509838104248047,-1.9584758281707764
trained,pca,train,2,-1.0115563869476318,-4.3910503387451172
trained,pca,train,2,-6.4600763320922852,5.9478244781494141
trained,pca,train,3,-5.6968412399291992,-1.9942243099212646
trained,pca,train,2,-2.3439323902130127,5.403900146484375
trained,pca,train,2,3.2633390426635742,3.4205875396728516
trained,pca,train,2,6.2921686172485352,3.6104354858398438
trained,pca,train,2,-7.5683159828186035,2.2781252861022949
trained,pca,train,3,6.8865084648132324,3.1344070434570312
trained,pca,train,2,10.300230979919434,-2.5791440010070801
trained,pca,train,3,5.1324977874755859,-3.2323293685913086
trained,pca,train,2,-12.427223205566406,0.49688369035720825
trained,pca,train,3,6.3437938690185547,0.57869434356689453
trained,pca,train,2,8.2983283996582031,-2.1142122745513916
trained,pca,train,2,-4.1671514511108398,5.2419891357421875
trained,pca,train,3,-15.947384834289551,1.024029016494751
trained,pca,train,2,-13.331422805786133,0.76617741584777832
trained,pca,train,3,-1.7356910705566406,-1.0431106090545654
trained,pca,train,2,7.0093817710876465,-3.6895008087158203
trained,pca,train,2,-6.3626041412353516,-5.0670442581176758
trained,pca,train,2,9.4345111846923828,-2.175001859664917
trained,pca,train,2,-0.21096491813659668,-3.4719028472900391
trained,pca,train,2,-4.1090216636657715,-2.33892822265625
trained,pca,train,2,10.710143089294434,-3.1161873340606689
trained,pca,train,2,1.2102880477905273,5.7081341743469238
trained,pca,train,2,-7.8989624977111816,1.1898694038391113
trained,pca,train,2,-6.5606613159179688,-4.3227987289428711
trained,pca,train,2,-7.9314641952514648,-6.6502141952514648
trained,pca,train,3,-2.0375657081604004,-2.0814213752746582
trained,pca,train,2,8.8821945190429688,0.99998390674591064
trained,pca,train,2,-2.781235933303833,1.6160650253295898
trained,pca,train,3,0.30546370148658752,4.7761297225952148
trained,pca,train,3,-4.7446589469909668,-4.9735374450683594
trained,pca,train,3,9.5744915008544922,-0.85863542556762695
trained,pca,train,2,-1.4860594272613525,-0.55194449424743652
trained,pca,train,2,-6.5392646789550781,2.9175674915313721
trained,pca,train,3,-0.65037894248962402,-1.2177083492279053
trained,pca,train,3,3.6987311840057373,-2.7145838737487793
trained,pca,train,2,8.8817138671875,1.1320497989654541
trained,pca,train,2,-16.114463806152344,1.7737067937850952
trained,pca,train,3,5.6077232360839844,3.9058821201324463
trained,pca,train,2,-0.50108456611633301,4.2943019866943359
trained,pca,train,2,-10.343571662902832,-2.626211404800415
trained,pca,train,3,-7.6077890396118164,5.1362557411193848
trained,pca,train,2,-4.0237312316894531,-4.1064338684082031
trained,pca,train,3,6.2591361999511719,2.7215704917907715
trained,pca,train,2,-6.0865106582641602,-6.921994686126709
trained,pca,train,2,10.685153007507324,-3.4659943580627441
trained,pca,train,2,-8.786346435546875,-0.47757869958877563
trained,pca,train,3,-11.692253112792969,4.2491459846496582
trained,pca,train,2,1.0725616216659546,-3.8387665748596191
trained,pca,train,3,8.5400352478027344,-1.5484319925308228
trained,pca,train,2,3.6616134643554688,-2.5694475173950195
trained,pca,train,2,2.4404714107513428,-3.860877513885498
trained,pca,train,3,6.9434490203857422,-2.1449689865112305
trained,pca,train,2,-5.6338739395141602,-0.14067536592483521
trained,pca,train,2,-2.4497265815734863,1.7271504402160645
trained,pca,train,2,3.1074142456054688,-1.0170705318450928
trained,pca,train,2,10.724679946899414,-3.0761063098907471
trained,pca,train,3,0.66864323616027832,-2.5438632965087891
trained,pca,train,3,2.1817147731781006,4.4686398506164551
trained,pca,train,3,3.5968403816223145,-2.3411731719970703
trained,pca,train,2,-3.1169676780700684,-1.1972012519836426
trained,pca,train,3,-3.8793044090270996,5.6254792213439941
trained,pca,train,4,0.56091058254241943,3.6437544822692871
trained,pca,train,2,1.3431828022003174,3.8933427333831787
trained,pca,train,3,0.97464942932128906,2.835700511932373
trained,pca,train,2,0.55434238910675049,-3.2439947128295898
trained,pca,train,3,-2.3837680816650391,-1.6839710474014282
trained,pca,train,3,4.1943788528442383,0.42071899771690369
trained,pca,train,4,2.9819750785827637,3.6347928047180176
trained,pca,train,3,-1.9210343360900879,1.1736884117126465
trained,pca,train,2,4.1175746917724609,-2.9793782234191895
trained,pca,train,2,6.8983192443847656,0.14252007007598877
trained,pca,train,3,4.1714587211608887,1.860759973526001
trained,pca,train,2,-6.8176412582397461,-2.4625759124755859
trained,pca,train,2,-4.3625059127807617,1.5071370601654053
trained,pca,train,2,-0.97748255729675293,-2.4885587692260742
trained,pca,train,2,2.1601083278656006,3.1325435638427734
trained,pca,train,3,-0.82026803493499756,-1.9894362688064575
trained,pca,train,3,4.2922348976135254,-3.16428542137146
trained,pca,train,2,-6.5317192077636719,-3.5435583591461182
trained,pca,train,3,0.15521246194839478,1.2956619262695312
trained,pca,train,2,10.435943603515625,-2.3504517078399658
trained,pca,train,3,9.7830066680908203,-1.9492305517196655
trained,pca,train,2,10.729619026184082,-2.8164582252502441
trained,pca,train,2,1.7677055597305298,-3.9848916530609131
trained,pca,train,2,-16.824535369873047,-0.65955889225006104
trained,pca,train,2,-7.6826152801513672,-4.8773322105407715
trained,pca,train,2,3.3397567272186279,-0.63265740871429443
trained,pca,train,3,5.4742641448974609,2.558225154876709
trained,pca,train,2,4.0933713912963867,-0.71534299850463867
trained,pca,train,2,9.1078720092773438,0.04935789480805397
trained,pca,train,3,-6.7486710548400879,-1.0702708959579468
trained,pca,train,3,9.7814407348632812,-1.4621584415435791
trained,pca,train,3,-7.7706871032714844,0.98478960990905762
trained,pca,train,2,-1.0249079465866089,0.73829191923141479
trained,pca,train,3,-10.172525405883789,2.4408981800079346
trained,pca,train,3,-0.83722341060638428,-0.10151355713605881
trained,pca,train,3,9.8508672714233398,-1.7889370918273926
trained,pca,train,2,-5.4285202026367188,-1.6216045618057251
trained,pca,train,4,8.8342008590698242,0.11306960135698318
trained,pca,train,2,-5.2992696762084961,1.0325691699981689
trained,pca,train,2,-10.001388549804688,0.099288351833820343
trained,pca,train,2,0.48300951719284058,2.710674524307251
trained,pca,train,2,0.76528871059417725,4.5855693817138672
trained,pca,train,2,8.4841232299804688,-3.0799446105957031
trained,pca,train,2,7.7964439392089844,-3.367560863494873
trained,pca,train,2,1.5295940637588501,0.39830523729324341
trained,pca,train,3,9.7851343154907227,-1.7970370054244995
trained,pca,train,2,-17.043741226196289,3.221367359161377
trained,pca,train,2,-8.4336652755737305,-4.9666938781738281
trained,pca,train,2,5.6658935546875,-2.8354530334472656
trained,pca,train,3,-3.7293491363525391,-3.7190010547637939
trained,pca,train,3,-10.725114822387695,2.4559762477874756
trained,pca,train,3,7.1286988258361816,2.3176977634429932
trained,pca,train,3,-3.2828660011291504,-1.4620025157928467
trained,pca,train,2,10.254690170288086,-2.9345932006835938
trained,pca,train,3,5.7111301422119141,3.3040468692779541
trained,pca,train,2,-7.5986270904541016,-0.3215792179107666
trained,pca,train,2,3.5012502670288086,6.3417596817016602
trained,pca,train,2,0.75599390268325806,6.387387752532959
trained,pca,train,3,-8.9054584503173828,1.8725327253341675
trained,pca,train,2,5.6914348602294922,2.9319641590118408
trained,pca,train,3,4.9323024749755859,-1.8972858190536499
trained,pca,train,2,-5.7485747337341309,0.36852079629898071
trained,pca,train,3,-4.8990316390991211,6.1508293151855469
trained,pca,train,2,-11.286402702331543,3.677170991897583
trained,pca,train,2,-5.1311850547790527,-0.4382367730140686
trained,pca,train,3,-11.921096801757812,1.5243725776672363
trained,pca,train,3,2.2609555721282959,0.21848945319652557
trained,pca,train,2,5.0621023178100586,2.5727488994598389
trained,pca,train,2,-4.9490542411804199,0.86102950572967529
trained,pca,train,3,-0.20265936851501465,-3.8051095008850098
trained,pca,train,2,8.4759140014648438,-0.66771775484085083
trained,pca,train,2,-4.3022689819335938,-0.89625608921051025
trained,pca,train,2,0.37898668646812439,7.6156306266784668
trained,pca,train,2,-6.8261847496032715,-3.2860431671142578
trained,pca,train,2,-4.719855785369873,0.34639054536819458
trained,pca,train,3,-12.359291076660156,3.5378727912902832
trained,pca,train,2,-10.809465408325195,-3.1868577003479004
trained,pca,train,2,8.4608659744262695,1.8414888381958008
trained,pca,train,2,10.719283103942871,-2.8910255432128906
trained,pca,train,2,-8.6078262329101562,-4.6762423515319824
trained,pca,train,2,2.6330766677856445,-4.7451133728027344
trained,pca,train,2,9.8545656204223633,-0.6249382495880127
trained,pca,train,3,4.6497693061828613,2.3448085784912109
trained,pca,train,2,-2.573530912399292,-1.6468715667724609
trained,pca,train,2,-6.8078551292419434,-4.4514760971069336
trained,pca,train,2,1.8719981908798218,4.4680233001708984
trained,pca,train,2,7.4655518531799316,2.7584242820739746
trained,pca,train,2,-8.5651979446411133,3.1379411220550537
trained,pca,train,3,9.8108673095703125,-1.3648864030838013
trained,pca,train,3,1.0046414136886597,3.9584293365478516
trained,pca,train,2,7.8820619583129883,-2.878624439239502
trained,pca,train,2,-4.526275634765625,-4.5290517807006836
trained,pca,train,3,5.7534694671630859,-2.0504069328308105
trained,pca,train,2,-5.3308734893798828,2.9854815006256104
trained,pca,train,2,8.0262203216552734,2.6901297569274902
trained,pca,train,3,-7.8248715400695801,-2.6147446632385254
trained,pca,train,4,5.4157729148864746,-1.3976850509643555
trained,pca,train,2,8.0021848678588867,-2.9540891647338867
trained,pca,train,2,-6.9587178230285645,-1.1367659568786621
trained,pca,train,3,-0.12679968774318695,4.887092113494873
trained,pca,train,3,-5.1013951301574707,3.6865890026092529
trained,pca,train,2,-14.298317909240723,-3.8757367134094238
trained,pca,train,3,2.9036307334899902,3.7637429237365723
trained,pca,train,2,6.3960256576538086,-0.22956359386444092
trained,pca,train,4,8.7358970642089844,0.23238289356231689
trained,pca,train,2,-11.811103820800781,3.818333625793457
trained,pca,train,2,3.1099238395690918,3.1616454124450684
trained,pca,train,2,-4.1207985877990723,-5.8201065063476562
trained,pca,train,2,-9.3257122039794922,0.85923624038696289
trained,pca,train,3,3.8880183696746826,-0.36588007211685181
trained,pca,train,2,-0.47725629806518555,-1.2901360988616943
trained,pca,train,3,0.60665744543075562,4.6599745750427246
trained,pca,train,3,9.081294059753418,-1.9530640840530396
trained,pca,train,3,4.0194339752197266,1.32420814037323
trained,pca,train,3,-5.7031478881835938,7.7473464012145996
trained,pca,train,2,-12.302491188049316,-0.09407448023557663
trained,pca,train,4,-5.3631982803344727,5.4402933120727539
trained,pca,train,3,9.7454233169555664,-1.8234844207763672
trained,pca,train,3,8.6357841491699219,0.24833005666732788
trained,pca,train,2,-5.0374102592468262,0.60256713628768921
trained,pca,train,2,10.682027816772461,-3.1468424797058105
trained,pca,train,3,-7.3364620208740234,-4.7037243843078613
trained,pca,train,2,-6.6004281044006348,-0.1080702468752861
trained,pca,train,3,0.57754647731781006,-0.63864010572433472
trained,pca,train,2,-10.888730049133301,-1.6386450529098511
trained,pca,train,1,-10.786876678466797,-3.2217593193054199
trained,pca,train,2,-7.4929008483886719,-1.9431906938552856
trained,pca,train,2,-16.508594512939453,5.6356406211853027
trained,pca,train,3,9.8003101348876953,-1.3013930320739746
trained,pca,train,3,-4.9807777404785156,-1.06297767162323
trained,pca,train,2,10.292291641235352,-1.6304981708526611
trained,pca,train,2,-1.0962547063827515,-4.3827972412109375
trained,pca,train,3,-10.244682312011719,1.0351696014404297
trained,pca,train,2,10.722663879394531,-3.0399529933929443
trained,pca,train,3,5.0761175155639648,-0.30536583065986633
trained,pca,train,3,-8.2110042572021484,-1.13084876537323
trained,pca,train,2,1.5540444850921631,2.6185860633850098
trained,pca,train,2,-3.5644967555999756,-4.6480197906494141
trained,pca,train,3,6.9620022773742676,3.6137528419494629
trained,pca,train,2,-11.787609100341797,1.2870924472808838
trained,pca,train,2,2.2327899932861328,-2.5359294414520264
trained,pca,train,2,2.6604359149932861,-0.37961089611053467
trained,pca,train,3,-6.5892047882080078,1.6776701211929321
trained,pca,train,3,-6.0856342315673828,-1.2141990661621094
trained,pca,train,2,-7.2340579032897949,-0.61884939670562744
trained,pca,train,3,7.0829977989196777,3.4775686264038086
trained,pca,train,2,-4.2047467231750488,-6.3759069442749023
trained,pca,train,3,9.6317462921142578,-0.50673097372055054
trained,pca,train,2,-7.7441554069519043,-0.57819503545761108
trained,pca,train,2,-9.2011022567749023,-3.4582412242889404
trained,pca,train,2,-15.053371429443359,-1.0814616680145264
trained,pca,train,2,-5.8257637023925781,-4.1233644485473633
trained,pca,train,2,-3.1327648162841797,-0.32771918177604675
trained,pca,train,3,1.8859612941741943,4.3566141128540039
trained,pca,train,1,-6.1198616027832031,-0.072980903089046478
trained,pca,train,3,-3.6859819889068604,0.091376997530460358
trained,pca,train,2,-1.8357789516448975,-2.1228909492492676
trained,pca,train,2,-11.410181045532227,-0.65578687191009521
trained,pca,train,2,8.3528280258178711,1.4254790544509888
trained,pca,train,2,-2.2525548934936523,-5.2028160095214844
trained,pca,train,3,9.8019113540649414,-1.7869654893875122
trained,pca,train,3,-2.3633930683135986,-0.43560677766799927
trained,pca,train,2,0.10780469328165054,1.4535043239593506
trained,pca,train,2,3.5136046409606934,1.8667272329330444
trained,pca,train,2,-10.233373641967773,0.053193096071481705
trained,pca,train,2,-1.8760627508163452,2.0091662406921387
trained,pca,train,2,-1.904512882232666,6.7115321159362793
trained,pca,train,3,7.2368483543395996,1.9773781299591064
trained,pca,train,2,-0.30113860964775085,4.9165225028991699
trained,pca,train,2,5.8577027320861816,-4.3781733512878418
trained,pca,train,2,8.8820381164550781,-0.087408952414989471
trained,pca,train,2,-1.7490532398223877,-5.2372846603393555
trained,pca,train,4,5.2168169021606445,4.7499923706054688
trained,pca,train,4,1.3195139169692993,2.3184781074523926
trained,pca,train,3,0.27993461489677429,-4.0507359504699707
trained,pca,train,2,4.6979870796203613,1.2279319763183594
trained,pca,train,3,5.4406948089599609,5.2013106346130371
trained,pca,train,3,9.4668865203857422,-1.0174463987350464
trained,pca,train,2,-14.550214767456055,-2.8428370952606201
trained,pca,train,2,7.4819121360778809,-2.7145247459411621
trained,pca,train,3,5.6740970611572266,3.6384410858154297
trained,pca,train,4,-6.685368537902832,2.7292273044586182
trained,pca,train,2,-1.0534570217132568,-5.7347393035888672
trained,pca,train,2,10.718769073486328,-2.9935042858123779
trained,pca,train,3,6.1133918762207031,2.6814975738525391
trained,pca,train,2,6.872927188873291,-2.4539878368377686
trained,pca,train,3,9.8324184417724609,-1.3703199625015259
trained,pca,train,2,2.4804625511169434,7.4182558059692383
trained,pca,train,2,9.9778413772583008,-1.473173975944519
trained,pca,train,2,-5.2054643630981445,-4.660515308380127
trained,pca,train,2,4.1820774078369141,2.4473690986633301
trained,pca,train,3,-1.6336289644241333,5.4790449142456055
trained,pca,train,3,0.73113566637039185,3.6727674007415771
trained,pca,train,3,-7.3363504409790039,4.3655786514282227
trained,pca,train,2,-9.0257053375244141,-2.0917978286743164
trained,pca,train,2,-5.0532951354980469,-1.5434180498123169
trained,pca,train,3,-9.8709611892700195,-0.50188857316970825
trained,pca,train,2,-6.205622673034668,-3.1341648101806641
trained,pca,train,2,-2.8909029960632324,3.147864818572998
trained,pca,train,2,5.7897672653198242,-1.9048839807510376
trained,pca,train,2,-3.7521531581878662,2.0839252471923828
trained,pca,train,2,7.4184474945068359,1.5097348690032959
trained,pca,train,2,0.44486457109451294,3.3775296211242676
trained,pca,train,2,-12.039566040039062,3.3177595138549805
trained,pca,train,2,2.4564781188964844,1.0827816724777222
trained,pca,train,2,10.673702239990234,-3.1679441928863525
trained,pca,train,3,9.7509574890136719,-1.7526124715805054
trained,pca,train,2,10.732830047607422,-2.7973265647888184
trained,pca,train,2,-9.8027305603027344,-5.9125757217407227
trained,pca,train,3,1.6842329502105713,1.510875940322876
trained,pca,train,2,-6.6045150756835938,-1.3796477317810059
trained,pca,train,3,-12.057062149047852,0.73334050178527832
trained,pca,train,3,-1.3056566715240479,1.0820013284683228
trained,pca,train,2,3.8086316585540771,0.51004064083099365
trained,pca,train,3,9.2512912750244141,-0.12755423784255981
trained,pca,train,3,-4.9084901809692383,1.4376161098480225
trained,pca,train,4,2.731412410736084,0.70648384094238281
trained,pca,train,2,2.3582565784454346,-3.4883308410644531
trained,pca,train,2,2.6827661991119385,2.1713347434997559
trained,pca,train,3,4.5851473808288574,5.2256608009338379
trained,pca,train,2,-0.2530352771282196,-5.5100326538085938
trained,pca,train,3,1.0801235437393188,-3.8034250736236572
trained,pca,train,3,9.2579231262207031,-0.016910785809159279
trained,pca,train,2,-0.4491087794303894,-3.0951523780822754
trained,pca,train,2,-19.072708129882812,3.3161838054656982
trained,pca,train,3,-13.264163970947266,-3.9461278915405273
trained,pca,train,4,-4.9676117897033691,0.88400053977966309
trained,pca,train,2,2.6477293968200684,1.1364164352416992
trained,pca,train,2,6.9229893684387207,-2.6726927757263184
trained,pca,train,3,2.8196930885314941,3.4528472423553467
trained,pca,train,2,-7.6308813095092773,-1.8593592643737793
trained,pca,train,2,-2.1350502967834473,2.147982120513916
trained,pca,train,4,8.8990116119384766,0.086688049137592316
trained,pca,train,2,-3.8850643634796143,-0.52282196283340454
trained,pca,train,3,2.591320276260376,3.8357720375061035
trained,pca,train,3,-0.36160498857498169,-1.8122131824493408
trained,pca,train,2,-1.2682681083679199,2.4077606201171875
trained,pca,train,2,8.9829654693603516,-0.67289459705352783
trained,pca,train,2,-8.3746070861816406,-2.9315357208251953
trained,pca,train,2,-7.8696508407592773,-0.42523926496505737
trained,pca,train,2,10.673702239990234,-3.1679441928863525
trained,pca,train,2,-1.6118581295013428,-1.6418331861495972
trained,pca,train,3,-7.518519401550293,-3.5400190353393555
trained,pca,train,2,-7.2635698318481445,-0.27747100591659546
trained,pca,train,3,-7.2166314125061035,-2.8382284641265869
trained,pca,train,3,9.3913698196411133,-0.77235430479049683
trained,pca,train,3,4.597567081451416,4.1901721954345703
trained,pca,train,3,-3.2473692893981934,0.039701391011476517
trained,pca,train,2,0.7709650993347168,-3.5227234363555908
trained,pca,train,2,-9.0002737045288086,-3.1112790107727051
trained,pca,train,2,-8.01434326171875,-1.6036627292633057
trained,pca,train,3,6.253941535949707,3.1956677436828613
trained,pca,train,3,9.7680025100708008,-1.4258354902267456
trained,pca,train,3,-5.6949996948242188,0.14513570070266724
trained,pca,train,3,0.52357661724090576,3.5915403366088867
trained,pca,train,2,-0.44374185800552368,-5.0412006378173828
trained,pca,train,3,7.2122364044189453,1.0697928667068481
trained,pca,train,2,6.6587772369384766,0.4578668475151062
trained,pca,train,2,-3.4352774620056152,-1.5906962156295776
trained,pca,train,2,-5.6437873840332031,4.8437619209289551
trained,pca,train,2,-8.1145248413085938,-5.905573844909668
trained,pca,train,2,3.8993875980377197,-4.8547897338867188
trained,pca,train,2,10.469388008117676,-2.4686591625213623
trained,pca,train,3,-3.0978717803955078,-1.7473952770233154
trained,pca,train,3,5.0995254516601562,-2.7950644493103027
trained,pca,train,3,0.38255679607391357,7.3006725311279297
trained,pca,train,2,-1.588301420211792,-3.8873128890991211
trained,pca,train,2,1.6525430679321289,-0.74321442842483521
trained,pca,train,1,-4.783604621887207,2.2904448509216309
trained,pca,train,3,8.5040311813354492,2.0578150749206543
trained,pca,train,3,0.55570864677429199,1.1746559143066406
trained,pca,train,2,4.1779189109802246,5.9279012680053711
trained,pca,train,2,7.5709962844848633,-0.3923487663269043
trained,pca,train,2,-2.2894279956817627,-3.4539151191711426
trained,pca,train,3,9.7685375213623047,-1.7335476875305176
trained,pca,train,2,-4.1415815353393555,-3.4129719734191895
trained,pca,train,2,-3.9740290641784668,0.29892024397850037
trained,pca,train,4,3.4694972038269043,-0.4376392662525177
trained,pca,train,3,2.4612140655517578,5.0729875564575195
trained,pca,train,3,7.5234079360961914,2.5785951614379883
trained,pca,train,3,1.8113002777099609,4.2035026550292969
trained,pca,train,2,4.4625253677368164,-1.8061095476150513
trained,pca,train,2,-1.7907776832580566,-4.7337489128112793
trained,pca,train,2,-2.6714990139007568,-6.1507010459899902
trained,pca,train,3,9.8375072479248047,-1.1078395843505859
trained,pca,train,2,-5.1279168128967285,-2.494051456451416
trained,pca,train,2,5.0020236968994141,-0.22290784120559692
trained,pca,train,3,-14.522341728210449,3.0003178119659424
trained,pca,train,2,-7.3940334320068359,-0.095156095921993256
trained,pca,train,2,1.6193186044692993,-3.5061550140380859
trained,pca,train,2,-8.8157529830932617,-2.2024760246276855
trained,pca,train,2,-0.19695119559764862,-4.3889827728271484
trained,pca,train,2,-6.6380200386047363,-3.4879074096679688
trained,pca,train,2,-8.2078647613525391,1.1335114240646362
trained,pca,train,2,3.294095516204834,2.0047528743743896
trained,pca,train,2,9.6799449920654297,-1.5036537647247314
trained,pca,train,2,-1.8825044631958008,-1.1273760795593262
trained,pca,train,2,8.3832931518554688,-3.1443500518798828
trained,pca,train,2,-2.523686408996582,-1.434553861618042
trained,pca,train,3,9.761012077331543,-1.7441799640655518
trained,pca,train,2,10.66456413269043,-3.3599958419799805
trained,pca,train,2,-3.0241479873657227,0.81146103143692017
trained,pca,train,3,-2.2600746154785156,-2.2895493507385254
trained,pca,train,3,8.8417758941650391,0.97541731595993042
trained,pca,train,2,5.9935808181762695,-2.3412609100341797
trained,pca,train,2,-4.2577948570251465,0.29389065504074097
trained,pca,train,3,-11.847500801086426,-1.5413634777069092
trained,pca,train,3,9.7632532119750977,-1.7693580389022827
trained,pca,train,2,-5.2498102188110352,-1.8542411327362061
trained,pca,train,2,-7.168919563293457,1.8503751754760742
trained,pca,train,2,1.1530572175979614,-5.1957559585571289
trained,pca,train,2,-15.065040588378906,-0.48076349496841431
trained,pca,train,3,-1.3238956928253174,5.9350967407226562
trained,pca,train,3,-0.25454938411712646,8.2362422943115234
trained,pca,train,2,-0.93033921718597412,-5.8743753433227539
trained,pca,train,3,0.22693538665771484,-3.6241171360015869
trained,pca,train,2,0.28893545269966125,-3.9785995483398438
trained,pca,train,3,4.3698921203613281,-2.5062482357025146
trained,pca,train,2,10.718769073486328,-2.9935042858123779
trained,pca,train,3,9.791834831237793,-1.8003387451171875
trained,pca,train,3,7.7637434005737305,2.4227688312530518
trained,pca,train,2,-3.2200427055358887,-1.0332523584365845
trained,pca,train,3,-6.1101522445678711,6.9026088714599609
trained,pca,train,2,9.0401382446289062,0.15576529502868652
trained,pca,train,3,9.7769098281860352,-1.4941303730010986
trained,pca,train,3,0.65160512924194336,-3.1595332622528076
trained,pca,train,3,1.372407078742981,0.083252601325511932
trained,pca,train,3,-4.5117740631103516,-3.3882601261138916
trained,pca,train,2,5.7246847152709961,3.3103632926940918
trained,pca,train,2,6.0849709510803223,-0.55188214778900146
trained,pca,train,3,1.4931687116622925,-2.2671802043914795
trained,pca,train,2,-3.8244514465332031,-0.0554940365254879
trained,pca,train,3,-5.2967715263366699,2.3294839859008789
trained,pca,train,3,-3.9171769618988037,-1.6507036685943604
trained,pca,train,1,-3.0623950958251953,3.859647274017334
trained,pca,train,2,7.3003215789794922,2.4341936111450195
trained,pca,train,2,0.20097433030605316,5.5491619110107422
trained,pca,train,2,9.1535148620605469,-0.026719624176621437
trained,pca,train,2,2.5311365127563477,-0.74957537651062012
trained,pca,train,3,9.7048435211181641,-1.6558321714401245
trained,pca,train,2,2.6137750148773193,3.9638738632202148
trained,pca,train,2,-1.483527660369873,-1.8411674499511719
trained,pca,train,3,2.1091961860656738,5.485844612121582
trained,pca,train,2,1.5216450691223145,0.95625954866409302
trained,pca,train,2,-1.6871204376220703,-1.0755378007888794
trained,pca,train,2,4.6094970703125,3.9712996482849121
trained,pca,train,2,-11.541943550109863,-0.07667648047208786
trained,pca,train,3,6.6009912490844727,4.3062105178833008
trained,pca,train,1,-2.8449010848999023,1.0230884552001953
trained,pca,train,2,-4.5989351272583008,1.9078507423400879
trained,pca,train,3,9.7804832458496094,-1.8361473083496094
trained,pca,train,3,9.7465667724609375,-1.6201519966125488
trained,pca,train,3,8.633296012878418,-0.70904463529586792
trained,pca,train,2,7.88909912109375,2.4880671501159668
trained,pca,train,3,2.3548829555511475,-2.6079411506652832
trained,pca,train,2,6.7280607223510742,2.1770379543304443
trained,pca,train,1,-2.8279943466186523,3.6185145378112793
trained,pca,train,2,5.659724235534668,4.3091001510620117
trained,pca,train,2,-5.7879571914672852,-0.53261971473693848
trained,pca,train,2,0.47273221611976624,-2.9426660537719727
trained,pca,train,2,-3.5589537620544434,-1.4345161914825439
trained,pca,train,2,10.695476531982422,-3.1297421455383301
trained,pca,train,3,-2.3263702392578125,1.3507006168365479
trained,pca,train,3,-0.71422576904296875,3.0376646518707275
trained,pca,train,2,10.724348068237305,-2.8478288650512695
trained,pca,train,3,-4.128659725189209,-4.7589840888977051
trained,pca,train,2,-5.3596420288085938,2.4772787094116211
trained,pca,train,3,-9.839599609375,-0.27299803495407104
trained,pca,train,2,-6.953495979309082,-4.0231366157531738
trained,pca,train,2,7.0073509216308594,3.3203167915344238
trained,pca,train,3,4.1851744651794434,-2.3614065647125244
trained,pca,train,3,0.19378955662250519,6.7284631729125977
trained,pca,train,4,-2.4349043369293213,0.64797896146774292
trained,pca,train,2,-5.2104091644287109,-6.4802613258361816
trained,pca,train,2,-3.5087399482727051,-5.3724088668823242
trained,pca,train,2,-6.5139727592468262,-3.685248851776123
trained,pca,train,3,9.7507495880126953,-1.6487752199172974
trained,pca,train,2,4.3676137924194336,4.2150087356567383
trained,pca,train,2,-12.502372741699219,3.2535924911499023
trained,pca,train,2,-4.3596000671386719,1.4837230443954468
trained,pca,train,2,-6.8139781951904297,-4.044060230255127
trained,pca,train,3,0.71845072507858276,4.3061962127685547
trained,pca,train,2,7.354346752166748,1.675743579864502
trained,pca,train,2,-5.6901955604553223,-5.2289876937866211
trained,pca,train,2,-0.54091411828994751,-5.5177030563354492
trained,pca,train,2,-7.3892049789428711,1.6581346988677979
trained,pca,train,2,-3.9107146263122559,-3.8328299522399902
trained,pca,train,2,8.7282886505126953,-3.5308012962341309
trained,pca,train,3,-0.22556661069393158,7.6848201751708984
trained,pca,train,2,3.5637516975402832,2.6466069221496582
trained,pca,train,2,5.635493278503418,-3.7668392658233643
trained,pca,train,3,-0.061605948954820633,0.26131081581115723
trained,pca,train,2,8.4430923461914062,1.380563497543335
trained,pca,train,2,-6.5417690277099609,4.8310108184814453
trained,pca,train,2,10.724348068237305,-2.8478288650512695
trained,pca,train,2,-5.6146249771118164,-4.7995796203613281
trained,pca,train,2,3.1021349430084229,-1.9830561876296997
trained,pca,train,2,-3.2461318969726562,-2.9094517230987549
trained,pca,train,2,-0.65385138988494873,-4.7857284545898438
trained,pca,train,3,9.4697952270507812,-0.28876996040344238
trained,pca,train,2,-1.3974592685699463,7.5972986221313477
trained,pca,train,2,7.0458526611328125,1.7652814388275146
trained,pca,train,1,-5.4051294326782227,-1.2088629007339478
trained,pca,train,2,8.5788507461547852,-1.6539340019226074
trained,pca,train,1,-6.1441512107849121,0.62761783599853516
trained,pca,train,4,4.5932703018188477,2.3556537628173828
trained,pca,train,2,5.6189723014831543,4.3215923309326172
trained,pca,train,3,-5.5656085014343262,2.0603020191192627
trained,pca,train,3,-8.623687744140625,7.508122444152832
trained,pca,train,3,-2.4779706001281738,-1.4579564332962036
trained,pca,train,2,-1.3022177219390869,-1.4691283702850342
trained,pca,train,3,6.3541250228881836,0.5680992603302002
trained,pca,train,2,-0.23428912460803986,0.24028941988945007
trained,pca,train,2,5.874237060546875,4.1586952209472656
trained,pca,train,2,-3.2855250835418701,-1.7076548337936401
trained,pca,train,2,6.7863388061523438,-2.6184530258178711
trained,pca,train,3,2.1940062046051025,-3.6615638732910156
trained,pca,train,3,5.6462478637695312,1.7784349918365479
trained,pca,train,3,-1.9750711917877197,-1.8138282299041748
trained,pca,train,2,-3.2667512893676758,2.3985092639923096
trained,pca,train,2,-2.6871204376220703,-3.0433890819549561
trained,pca,train,3,-8.211207389831543,6.2096061706542969
trained,pca,train,3,2.2438514232635498,3.7671933174133301
trained,pca,train,2,-11.002914428710938,-3.2585160732269287
trained,pca,train,2,2.6367130279541016,4.0194883346557617
trained,pca,train,3,9.7951755523681641,-1.1246801614761353
trained,pca,train,2,-1.3447586297988892,-2.8812360763549805
trained,pca,train,2,-6.3860530853271484,4.0271387100219727
trained,pca,train,2,1.2863748073577881,6.5876345634460449
trained,pca,train,4,-4.1851577758789062,5.8676385879516602
trained,pca,train,2,1.0752658843994141,-1.266169548034668
trained,pca,train,2,-11.036600112915039,-2.5595483779907227
trained,pca,train,3,9.7336626052856445,-1.6012483835220337
trained,pca,train,2,-4.0935354232788086,2.3283829689025879
trained,pca,train,2,-1.6683272123336792,-1.4876937866210938
trained,pca,train,2,1.9185936450958252,0.49469384551048279
trained,pca,train,3,6.3395166397094727,-2.1942570209503174
trained,pca,train,2,-3.2635979652404785,-0.43973201513290405
trained,pca,train,2,10.145790100097656,-1.5902060270309448
trained,pca,train,3,-3.3423130512237549,0.35247021913528442
trained,pca,train,3,9.7523813247680664,-1.6880046129226685
trained,pca,train,3,-0.76348954439163208,3.6819381713867188
trained,pca,train,2,-12.772205352783203,-1.1030623912811279
trained,pca,train,3,-8.6887798309326172,-2.6745257377624512
trained,pca,train,2,-5.474393367767334,-5.9935312271118164
trained,pca,train,3,4.2257695198059082,6.1081027984619141
trained,pca,train,3,6.8023734092712402,-2.2175726890563965
trained,pca,train,2,6.0686960220336914,3.1520247459411621
trained,pca,train,3,5.5464978218078613,1.7104687690734863
trained,pca,train,3,0.17051990330219269,-3.7688124179840088
trained,pca,train,2,-4.0728521347045898,-2.1356172561645508
trained,pca,train,4,1.7248079776763916,2.0437526702880859
trained,pca,train,4,6.3397598266601562,4.5273838043212891
trained,pca,train,2,-11.070550918579102,2.1420602798461914
trained,pca,train,3,-15.042051315307617,4.8430318832397461
trained,pca,train,3,-4.6345391273498535,0.83202224969863892
trained,pca,train,2,-17.827726364135742,0.66672658920288086
trained,pca,train,2,-5.860809326171875,-5.8332595825195312
trained,pca,train,3,6.0246315002441406,3.6037087440490723
trained,pca,train,3,-6.4334025382995605,1.6010587215423584
trained,pca,train,3,8.3463048934936523,1.8429044485092163
trained,pca,train,2,-2.1918983459472656,0.70529842376708984
trained,pca,train,3,0.75424808263778687,5.6919870376586914
trained,pca,train,2,3.284123420715332,-2.2149879932403564
trained,pca,train,2,-7.2970161437988281,-3.402829647064209
trained,pca,train,2,-11.59128475189209,-1.8664990663528442
trained,pca,train,2,-1.7132962942123413,-3.7322812080383301
trained,pca,train,3,9.5073623657226562,-1.3599138259887695
trained,pca,train,2,6.2256555557250977,-3.1781768798828125
trained,pca,train,2,-8.5020008087158203,-3.9378604888916016
trained,pca,train,3,3.6491944789886475,3.114659309387207
trained,pca,train,2,-8.7646522521972656,-5.4638357162475586
trained,pca,train,2,-8.9591484069824219,-4.3758277893066406
trained,pca,train,2,10.686979293823242,-3.5133612155914307
trained,pca,train,3,9.6933784484863281,-0.94701719284057617
trained,pca,train,2,-9.1631259918212891,-1.9337116479873657
trained,pca,train,3,5.3061313629150391,0.15584605932235718
trained,pca,train,2,-14.460236549377441,-1.9586409330368042
trained,pca,train,3,9.7887382507324219,-2.267322301864624
trained,pca,train,2,5.4707221984863281,-2.5903182029724121
trained,pca,train,3,-11.180821418762207,-1.113796591758728
trained,pca,train,2,3.7229604721069336,-3.987252950668335
trained,pca,train,2,-3.7765083312988281,8.2523441314697266
trained,pca,train,2,7.536712646484375,3.1156599521636963
trained,pca,train,2,0.50293827056884766,-1.3772540092468262
trained,pca,train,2,1.2856025695800781,-2.3155734539031982
trained,pca,train,2,-3.715336799621582,-3.2235116958618164
trained,pca,train,3,3.7131824493408203,1.2724204063415527
trained,pca,train,2,5.933598518371582,3.156829833984375
trained,pca,train,3,4.3738245964050293,3.3725340366363525
trained,pca,train,2,-4.3324356079101562,-1.6375433206558228
trained,pca,train,2,5.2713050842285156,-2.4227883815765381
trained,pca,train,2,-5.9505548477172852,1.1745926141738892
trained,pca,train,2,-12.532304763793945,0.86022841930389404
trained,pca,train,3,9.80657958984375,-1.330675482749939
trained,pca,train,3,0.15382777154445648,6.036189079284668
trained,pca,train,3,9.7558689117431641,-2.228196382522583
trained,pca,train,2,2.050755500793457,-0.4720689058303833
trained,pca,train,2,8.6278553009033203,1.3001071214675903
trained,pca,train,2,-14.184585571289062,-1.2184000015258789
trained,pca,train,3,9.7755050659179688,-1.7788550853729248
trained,pca,train,2,-11.48887825012207,-6.1241140365600586
trained,pca,train,2,3.1530568599700928,0.19044002890586853
trained,pca,train,3,-3.3727180957794189,5.3290481567382812
trained,pca,train,3,1.9542491436004639,5.8748679161071777
trained,pca,train,3,5.6360740661621094,4.6323633193969727
trained,pca,train,2,0.70040160417556763,-2.1558892726898193
trained,pca,train,2,-6.2366461753845215,4.5568737983703613
trained,pca,train,3,-11.62315845489502,-2.5145518779754639
trained,pca,train,3,-1.2180994749069214,-1.6413198709487915
trained,pca,train,3,1.0881528854370117,5.4614543914794922
trained,pca,train,3,-4.95916748046875,0.54091137647628784
trained,pca,train,4,2.8538765907287598,1.0854436159133911
trained,pca,train,3,0.19869856536388397,-1.2480287551879883
trained,pca,train,2,-7.6358489990234375,-0.8199615478515625
trained,pca,train,3,-16.921518325805664,1.2423470020294189
trained,pca,train,3,-2.2561383247375488,-0.28073018789291382
trained,pca,train,2,-4.6562166213989258,0.65940225124359131
trained,pca,train,2,5.7515268325805664,4.6289463043212891
trained,pca,train,2,-5.8563485145568848,4.1486468315124512
trained,pca,train,3,9.2660083770751953,-1.0460211038589478
trained,pca,train,3,-6.187108039855957,0.58670049905776978
trained,pca,train,2,10.719283103942871,-2.8910255432128906
trained,pca,train,2,-5.652369499206543,-0.80484849214553833
trained,pca,train,2,6.5037341117858887,-4.3920831680297852
trained,pca,train,3,4.2702217102050781,-3.0618677139282227
trained,pca,train,2,10.695476531982422,-3.1297421455383301
trained,pca,train,3,-5.8938379287719727,4.2918491363525391
trained,pca,train,2,7.8068108558654785,2.3638768196105957
trained,pca,train,2,7.5312442779541016,2.5824449062347412
trained,pca,train,2,10.710143089294434,-3.1161873340606689
trained,pca,train,3,-0.17963586747646332,-1.2100086212158203
trained,pca,train,2,-0.046907369047403336,1.0078330039978027
trained,pca,train,2,-2.6732883453369141,1.9376785755157471
trained,pca,train,2,-1.2710840702056885,-3.5338263511657715
trained,pca,train,3,4.450951099395752,3.8167412281036377
trained,pca,train,2,8.7715587615966797,0.12863445281982422
trained,pca,train,3,7.692136287689209,2.7103676795959473
trained,pca,train,3,9.761012077331543,-1.7441799640655518
trained,pca,train,3,9.7773666381835938,-1.7769423723220825
trained,pca,train,2,0.94865167140960693,-1.9251396656036377
trained,pca,train,3,2.4555697441101074,0.03549826517701149
trained,pca,train,2,0.31099197268486023,-0.33833473920822144
trained,pca,train,2,-7.9183249473571777,-5.1141576766967773
trained,pca,train,3,8.5755033493041992,-1.2307064533233643
trained,pca,train,2,4.0198793411254883,0.32230797410011292
trained,pca,train,3,9.7580966949462891,-1.6973106861114502
trained,pca,train,2,-4.2295322418212891,-1.4356734752655029
trained,pca,train,2,10.732830047607422,-2.7973265647888184
trained,pca,train,2,-11.397824287414551,-5.3444709777832031
trained,pca,train,3,5.995305061340332,3.0784130096435547
trained,pca,train,2,-15.313457489013672,5.3652057647705078
trained,pca,train,2,0.082895562052726746,0.85894507169723511
trained,pca,train,2,4.5170459747314453,1.6622707843780518
trained,pca,train,3,-9.9078025817871094,-2.5554642677307129
trained,pca,train,2,-1.8086166381835938,1.6071796417236328
trained,pca,train,4,0.60337793827056885,-1.9443241357803345
trained,pca,train,3,-10.71978759765625,-4.4812331199645996
trained,pca,train,3,8.7951345443725586,-0.33453759551048279
trained,pca,train,2,6.1311054229736328,0.096500732004642487
trained,pca,train,2,-3.4143953323364258,-4.3864879608154297
trained,pca,train,2,5.6021146774291992,4.3830156326293945
trained,pca,train,2,10.724348068237305,-2.8478288650512695
trained,pca,train,2,-11.277774810791016,-3.7756667137145996
trained,pca,train,2,-0.0022999828215688467,-1.0473655462265015
trained,pca,train,2,-4.2255439758300781,-5.8754339218139648
trained,pca,train,2,-1.7252669334411621,-4.160616397857666
trained,pca,train,3,5.5701284408569336,5.2472844123840332
trained,pca,train,3,3.8012669086456299,3.2882208824157715
trained,pca,train,2,-6.6429519653320312,-4.4256725311279297
trained,pca,train,2,-4.8522663116455078,0.55620527267456055
trained,pca,train,2,6.8005623817443848,3.2622597217559814
trained,pca,train,3,-7.5799174308776855,3.0391590595245361
trained,pca,train,3,-11.693954467773438,-2.0026395320892334
trained,pca,train,2,4.5142498016357422,-2.2329468727111816
trained,pca,train,2,5.3955235481262207,-0.77666693925857544
trained,pca,train,2,1.9176813364028931,-0.57374805212020874
trained,pca,train,4,-1.3232061862945557,0.30758309364318848
trained,pca,train,3,-7.8143515586853027,-3.2148196697235107
trained,pca,train,3,4.8926877975463867,5.7982845306396484
trained,pca,train,3,5.9524250030517578,-1.4055776596069336
trained,pca,train,3,-2.5044946670532227,-4.1325502395629883
trained,pca,train,2,10.084948539733887,-1.776309609413147
trained,pca,train,2,7.8040637969970703,0.72584152221679688
trained,pca,train,2,-0.28832489252090454,0.54505419731140137
trained,pca,train,2,-4.868992805480957,-4.06378173828125
trained,pca,train,3,9.2610549926757812,-0.2679387629032135
trained,pca,train,2,-9.3140125274658203,0.57493245601654053
trained,pca,train,2,5.2796149253845215,-3.4141891002655029
trained,pca,train,2,-2.8981714248657227,2.8019804954528809
trained,pca,train,2,-1.1359076499938965,-5.2833576202392578
trained,pca,train,2,-8.4522504806518555,3.2670614719390869
trained,pca,train,4,4.9147224426269531,1.3560799360275269
trained,pca,train,2,-8.2288217544555664,-2.5882740020751953
trained,pca,train,3,2.5005130767822266,-0.35248672962188721
trained,pca,train,3,-8.8847360610961914,0.053372804075479507
trained,pca,train,2,-13.501010894775391,1.2140555381774902
trained,pca,train,3,7.9010086059570312,0.21552395820617676
trained,pca,train,2,3.2546277046203613,1.3928520679473877
trained,pca,train,2,4.8603758811950684,3.1677596569061279
trained,pca,train,3,-2.4515819549560547,-2.4987993240356445
trained,pca,train,2,-0.99955528974533081,-3.4599919319152832
trained,pca,train,2,2.2898714542388916,3.5108888149261475
trained,pca,train,2,5.9355182647705078,1.3444578647613525
trained,pca,train,2,-5.084775447845459,-5.2805356979370117
trained,pca,train,3,-17.004968643188477,1.7079427242279053
trained,pca,train,4,-17.655477523803711,3.6890811920166016
trained,pca,train,3,-2.2700674533843994,7.4077744483947754
trained,pca,train,4,8.9390525817871094,0.018270557746291161
trained,pca,train,2,-9.4526023864746094,-3.1410531997680664
trained,pca,train,3,-2.6047382354736328,-0.41784617304801941
trained,pca,train,2,4.1190700531005859,4.5859837532043457
trained,pca,train,2,1.0422337055206299,-1.8695273399353027
trained,pca,train,2,-0.25058963894844055,1.0956082344055176
trained,pca,train,3,4.7244772911071777,5.9283900260925293
trained,pca,train,3,-2.7512431144714355,3.3642969131469727
trained,pca,train,2,-6.6988897323608398,3.6386172771453857
trained,pca,train,2,7.7439322471618652,-0.61958682537078857
trained,pca,train,3,9.5957870483398438,-1.0362526178359985
trained,pca,train,2,4.1350021362304688,4.2877159118652344
trained,pca,train,2,9.616546630859375,-3.0611042976379395
trained,pca,train,3,-1.9187653064727783,7.9038405418395996
trained,pca,train,2,2.9835753440856934,1.0531164407730103
trained,pca,train,3,2.8777897357940674,5.722783088684082
trained,pca,train,3,4.1527853012084961,0.31199327111244202
trained,pca,train,2,-8.1019096374511719,0.67122584581375122
trained,pca,train,2,10.710143089294434,-3.1161873340606689
trained,pca,train,3,-3.6965959072113037,4.5928840637207031
trained,pca,train,3,4.8213100433349609,1.5534648895263672
trained,pca,train,2,-9.6329746246337891,2.1362745761871338
trained,pca,train,2,-17.813640594482422,-1.8132805824279785
trained,pca,train,2,-3.9973616600036621,-3.8228316307067871
trained,pca,train,3,8.1060333251953125,-1.8285210132598877
trained,pca,train,2,5.9759273529052734,-3.9151978492736816
trained,pca,train,2,-0.68490523099899292,-5.746455192565918
trained,pca,train,3,6.3056011199951172,-2.6123099327087402
trained,pca,train,4,-5.1697945594787598,1.1242057085037231
trained,pca,train,1,-2.4004502296447754,6.0826864242553711
trained,pca,train,3,2.203883171081543,3.2139172554016113
trained,pca,train,3,5.0966534614562988,-1.3452669382095337
trained,pca,train,3,3.7071661949157715,-0.40627098083496094
trained,pca,train,3,4.1936445236206055,2.2935600280761719
trained,pca,train,2,-15.116840362548828,-2.0634703636169434
trained,pca,train,3,-0.49301797151565552,-2.1489064693450928
trained,pca,train,2,-0.020078573375940323,1.998176097869873
trained,pca,train,2,-3.4355311393737793,0.012510140426456928
trained,pca,train,2,0.68857979774475098,1.1539769172668457
trained,pca,train,3,-10.447661399841309,2.3207042217254639
trained,pca,train,2,8.8745527267456055,-2.2381670475006104
trained,pca,train,2,-8.4825267791748047,1.0732563734054565
trained,pca,train,2,2.7572474479675293,6.4565596580505371
trained,pca,train,2,8.6918087005615234,-2.6232376098632812
trained,pca,train,2,-4.8761510848999023,-6.3261880874633789
trained,pca,train,3,-0.89667648077011108,-4.0426387786865234
trained,pca,train,2,10.732830047607422,-2.7973265647888184
trained,pca,train,3,9.7672901153564453,-1.732690691947937
trained,pca,train,3,-12.714687347412109,-4.6242947578430176
trained,pca,train,2,8.4550952911376953,0.0048233913257718086
trained,pca,train,2,-3.5262484550476074,-2.8462691307067871
trained,pca,train,2,-6.4490866661071777,-2.966480016708374
trained,pca,train,2,7.1955842971801758,3.2749001979827881
trained,pca,train,2,10.216066360473633,-1.9468605518341064
trained,pca,train,2,1.262734055519104,4.4391427040100098
trained,pca,train,2,-17.058361053466797,0.86612725257873535
trained,pca,train,3,-5.6898336410522461,-4.7725248336791992
trained,pca,train,2,-7.1221723556518555,0.79436993598937988
trained,pca,train,3,-7.5263214111328125,0.43979620933532715
trained,pca,train,3,2.324244499206543,-2.0665030479431152
trained,pca,train,2,-5.4970216751098633,-3.7645504474639893
trained,pca,train,3,-4.8220763206481934,0.82743364572525024
trained,pca,train,2,-5.0558185577392578,-3.486771821975708
trained,pca,train,2,0.97528523206710815,-3.8558130264282227
trained,pca,train,2,-9.7462844848632812,-0.036608096212148666
trained,pca,train,2,-7.150634765625,-4.4165534973144531
trained,pca,train,2,0.87961471080780029,-3.0703933238983154
trained,pca,train,2,6.0905580520629883,-4.3482942581176758
trained,pca,train,2,4.1671972274780273,-0.80205398797988892
trained,pca,train,2,5.8669233322143555,4.2488389015197754
trained,pca,train,2,1.416287899017334,5.3604488372802734
trained,pca,train,3,3.8050854206085205,5.7190208435058594
trained,pca,train,2,5.55377197265625,1.5302586555480957
trained,pca,train,3,4.1487183570861816,-1.6164510250091553
trained,pca,train,4,8.8572120666503906,-0.24233883619308472
trained,pca,train,2,-3.7270419597625732,-3.2068333625793457
trained,pca,train,3,9.7712373733520508,-1.933167576789856
trained,pca,train,3,-0.95550620555877686,-0.80775535106658936
trained,pca,train,4,7.2400903701782227,0.23354092240333557
trained,pca,train,2,5.1745481491088867,4.2823424339294434
trained,pca,train,2,-0.38158932328224182,2.3536515235900879
trained,pca,train,2,3.7844178676605225,-2.7343173027038574
trained,pca,train,2,-11.313679695129395,-4.9021978378295898
trained,pca,train,2,4.0229253768920898,3.9533243179321289
trained,pca,train,3,5.3841485977172852,0.70422625541687012
trained,pca,train,3,5.306541919708252,-0.28802558779716492
trained,pca,train,2,-1.2408914566040039,-0.099342726171016693
trained,pca,train,2,-1.2272697687149048,-5.6860971450805664
trained,pca,train,3,3.8924143314361572,-0.39026960730552673
trained,pca,train,2,6.8041939735412598,3.3608660697937012
trained,pca,train,2,-2.7044873237609863,-3.6184511184692383
trained,pca,train,2,0.21681736409664154,1.0697288513183594
trained,pca,train,2,-0.50619381666183472,-3.0037961006164551
trained,pca,train,2,4.6585602760314941,5.9827919006347656
trained,pca,train,2,-5.0704069137573242,-6.3429036140441895
trained,pca,train,2,10.724348068237305,-2.8478288650512695
trained,pca,train,3,1.6116945743560791,5.805302619934082
trained,pca,train,3,-4.6757330894470215,-2.0184268951416016
trained,pca,train,3,-6.8792171478271484,-0.9717719554901123
trained,pca,train,2,-15.525517463684082,3.7739129066467285
trained,pca,train,3,3.2060339450836182,5.0658588409423828
trained,pca,train,2,1.8160504102706909,-1.5847048759460449
trained,pca,train,2,-10.306319236755371,-1.8410071134567261
trained,pca,train,2,7.5075082778930664,3.0620250701904297
trained,pca,train,2,-19.544486999511719,2.1016411781311035
trained,pca,train,1,-6.7757987976074219,0.2276204377412796
trained,pca,train,3,-12.459794998168945,3.3339581489562988
trained,pca,train,2,-2.028562068939209,3.3903298377990723
trained,pca,train,2,2.6590719223022461,2.7190308570861816
trained,pca,train,2,-7.9954261779785156,4.0833139419555664
trained,pca,train,3,9.7785205841064453,-1.7439299821853638
trained,pca,train,2,5.4827165603637695,3.9680061340332031
trained,pca,train,2,1.3691984415054321,-0.40896344184875488
trained,pca,train,2,4.2534685134887695,0.99952208995819092
trained,pca,train,2,10.551055908203125,-2.6801011562347412
trained,pca,train,3,8.7064952850341797,0.26681312918663025
trained,pca,train,4,2.8451416492462158,-0.0047145737335085869
trained,pca,train,3,9.7776498794555664,-1.7691162824630737
trained,pca,train,2,9.8182353973388672,-1.0455253124237061
trained,pca,train,3,7.9929327964782715,-2.0588188171386719
trained,pca,train,2,3.7665822505950928,0.1888415664434433
trained,pca,train,3,6.6954717636108398,0.71802240610122681
trained,pca,train,2,10.653891563415527,-2.5284123420715332
trained,pca,train,3,9.4302253723144531,-1.2575172185897827
trained,pca,train,2,-11.043767929077148,-1.7725262641906738
trained,pca,train,3,8.4459905624389648,0.97664558887481689
trained,pca,train,3,2.1784482002258301,2.316856861114502
trained,pca,train,2,1.9842064380645752,3.8966293334960938
trained,pca,train,2,-16.035495758056641,-1.9269386529922485
trained,pca,train,2,-9.0766563415527344,-3.5327708721160889
trained,pca,train,2,10.719283103942871,-2.8910255432128906
trained,pca,train,2,2.2055306434631348,2.1128334999084473
trained,pca,train,3,0.71618545055389404,-2.0883803367614746
trained,pca,train,2,6.1516594886779785,-2.7911825180053711
trained,pca,train,3,9.7513332366943359,-1.6238001585006714
trained,pca,train,2,-0.61477690935134888,-2.7568044662475586
trained,pca,train,2,-1.3857561349868774,3.9859943389892578
trained,pca,train,4,1.98772132396698,2.2546839714050293
trained,pca,train,2,8.1781072616577148,1.2905821800231934
trained,pca,train,3,-8.8469448089599609,5.8851413726806641
trained,pca,train,2,8.6634511947631836,-3.2882595062255859
trained,pca,train,2,-0.67721641063690186,4.486112117767334
trained,pca,train,2,10.533624649047852,-2.2956314086914062
trained,pca,train,2,-13.828487396240234,-1.2322084903717041
trained,pca,train,3,5.0731854438781738,3.5508317947387695
trained,pca,train,2,-18.578792572021484,-5.2283506393432617
trained,pca,train,3,4.4422440528869629,4.8655595779418945
trained,pca,train,3,-6.6190586090087891,-2.5785212516784668
trained,pca,train,3,3.5421500205993652,4.7881555557250977
trained,pca,train,2,1.5366408824920654,-0.9983794093132019
trained,pca,train,3,2.1496481895446777,0.40849500894546509
trained,pca,train,2,-0.029069233685731888,-2.7496542930603027
trained,pca,train,2,4.2253484725952148,-1.6109209060668945
trained,pca,train,3,-10.822922706604004,1.9177350997924805
trained,pca,train,3,-6.3243451118469238,-4.2099437713623047
trained,pca,train,3,2.6440141201019287,3.2177481651306152
trained,pca,train,2,-0.013842333108186722,4.2100887298583984
trained,pca,train,4,-4.1597003936767578,-3.56715989112854
trained,pca,train,2,-9.6678838729858398,5.7585883140563965
trained,pca,train,2,2.5609719753265381,3.0188412666320801
trained,pca,train,3,1.4571785926818848,3.5457465648651123
trained,pca,train,2,1.4531208276748657,6.7892732620239258
trained,pca,train,2,-3.5727241039276123,1.0880788564682007
trained,pca,train,3,0.28345218300819397,0.67149972915649414
trained,pca,train,2,-0.98761343955993652,-0.99148333072662354
trained,pca,train,2,-1.3713958263397217,-5.6612224578857422
trained,pca,train,2,-4.288914680480957,4.1306819915771484
trained,pca,train,2,-2.3189465999603271,-0.9037596583366394
trained,pca,train,3,-14.067441940307617,3.2042274475097656
trained,pca,train,3,9.8121738433837891,-1.4090503454208374
trained,pca,train,3,-11.33571720123291,1.4566099643707275
trained,pca,train,2,8.953643798828125,0.76821720600128174
trained,pca,train,3,-6.9815268516540527,-1.9706704616546631
trained,pca,train,3,-9.0504894256591797,-3.2080605030059814
trained,pca,train,2,-3.2159364223480225,-4.0526266098022461
trained,pca,train,3,-5.8797130584716797,5.117408275604248
trained,pca,train,2,8.3582677841186523,-3.0098838806152344
trained,pca,train,2,-4.2592124938964844,-4.8410396575927734
trained,pca,train,2,-6.5856280326843262,-0.013210589997470379
trained,pca,train,2,4.6791529655456543,-3.8349583148956299
trained,pca,train,2,7.420682430267334,2.2760457992553711
trained,pca,train,3,9.4189205169677734,-1.1377089023590088
trained,pca,train,3,-7.9767684936523438,1.3233954906463623
trained,pca,train,3,-8.1120996475219727,1.0263510942459106
trained,pca,train,2,4.5978007316589355,3.0976214408874512
trained,pca,train,3,9.2600212097167969,-1.7294795513153076
trained,pca,train,2,4.8011078834533691,2.1471307277679443
trained,pca,train,2,1.6318626403808594,-0.26363813877105713
trained,pca,train,2,-1.4985661506652832,4.6003937721252441
trained,pca,train,4,8.5454511642456055,0.37617450952529907
trained,pca,train,3,-1.3218505382537842,-0.41361111402511597
trained,pca,train,2,4.9229698181152344,1.9773186445236206
trained,pca,train,2,10.719283103942871,-2.8910255432128906
trained,pca,train,2,-0.059425849467515945,-5.6201376914978027
trained,pca,train,1,0.064873889088630676,2.3227853775024414
trained,pca,train,2,-2.4895205497741699,2.6256046295166016
trained,pca,train,3,5.4715642929077148,3.895611047744751
trained,pca,train,3,-5.2160916328430176,1.0984313488006592
trained,pca,train,2,2.2320084571838379,3.35477614402771
trained,pca,train,3,-3.9941339492797852,2.6244673728942871
trained,pca,train,3,0.10581602156162262,-2.0129730701446533
trained,pca,train,2,5.4837594032287598,4.2158632278442383
trained,pca,train,2,1.0794743299484253,-1.8082180023193359
trained,pca,train,2,-7.355466365814209,-4.7339744567871094
trained,pca,train,4,3.4758131504058838,7.1394796371459961
trained,pca,train,2,7.8792510032653809,-0.078281514346599579
trained,pca,train,2,4.4412093162536621,-1.5780903100967407
trained,pca,train,2,-4.4668784141540527,-3.771270751953125
trained,pca,train,3,9.7725200653076172,-1.7493202686309814
trained,pca,train,2,-2.8799223899841309,-3.0992681980133057
trained,pca,train,1,-3.9469261169433594,-1.9171925783157349
trained,pca,train,3,-3.837916374206543,2.3385305404663086
trained,pca,train,2,-0.69371521472930908,2.1809482574462891
trained,pca,train,2,6.2015495300292969,1.0708363056182861
trained,pca,train,3,-16.198749542236328,5.2652411460876465
trained,pca,train,2,-3.5704412460327148,6.1897373199462891
trained,pca,train,2,4.2007651329040527,-3.5032880306243896
trained,pca,train,3,-13.32110595703125,3.536820650100708
trained,pca,train,3,9.8083772659301758,-1.250274658203125
trained,pca,train,2,-5.223177433013916,1.6854959726333618
trained,pca,train,2,0.99350172281265259,0.55317890644073486
trained,pca,train,3,7.8847932815551758,0.61661434173583984
trained,pca,train,3,0.84880900382995605,-4.0144305229187012
trained,pca,train,3,7.2659244537353516,2.8924126625061035
trained,pca,train,2,1.1253763437271118,1.6640694141387939
trained,pca,train,3,1.5021511316299438,0.38433843851089478
trained,pca,train,2,1.5429307222366333,3.6781768798828125
trained,pca,train,2,9.0622062683105469,0.74142229557037354
trained,pca,train,4,8.8172273635864258,-0.6120765209197998
trained,pca,train,2,-2.4442627429962158,1.9961671829223633
trained,pca,train,2,9.8188819885253906,-1.0983465909957886
trained,pca,train,2,-6.661320686340332,-2.5673236846923828
trained,pca,train,3,6.9467287063598633,0.39996954798698425
trained,pca,train,2,10.609994888305664,-2.6976499557495117
trained,pca,train,3,-5.6339521408081055,2.6715331077575684
trained,pca,train,3,-3.9440474510192871,1.965219259262085
trained,pca,train,2,1.2977744340896606,-0.26875334978103638
trained,pca,train,3,9.5598011016845703,-0.35931336879730225
trained,pca,train,2,-1.4127033948898315,-3.1612906455993652
trained,pca,train,3,-5.3188619613647461,-3.3735277652740479
trained,pca,train,2,1.1070826053619385,5.2860965728759766
trained,pca,train,2,-3.7470626831054688,-0.49272423982620239
trained,pca,train,2,-6.575171947479248,-0.70232623815536499
trained,pca,train,2,-12.861818313598633,-1.4472396373748779
trained,pca,train,3,-3.8771419525146484,-1.1342611312866211
trained,pca,train,3,1.3349378108978271,8.3184394836425781
trained,pca,train,2,-6.1543936729431152,4.301274299621582
trained,pca,train,3,8.7954921722412109,0.78022384643554688
trained,pca,train,3,8.4098796844482422,1.3051576614379883
trained,pca,train,2,-5.8987512588500977,1.3192846775054932
trained,pca,train,3,-7.0521578788757324,-4.6529655456542969
trained,pca,train,1,-1.7930361032485962,5.7842307090759277
trained,pca,train,3,4.5339040756225586,1.5570814609527588
trained,pca,train,2,-5.2429375648498535,-6.3608059883117676
trained,pca,train,2,-7.6970133781433105,6.2143468856811523
trained,pca,train,3,0.22196908295154572,1.4668257236480713
trained,pca,train,3,-1.9485955238342285,1.675244927406311
trained,pca,train,2,-5.0868697166442871,-3.9410574436187744
trained,pca,train,3,-11.381378173828125,4.1120867729187012
trained,pca,train,3,9.6841773986816406,-1.2635915279388428
trained,pca,train,2,5.2249302864074707,0.92095369100570679
trained,pca,train,1,-3.6914715766906738,2.734675407409668
trained,pca,train,3,5.6171741485595703,0.8373948335647583
trained,pca,train,2,-4.0965471267700195,-4.9470958709716797
trained,pca,train,2,-5.2377986907958984,-5.9851036071777344
trained,pca,train,2,-2.0215141773223877,-5.4225025177001953
trained,pca,train,2,-4.0124168395996094,3.5024857521057129
trained,pca,train,2,-0.97879379987716675,-2.7243421077728271
trained,pca,train,3,-9.8417148590087891,7.4648628234863281
trained,pca,train,3,6.8963537216186523,0.59669208526611328
trained,pca,train,2,-1.3862876892089844,-0.26750952005386353
trained,pca,train,2,8.6620769500732422,-3.3419060707092285
trained,pca,train,2,8.6882877349853516,1.4138414859771729
trained,pca,train,2,-4.1548113822937012,4.5284795761108398
trained,pca,train,3,7.0749797821044922,1.6449651718139648
trained,pca,train,3,7.2152976989746094,0.51275396347045898
trained,pca,train,2,-10.589731216430664,-6.1096625328063965
trained,pca,train,4,-1.629156231880188,2.2006113529205322
trained,pca,train,4,2.6442563533782959,1.5699878931045532
trained,pca,train,3,-4.0050673484802246,1.4833884239196777
trained,pca,train,2,0.25004222989082336,6.4336147308349609
trained,pca,train,2,-0.65825760364532471,-0.15485629439353943
trained,pca,train,3,8.488856315612793,-2.201587438583374
trained,pca,train,3,8.5309352874755859,-2.1415855884552002
trained,pca,train,2,-14.148702621459961,0.082454927265644073
trained,pca,train,3,-0.33425375819206238,-2.3269920349121094
trained,pca,train,2,-4.1827230453491211,-0.5741957426071167
trained,pca,train,2,10.718769073486328,-2.9935042858123779
trained,pca,train,2,-0.44557034969329834,0.66017007827758789
trained,pca,train,2,9.8056049346923828,-0.75292938947677612
trained,pca,train,2,-2.4094095230102539,4.2219629287719727
trained,pca,train,3,9.6432552337646484,-1.2845903635025024
trained,pca,train,3,-3.916517972946167,3.968510627746582
trained,pca,train,2,6.104151725769043,3.8440113067626953
trained,pca,train,3,0.061817344278097153,-0.83182656764984131
trained,pca,train,2,0.81674569845199585,-4.3559083938598633
trained,pca,train,2,3.5683398246765137,5.184906005859375
trained,pca,train,2,6.6883754730224609,3.4742546081542969
trained,pca,train,2,-1.841578483581543,-5.0832653045654297
trained,pca,train,3,1.1010313034057617,6.2509536743164062
trained,pca,train,3,6.9682483673095703,-1.4551160335540771
trained,pca,train,4,4.3701362609863281,-1.5750346183776855
trained,pca,train,2,-3.8105695247650146,-0.6818382740020752
trained,pca,train,3,-3.1279525756835938,5.898566722869873
trained,pca,train,2,3.6435184478759766,5.2427272796630859
trained,pca,train,3,9.7845878601074219,-1.8269402980804443
trained,pca,train,2,-14.551286697387695,-1.6342442035675049
trained,pca,train,2,-4.1396570205688477,2.2243390083312988
trained,pca,train,2,9.216038703918457,0.63122153282165527
trained,pca,train,3,8.2660560607910156,1.2321624755859375
trained,pca,train,3,-8.1756134033203125,7.491729736328125
trained,pca,train,2,-3.8906369209289551,1.1138708591461182
trained,pca,train,3,7.3286128044128418,2.8332977294921875
trained,pca,train,3,-7.0605998039245605,0.69900059700012207
trained,pca,train,3,4.4357166290283203,-2.3849806785583496
trained,pca,train,2,-6.1396760940551758,-6.8936858177185059
trained,pca,train,3,-1.2364447116851807,7.1444759368896484
trained,pca,train,2,-6.4256134033203125,1.0586826801300049
trained,pca,train,3,9.7631607055664062,-1.8013012409210205
trained,pca,train,3,9.7581596374511719,-1.9229381084442139
trained,pca,train,3,-5.711054801940918,3.6132395267486572
trained,pca,train,2,3.0884172916412354,2.0144979953765869
trained,pca,train,3,-6.021885871887207,2.0981924533843994
trained,pca,train,2,10.724679946899414,-3.0761063098907471
trained,pca,train,3,-6.6529932022094727,-2.140103816986084
trained,pca,train,2,5.3553910255432129,1.8122142553329468
trained,pca,train,2,9.6838893890380859,-0.44099760055541992
trained,pca,train,2,-9.3952541351318359,-1.4766308069229126
trained,pca,train,3,8.4080820083618164,0.37300252914428711
trained,pca,train,3,-4.1404037475585938,-4.742124080657959
trained,pca,train,3,-5.7424459457397461,-4.7156758308410645
trained,pca,train,2,-5.5727128982543945,0.32783180475234985
trained,pca,train,3,-12.210060119628906,3.5553996562957764
trained,pca,train,3,4.9346489906311035,1.5498555898666382
trained,pca,train,3,-1.1675487756729126,1.2717387676239014
trained,pca,train,3,9.8121738433837891,-1.4090503454208374
trained,pca,train,2,1.2243701219558716,2.4009146690368652
trained,pca,train,2,-3.7921638488769531,-1.7972128391265869
trained,pca,train,2,-0.19047790765762329,-1.5626877546310425
trained,pca,train,2,10.67054557800293,-3.187666654586792
trained,pca,train,2,-2.0806267261505127,-0.58087694644927979
trained,pca,train,2,-15.260220527648926,-3.4269042015075684
trained,pca,train,2,-0.88193559646606445,-2.1177372932434082
trained,pca,train,2,1.873798131942749,-2.6795034408569336
trained,pca,train,2,-3.4089059829711914,-3.6413979530334473
trained,pca,train,2,-4.3495445251464844,5.1441001892089844
trained,pca,train,3,4.9372072219848633,-1.4311041831970215
trained,pca,train,3,7.1902017593383789,1.3450459241867065
trained,pca,train,2,1.221243143081665,3.0738096237182617
trained,pca,train,2,-10.580327987670898,-3.2130036354064941
trained,pca,train,3,1.2724287509918213,1.4627900123596191
trained,pca,train,2,-5.6978902816772461,-2.1041359901428223
trained,pca,train,2,4.8580317497253418,2.9067888259887695
trained,pca,train,2,-5.5855894088745117,-5.3568387031555176
trained,pca,train,2,-1.7901866436004639,0.84687685966491699
trained,pca,train,2,-11.243566513061523,0.581074059009552
trained,pca,train,2,9.6931076049804688,-1.4483269453048706
trained,pca,train,2,-4.9543271064758301,2.4972989559173584
trained,pca,train,2,8.8250083923339844,0.96668767929077148
trained,pca,train,3,9.4458885192871094,-0.91021239757537842
trained,pca,train,3,-10.860395431518555,-4.6559939384460449
trained,pca,train,2,10.089767456054688,-1.0713959932327271
trained,pca,train,2,-4.8652911186218262,0.60965394973754883
trained,pca,train,3,-5.0260710716247559,2.4122674465179443
trained,pca,train,3,-1.6382441520690918,4.9024019241333008
trained,pca,train,4,5.3911495208740234,5.2538595199584961
trained,pca,train,2,-6.2907333374023438,-3.7413578033447266
trained,pca,train,3,5.6326785087585449,0.49866014719009399
trained,pca,train,4,7.382840633392334,2.2225713729858398
trained,pca,train,2,-4.1880745887756348,-6.6776423454284668
trained,pca,train,3,-6.4153070449829102,3.4920742511749268
trained,pca,train,2,0.65719115734100342,1.9118187427520752
trained,pca,train,2,1.2856076955795288,0.45975390076637268
trained,pca,train,2,-1.307681679725647,-0.11354854702949524
trained,pca,train,3,-3.7463440895080566,-0.31093692779541016
trained,pca,train,2,3.033872127532959,-1.5880687236785889
trained,pca,train,3,3.5609493255615234,6.2505269050598145
trained,pca,train,3,9.5594987869262695,-1.3714637756347656
trained,pca,train,2,-8.5011997222900391,-2.7995190620422363
trained,pca,train,3,-3.3161916732788086,8.3571882247924805
trained,pca,train,3,3.5677213668823242,-1.887786865234375
trained,pca,train,3,3.5629165172576904,2.1766946315765381
trained,pca,train,2,1.9468245506286621,-1.3126411437988281
trained,pca,train,2,10.724348068237305,-2.8478288650512695
trained,pca,train,3,-3.2255053520202637,-2.7710459232330322
trained,pca,train,3,5.8768272399902344,4.7997922897338867
trained,pca,train,2,-3.0495843887329102,-3.1981563568115234
trained,pca,train,2,-8.8353061676025391,1.3410592079162598
trained,pca,train,2,5.0883274078369141,-1.9047262668609619
trained,pca,train,2,4.3103537559509277,2.6913869380950928
trained,pca,train,2,-2.2164888381958008,2.1244373321533203
trained,pca,train,3,9.7268772125244141,-1.6482094526290894
trained,pca,train,2,-8.0900983810424805,4.7791023254394531
trained,pca,train,2,10.655889511108398,-3.240947961807251
trained,pca,train,3,-0.1773492842912674,1.275858998298645
trained,pca,train,2,0.38608995079994202,-4.6190357208251953
trained,pca,train,3,-0.75633740425109863,6.1823453903198242
trained,pca,train,3,-3.975942850112915,-3.3695828914642334
trained,pca,train,2,7.1513404846191406,1.4514166116714478
trained,pca,train,3,-11.471709251403809,1.4117437601089478
trained,pca,train,4,1.6289576292037964,7.3259410858154297
trained,pca,train,2,9.1148490905761719,0.15979772806167603
trained,pca,train,2,-7.7615585327148438,5.4009246826171875
trained,pca,train,2,-3.0087525844573975,-2.6475803852081299
trained,pca,train,3,-5.3508195877075195,-2.3484067916870117
trained,pca,train,3,7.0342001914978027,0.95947730541229248
trained,pca,train,2,10.724679946899414,-3.0761063098907471
trained,pca,train,2,0.54902023077011108,8.2532339096069336
trained,pca,train,3,0.74707484245300293,-2.4612023830413818
trained,pca,train,2,8.0681228637695312,0.64407753944396973
trained,pca,train,2,-8.6874027252197266,-2.5845842361450195
trained,pca,train,2,-7.1982474327087402,1.8652414083480835
trained,pca,train,2,-1.9793469905853271,-3.5479605197906494
trained,pca,train,3,-0.53227341175079346,-3.8250460624694824
trained,pca,train,3,3.9310121536254883,6.3077726364135742
trained,pca,train,2,4.3808460235595703,2.5514426231384277
trained,pca,train,2,2.941065788269043,0.74928414821624756
trained,pca,train,2,-6.0795145034790039,-5.248814582824707
trained,pca,train,2,1.1648309230804443,-0.20736703276634216
trained,pca,train,3,9.0426874160766602,-0.4054378867149353
trained,pca,train,3,9.7521820068359375,-1.7007851600646973
trained,pca,train,3,4.4879179000854492,2.7060315608978271
trained,pca,train,2,10.204511642456055,-1.4609967470169067
trained,pca,train,2,5.7283196449279785,1.4543966054916382
trained,pca,train,2,-6.0352382659912109,-3.9612686634063721
trained,pca,train,4,0.79192912578582764,4.9648032188415527
trained,pca,train,3,1.1327610015869141,-0.32042798399925232
trained,pca,train,2,5.7208595275878906,3.2859976291656494
trained,pca,train,2,-4.7563076019287109,2.5555553436279297
trained,pca,train,3,9.8188056945800781,-1.0763190984725952
trained,pca,train,2,-1.7607021331787109,-2.7768721580505371
trained,pca,train,3,2.9728291034698486,-2.8305115699768066
trained,pca,train,4,7.197721004486084,0.36161848902702332
trained,pca,train,3,-17.049245834350586,-2.862708568572998
trained,pca,train,2,4.3107199668884277,6.369929313659668
trained,pca,train,2,1.7864143848419189,-4.7895283699035645
trained,pca,train,2,-5.8213081359863281,4.3683314323425293
trained,pca,train,2,-10.017129898071289,-3.2348060607910156
trained,pca,train,2,-0.56776857376098633,-4.4585871696472168
trained,pca,train,2,-2.8796043395996094,-4.6793928146362305
trained,pca,train,2,-4.2662277221679688,-2.8719112873077393
trained,pca,train,2,-11.248407363891602,0.53828567266464233
trained,pca,train,2,-3.6093792915344238,-1.3393559455871582
trained,pca,train,2,-4.382133960723877,-4.9460024833679199
trained,pca,train,3,0.69937658309936523,1.5531313419342041
trained,pca,train,2,-10.452326774597168,1.9244955778121948
trained,pca,train,2,-16.404146194458008,3.0260109901428223
trained,pca,train,2,4.0364575386047363,3.8157861232757568
trained,pca,train,2,-10.704817771911621,6.1076440811157227
trained,pca,train,3,1.3883699178695679,0.80801784992218018
trained,pca,train,2,6.3605585098266602,0.15725815296173096
trained,pca,train,3,-5.4102287292480469,-1.0240966081619263
trained,pca,train,3,2.9514319896697998,-2.7610077857971191
trained,pca,train,2,0.19829364120960236,-2.7071671485900879
trained,pca,train,3,2.5267508029937744,-2.5920286178588867
trained,pca,train,2,-2.5553460121154785,-2.4148926734924316
trained,pca,train,2,-6.8208456039428711,-0.5808941125869751
trained,pca,train,2,10.665958404541016,-3.205315113067627
trained,pca,train,3,-3.6559650897979736,4.5432829856872559
trained,pca,train,2,0.59619683027267456,-1.1033082008361816
trained,pca,train,3,-3.250316858291626,0.28576827049255371
trained,pca,train,2,8.0811471939086914,1.1431727409362793
trained,pca,train,2,4.5922756195068359,3.8590707778930664
trained,pca,train,3,-1.3158411979675293,1.7183141708374023
trained,pca,train,2,-2.2551145553588867,1.8684219121932983
trained,pca,train,2,10.724348068237305,-2.8478288650512695
trained,pca,train,2,-7.7563209533691406,-1.3493039608001709
trained,pca,train,2,9.4292640686035156,0.46801289916038513
trained,pca,train,3,-4.5007514953613281,-2.9315581321716309
trained,pca,train,3,9.7985572814941406,-1.2736079692840576
trained,pca,train,2,-2.537116527557373,7.6596212387084961
trained,pca,train,3,6.4070382118225098,-0.56487900018692017
trained,pca,train,2,-4.6497411727905273,-1.6206109523773193
trained,pca,train,3,9.6895961761474609,-1.4440010786056519
trained,pca,train,3,9.6963605880737305,-1.3787515163421631
trained,pca,train,2,-4.454218864440918,1.4417605400085449
trained,pca,train,3,5.7261848449707031,-1.7014840841293335
trained,pca,train,3,8.2592391967773438,1.2944892644882202
trained,pca,train,4,-9.4381275177001953,-0.31309133768081665
trained,pca,train,3,9.812138557434082,-1.7830092906951904
trained,pca,train,2,-10.612665176391602,-6.1722216606140137
trained,pca,train,2,-9.488494873046875,-5.3178892135620117
trained,pca,train,3,-14.61474609375,1.4852641820907593
trained,pca,train,2,5.9915924072265625,0.73797142505645752
trained,pca,train,2,-1.6002682447433472,3.2875590324401855
trained,pca,train,2,1.7867883443832397,-1.7562388181686401
trained,pca,train,2,7.0167379379272461,2.2556324005126953
trained,pca,train,3,5.690342903137207,-1.1345720291137695
trained,pca,train,3,-14.2520751953125,0.16560769081115723
trained,pca,train,3,-0.13280759751796722,4.7608451843261719
trained,pca,train,2,-3.4662222862243652,-6.2756571769714355
trained,pca,train,2,6.4115371704101562,0.080632217228412628
trained,pca,train,4,4.480769157409668,-0.35617178678512573
trained,pca,train,2,10.682027816772461,-3.1468424797058105
trained,pca,train,2,-8.8059940338134766,1.0027263164520264
trained,pca,train,3,9.7826519012451172,-1.7695499658584595
trained,pca,train,2,2.7779240608215332,2.6123428344726562
trained,pca,train,2,7.1468548774719238,2.2848541736602783
trained,pca,train,3,1.5507807731628418,-2.9865999221801758
trained,pca,train,2,-16.431289672851562,2.150667667388916
trained,pca,train,2,-3.327423095703125,4.3524737358093262
trained,pca,train,3,0.14830750226974487,-3.4468584060668945
trained,pca,train,4,1.0132499933242798,3.6346731185913086
trained,pca,train,3,9.8172664642333984,-1.1539914608001709
trained,pca,train,2,-4.3568201065063477,-0.27188301086425781
trained,pca,train,2,-2.2804806232452393,7.3683013916015625
trained,pca,train,2,6.3687591552734375,3.6637415885925293
trained,pca,train,3,-0.33389678597450256,-0.92541408538818359
trained,pca,train,1,-2.1853973865509033,5.1322388648986816
trained,pca,train,3,-1.7205182313919067,4.7389135360717773
trained,pca,train,3,5.8858366012573242,2.9098846912384033
trained,pca,train,3,8.3978948593139648,-2.215212345123291
trained,pca,train,2,2.5797603130340576,-4.2050166130065918
trained,pca,train,2,-3.4576084613800049,-4.7702732086181641
trained,pca,train,2,-6.6845240592956543,0.257192462682724
trained,pca,train,3,-0.83313500881195068,2.3740649223327637
trained,pca,train,2,-0.25974765419960022,-5.1150946617126465
trained,pca,train,3,-4.4769086837768555,6.9427013397216797
trained,pca,train,2,1.0747448205947876,-1.8805323839187622
trained,pca,train,2,1.8930913209915161,-0.12561380863189697
trained,pca,train,2,-8.2343158721923828,-2.6145663261413574
trained,pca,train,2,-0.7666163444519043,0.15216025710105896
trained,pca,train,2,-10.467897415161133,-3.1073341369628906
trained,pca,train,3,-0.035578373819589615,-0.92616617679595947
trained,pca,train,2,-2.9074916839599609,5.0887398719787598
trained,pca,train,3,8.8969221115112305,0.93849307298660278
trained,pca,train,2,4.3804426193237305,0.64281058311462402
trained,pca,train,3,-2.1094903945922852,5.602266788482666
trained,pca,train,2,-0.20374949276447296,2.3183393478393555
trained,pca,train,3,2.4545919895172119,0.83448654413223267
trained,pca,train,2,4.1612129211425781,-4.1173219680786133
trained,pca,train,2,8.3369016647338867,1.1443140506744385
trained,pca,train,2,-2.3178272247314453,-2.5269260406494141
trained,pca,train,3,9.7051563262939453,-2.4162898063659668
trained,pca,train,2,-3.8491945266723633,-2.8738715648651123
trained,pca,train,2,-19.388227462768555,2.8596770763397217
trained,pca,train,3,9.7254238128662109,-1.3450444936752319
trained,pca,train,2,-12.689910888671875,-1.8538556098937988
trained,pca,train,2,-0.39989620447158813,-3.3898048400878906
trained,pca,train,2,-9.6840610504150391,-0.11886607855558395
trained,pca,train,2,-1.0579899549484253,1.9831467866897583
trained,pca,train,2,1.6842960119247437,4.5807638168334961
trained,pca,train,3,-4.175257682800293,-4.6782264709472656
trained,pca,train,2,-11.740922927856445,0.21578282117843628
trained,pca,train,3,1.5859529972076416,-2.9476752281188965
trained,pca,train,2,8.7290363311767578,-2.2753512859344482
trained,pca,train,2,3.8258516788482666,3.5253205299377441
trained,pca,train,2,-9.6945323944091797,1.9945564270019531
trained,pca,train,2,3.5064549446105957,2.6880292892456055
trained,pca,train,3,-6.3729591369628906,1.4626278877258301
trained,pca,train,3,5.9265651702880859,2.9932601451873779
trained,pca,train,2,-2.9832854270935059,-2.0614099502563477
trained,pca,train,2,-7.5174312591552734,4.9430112838745117
trained,pca,train,2,3.0418474674224854,3.098527193069458
trained,pca,train,2,-5.7515897750854492,-1.327495813369751
trained,pca,train,2,0.02195889875292778,6.9655165672302246
trained,pca,train,2,-14.663678169250488,2.0263752937316895
trained,pca,train,2,6.2033290863037109,2.375302791595459
trained,pca,train,3,-8.7249202728271484,5.017430305480957
trained,pca,train,3,1.7674589157104492,-2.995337963104248
trained,pca,train,2,-6.5852198600769043,-1.6507656574249268
trained,pca,train,2,4.4599666595458984,-4.0512299537658691
trained,pca,train,3,-4.9028606414794922,1.8629446029663086
trained,pca,train,3,4.588343620300293,-0.0475880466401577
trained,pca,train,3,-2.0660617351531982,-0.55827462673187256
trained,pca,train,3,4.953033447265625,1.7615953683853149
trained,pca,train,2,-13.197246551513672,4.0495209693908691
trained,pca,train,2,-9.5915727615356445,-0.33408713340759277
trained,pca,train,2,9.9652795791625977,-0.98163586854934692
trained,pca,train,3,6.2037363052368164,2.6338334083557129
trained,pca,train,1,-8.7364187240600586,-3.4254641532897949
trained,pca,train,3,-5.7302179336547852,3.1840786933898926
trained,pca,train,3,9.7587833404541016,-1.5050258636474609
trained,pca,train,2,7.7736077308654785,2.939110279083252
trained,pca,train,2,-4.0908346176147461,-5.831763744354248
trained,pca,train,3,-1.8109152317047119,-2.3883628845214844
trained,pca,train,2,2.6570925712585449,-1.1464855670928955
trained,pca,train,3,3.6978943347930908,3.9873013496398926
trained,pca,train,2,-13.020296096801758,1.0773688554763794
trained,pca,train,2,7.0401945114135742,-1.246929407119751
trained,pca,train,2,-0.1990102082490921,0.59064328670501709
trained,pca,train,2,-1.4655883312225342,2.4909489154815674
trained,pca,train,3,-9.4917449951171875,-0.096425049006938934
trained,pca,train,3,2.8977227210998535,-1.1483498811721802
trained,pca,train,3,-5.889775276184082,4.5854735374450684
trained,pca,train,2,-0.26830357313156128,-1.403233528137207
trained,pca,train,2,-0.46425274014472961,-5.7376823425292969
trained,pca,train,3,7.5469865798950195,-0.27908700704574585
trained,pca,train,2,-11.03170108795166,-1.5763020515441895
trained,pca,train,3,9.4140892028808594,0.27146577835083008
trained,pca,train,3,5.5369658470153809,0.37926629185676575
trained,pca,train,2,1.1204040050506592,-0.27557626366615295
trained,pca,train,2,-1.089928150177002,-3.9241170883178711
trained,pca,train,3,-0.87629091739654541,-0.11815016716718674
trained,pca,train,2,1.1272381544113159,-2.5148515701293945
trained,pca,train,2,-12.015077590942383,-0.71583068370819092
trained,pca,train,3,-8.5403804779052734,4.9557056427001953
trained,pca,train,2,-6.5528707504272461,-1.8427485227584839
trained,pca,train,2,10.655889511108398,-3.240947961807251
trained,pca,train,2,0.67959266901016235,5.3299627304077148
trained,pca,train,2,-4.7535343170166016,-4.1480393409729004
trained,pca,train,2,-4.9435534477233887,-1.811882495880127
trained,pca,train,2,-3.3793747425079346,2.231529712677002
trained,pca,train,2,-7.3376598358154297,-1.2718929052352905
trained,pca,train,2,-2.3118360042572021,3.523521900177002
trained,pca,train,2,-10.920703887939453,3.0725312232971191
trained,pca,train,2,-0.42551159858703613,-3.852452278137207
trained,pca,train,2,6.5927653312683105,-4.1518945693969727
trained,pca,train,3,-1.8761755228042603,9.4135236740112305
trained,pca,train,4,-0.56033778190612793,5.7638311386108398
trained,pca,train,3,6.7844338417053223,2.4529576301574707
trained,pca,train,2,3.3366930484771729,3.2363953590393066
trained,pca,train,2,2.8519976139068604,1.0928542613983154
trained,pca,train,3,-2.5299952030181885,9.0811777114868164
trained,pca,train,3,8.5993757247924805,1.3319954872131348
trained,pca,train,1,-5.0100874900817871,-2.0728273391723633
trained,pca,train,3,-7.3102617263793945,-1.876314640045166
trained,pca,train,2,3.0576353073120117,-2.0744223594665527
trained,pca,train,2,1.5208593606948853,1.431627631187439
trained,pca,train,4,-5.9258298873901367,8.2039146423339844
trained,pca,train,2,8.6917800903320312,1.6664866209030151
trained,pca,train,2,-9.8472080230712891,-4.5868124961853027
trained,pca,train,4,-2.4135198593139648,1.5959577560424805
trained,pca,train,2,-4.9325895309448242,5.5556035041809082
trained,pca,train,1,-3.9017055034637451,4.5384368896484375
trained,pca,train,2,8.6900930404663086,1.4743627309799194
trained,pca,train,4,5.180729866027832,1.0993670225143433
trained,pca,train,2,8.9358806610107422,0.15774893760681152
trained,pca,train,3,-1.2220739126205444,-1.9945676326751709
trained,pca,train,2,8.1833896636962891,-1.5000067949295044
trained,pca,train,2,5.2649087905883789,-1.7504268884658813
trained,pca,train,2,-4.4048604965209961,0.10559176653623581
trained,pca,train,2,3.8513114452362061,0.49030888080596924
trained,pca,train,2,2.4538288116455078,4.3899602890014648
trained,pca,train,3,1.3015869855880737,-1.0749679803848267
trained,pca,train,2,-4.2030744552612305,-0.45955783128738403
trained,pca,train,2,-2.7656989097595215,-4.7975935935974121
trained,pca,train,2,-8.3493728637695312,-3.3266327381134033
trained,pca,train,3,-11.078177452087402,-1.0052182674407959
trained,pca,train,2,-14.440771102905273,-2.0667858123779297
trained,pca,train,2,-8.5890588760375977,1.7245216369628906
trained,pca,train,4,-2.322484016418457,-2.728224515914917
trained,pca,train,2,4.4069781303405762,-4.250828742980957
trained,pca,train,3,9.7328081130981445,-1.5497653484344482
trained,pca,train,2,-11.735706329345703,1.0370833873748779
trained,pca,train,3,0.14885883033275604,4.6614460945129395
trained,pca,train,2,2.707456111907959,1.6276500225067139
trained,pca,train,3,9.4996709823608398,-0.87713766098022461
trained,pca,train,3,5.9168100357055664,-2.3239119052886963
trained,pca,train,3,-5.1406536102294922,0.3366471529006958
trained,pca,train,2,-6.094947338104248,-6.2154340744018555
trained,pca,train,3,6.2880349159240723,-1.1842151880264282
trained,pca,train,2,2.7203829288482666,3.2118146419525146
trained,pca,train,3,7.823643684387207,-1.4504750967025757
trained,pca,train,2,7.1717433929443359,2.1984379291534424
trained,pca,train,2,-1.293204665184021,3.3804736137390137
trained,pca,train,3,8.3734960556030273,-2.1893126964569092
trained,pca,train,2,-11.120126724243164,2.5230555534362793
trained,pca,train,3,9.6133041381835938,-0.81527191400527954
trained,pca,train,2,-12.224214553833008,3.3094809055328369
trained,pca,train,3,3.40985107421875,5.0652446746826172
trained,pca,train,2,4.0374760627746582,-2.23421311378479
trained,pca,train,2,-17.314552307128906,0.71715044975280762
trained,pca,train,2,-1.7558276653289795,1.4494776725769043
trained,pca,train,3,2.6907825469970703,-1.2055606842041016
trained,pca,train,2,3.6652688980102539,-2.5053184032440186
trained,pca,train,3,-10.407666206359863,0.42012333869934082
trained,pca,train,2,-0.55264115333557129,-4.7866120338439941
trained,pca,train,3,-1.5400454998016357,-3.292757511138916
trained,pca,train,2,0.88983052968978882,2.74163818359375
trained,pca,train,2,-0.20376315712928772,2.3736758232116699
trained,pca,train,4,7.9022197723388672,1.220721960067749
trained,pca,train,2,-1.18394935131073,-1.167644739151001
trained,pca,train,3,2.2572169303894043,-3.5461797714233398
trained,pca,train,2,-1.9125247001647949,-0.53538453578948975
trained,pca,train,3,-8.4308185577392578,3.1392560005187988
trained,pca,train,2,-5.0238809585571289,4.9951300621032715
trained,pca,train,3,-7.9146718978881836,-0.30164116621017456
trained,pca,train,3,0.8224186897277832,3.8770649433135986
trained,pca,train,1,-5.3839802742004395,0.063384868204593658
trained,pca,train,2,9.63653564453125,-2.255589485168457
trained,pca,train,2,-11.387603759765625,-3.4731202125549316
trained,pca,train,3,2.4968202114105225,0.79017794132232666
trained,pca,train,2,-4.7347574234008789,-1.3467776775360107
trained,pca,train,3,3.2776153087615967,3.9448060989379883
trained,pca,train,2,-2.9025218486785889,-4.6140499114990234
trained,pca,train,1,-2.3788909912109375,-2.1697030067443848
trained,pca,train,2,-1.8736113309860229,1.4270821809768677
trained,pca,train,2,-5.0607500076293945,-2.3090360164642334
trained,pca,train,2,8.6017770767211914,1.4911631345748901
trained,pca,train,4,8.1182708740234375,1.7504827976226807
trained,pca,train,3,-2.7147681713104248,-3.806786060333252
trained,pca,train,3,-8.2890405654907227,1.8833972215652466
trained,pca,train,2,-1.7138891220092773,3.0316784381866455
trained,pca,train,3,-2.2145068645477295,4.588836669921875
trained,pca,train,2,10.729619026184082,-2.8164582252502441
trained,pca,train,2,3.1442770957946777,2.6189401149749756
trained,pca,train,2,7.9878745079040527,2.1299219131469727
trained,pca,train,2,3.5585169792175293,3.7748527526855469
trained,pca,train,3,6.4268002510070801,0.32726231217384338
trained,pca,train,3,4.4236392974853516,4.4192743301391602
trained,pca,train,3,9.7660903930664062,-1.6703641414642334
trained,pca,train,3,9.7832622528076172,-1.2181117534637451
trained,pca,train,2,-2.0765290260314941,3.0339362621307373
trained,pca,train,3,9.7542648315429688,-1.6022734642028809
trained,pca,train,3,6.6266374588012695,1.0946975946426392
trained,pca,train,2,-21.211906433105469,4.5974149703979492
trained,pca,train,2,-1.459007740020752,0.18990585207939148
trained,pca,train,3,-11.427809715270996,-2.0334186553955078
trained,pca,train,2,-1.9609444141387939,9.1953725814819336
trained,pca,train,2,0.09155050665140152,1.4066472053527832
trained,pca,train,2,-3.8338603973388672,-3.1701867580413818
trained,pca,train,2,-3.50177001953125,-5.8365497589111328
trained,pca,train,3,-0.35011541843414307,-1.1027544736862183
trained,pca,train,2,9.4047870635986328,-0.82217538356781006
trained,pca,train,3,7.1167173385620117,-2.3932151794433594
trained,pca,train,3,0.66110366582870483,-0.15454088151454926
trained,pca,train,2,-1.5697667598724365,-2.527735710144043
trained,pca,train,4,-3.5519602298736572,2.9388227462768555
trained,pca,train,3,-4.1916704177856445,-1.4984663724899292
trained,pca,train,3,9.7692403793334961,-1.7287627458572388
trained,pca,train,2,-14.43052864074707,0.58617007732391357
trained,pca,train,2,-2.691009521484375,-3.8092353343963623
trained,pca,train,2,9.7358188629150391,-2.1614305973052979
trained,pca,train,3,3.6648180484771729,-2.6677422523498535
trained,pca,train,3,-11.412300109863281,-0.8241850733757019
trained,pca,train,3,9.7953701019287109,-1.4373743534088135
trained,pca,train,2,-5.6206722259521484,-2.4748885631561279
trained,pca,train,3,-2.0548057556152344,1.9948631525039673
trained,pca,train,4,8.2162742614746094,-0.21775978803634644
trained,pca,train,2,-0.014238525182008743,-3.7683439254760742
trained,pca,train,3,-2.0003976821899414,2.1238846778869629
trained,pca,train,3,-9.4780788421630859,2.5103278160095215
trained,pca,train,3,-8.3127803802490234,1.8552700281143188
trained,pca,train,2,-8.4043846130371094,4.4270529747009277
trained,pca,train,4,1.9352166652679443,-2.5494379997253418
trained,pca,train,3,3.289926290512085,5.545222282409668
trained,pca,train,2,3.8851501941680908,-4.6645689010620117
trained,pca,train,2,-18.400966644287109,4.349696159362793
trained,pca,train,2,-2.2058825492858887,-5.5406217575073242
trained,pca,train,2,-6.6527242660522461,-0.71280014514923096
trained,pca,train,2,3.5767538547515869,-1.7192054986953735
trained,pca,train,2,4.4961867332458496,0.47953534126281738
trained,pca,train,2,-1.1961215734481812,-5.977360725402832
trained,pca,train,2,-2.0332951545715332,-5.3973112106323242
trained,pca,train,2,-5.9744906425476074,-0.19914901256561279
trained,pca,train,2,7.6191854476928711,1.6586626768112183
trained,pca,train,2,-1.7428579330444336,-0.81128072738647461
trained,pca,train,2,-2.2557783126831055,4.0276832580566406
trained,pca,train,2,-5.7808761596679688,1.7613602876663208
trained,pca,train,3,9.2059249877929688,-0.7269551157951355
trained,pca,train,3,0.98339700698852539,-2.1366748809814453
trained,pca,train,3,8.4429588317871094,-2.7824671268463135
trained,pca,train,2,4.3466086387634277,4.7527928352355957
trained,pca,train,2,0.76556456089019775,3.1491563320159912
trained,pca,train,2,10.719283103942871,-2.8910255432128906
trained,pca,train,2,0.072379127144813538,2.4238753318786621
trained,pca,train,2,-2.6194882392883301,-3.7138104438781738
trained,pca,train,2,-8.9722824096679688,-0.73590493202209473
trained,pca,train,3,-7.688995361328125,-3.9346559047698975
trained,pca,train,2,7.3736128807067871,2.5432918071746826
trained,pca,train,3,2.5872204303741455,4.1725125312805176
trained,pca,train,2,-7.4680538177490234,-4.9115176200866699
trained,pca,train,4,-3.4316182136535645,4.6689558029174805
trained,pca,train,2,2.0835509300231934,1.5126572847366333
trained,pca,train,3,-11.159101486206055,1.3664329051971436
trained,pca,train,2,-8.0429716110229492,-1.4408581256866455
trained,pca,train,2,-5.6858935356140137,-6.0167374610900879
trained,pca,train,3,5.4684915542602539,-0.22938781976699829
trained,pca,train,2,3.3254523277282715,3.940147876739502
trained,pca,train,2,-6.7745590209960938,-2.1021685600280762
trained,pca,train,4,8.8429784774780273,-0.97738099098205566
trained,pca,train,2,-6.3110227584838867,-5.1754922866821289
trained,pca,train,2,9.5282535552978516,-0.93869882822036743
trained,pca,train,2,5.6413240432739258,1.8473954200744629
trained,pca,train,2,9.9721965789794922,-0.80714631080627441
trained,pca,train,3,-1.9300909042358398,-3.6808786392211914
trained,pca,train,2,6.4855175018310547,0.69150084257125854
trained,pca,train,2,4.6404047012329102,3.5392763614654541
trained,pca,train,2,-6.7973308563232422,2.6748969554901123
trained,pca,train,2,4.7576370239257812,4.1277036666870117
trained,pca,train,3,0.82838845252990723,-0.69981682300567627
trained,pca,train,3,6.717526912689209,3.2327942848205566
trained,pca,train,3,-0.85959994792938232,5.0663461685180664
trained,pca,train,2,-3.7050929069519043,3.3434929847717285
trained,pca,train,2,-1.6380075216293335,-4.4537496566772461
trained,pca,train,2,5.3326029777526855,-2.5251681804656982
trained,pca,train,2,10.724679946899414,-3.0761063098907471
trained,pca,train,2,10.729619026184082,-2.8164582252502441
trained,pca,train,3,1.7783279418945312,0.79878824949264526
trained,pca,train,2,6.6015129089355469,-4.1376023292541504
trained,pca,train,2,4.3384981155395508,-3.369187593460083
trained,pca,train,2,10.093564987182617,-1.2301716804504395
trained,pca,train,2,3.520169734954834,1.5541324615478516
trained,pca,train,2,0.58375370502471924,4.6160058975219727
trained,pca,train,2,2.1673026084899902,0.12061748653650284
trained,pca,train,2,1.3479157686233521,3.0688827037811279
trained,pca,train,2,-14.033349990844727,-1.3694000244140625
trained,pca,train,2,-0.22551916539669037,-1.8161110877990723
trained,pca,train,2,10.724348068237305,-2.8478288650512695
trained,pca,train,2,7.2970595359802246,-3.5172386169433594
trained,pca,train,3,6.6881680488586426,-1.8708735704421997
trained,pca,train,2,9.9006166458129883,-2.1026005744934082
trained,pca,train,2,-6.7946591377258301,-3.107492208480835
trained,pca,train,2,-13.37895393371582,0.22402626276016235
trained,pca,train,2,2.377873420715332,1.6090444326400757
trained,pca,train,2,3.1992993354797363,-2.68876051902771
trained,pca,train,2,-0.83982741832733154,1.7803268432617188
trained,pca,train,2,2.3051536083221436,-0.021329009905457497
trained,pca,train,2,1.63837730884552,4.1714358329772949
trained,pca,train,3,9.8135347366333008,-1.1071803569793701
trained,pca,train,2,5.7209510803222656,2.4716613292694092
trained,pca,train,3,-0.42197772860527039,-1.6976555585861206
trained,pca,train,3,-11.634904861450195,3.4897828102111816
trained,pca,train,3,-8.0754766464233398,-1.0015367269515991
trained,pca,train,3,8.3371772766113281,-2.7196476459503174
trained,pca,train,2,1.8739943504333496,-1.2883725166320801
trained,pca,train,2,-4.4148883819580078,-2.0684192180633545
trained,pca,train,3,-2.3347806930541992,0.14392608404159546
trained,pca,train,2,1.0434834957122803,2.8596928119659424
trained,pca,train,2,-8.1246051788330078,0.4760701060295105
trained,pca,train,2,4.3779802322387695,3.9977245330810547
trained,pca,train,2,-0.40526846051216125,3.7842957973480225
trained,pca,train,2,-1.6664690971374512,-3.9423813819885254
trained,pca,train,3,2.1440651416778564,0.63537824153900146
trained,pca,train,2,-8.3419389724731445,3.7596981525421143
trained,pca,train,2,10.724679946899414,-3.0761063098907471
trained,pca,train,3,8.7209863662719727,0.80810177326202393
trained,pca,train,2,-0.041576970368623734,-3.4800410270690918
trained,pca,train,2,4.4894924163818359,1.4924241304397583
trained,pca,train,2,1.2963730096817017,-3.6299042701721191
trained,pca,train,2,-2.1613178253173828,-3.6966166496276855
trained,pca,train,3,8.8059701919555664,-1.6503241062164307
trained,pca,train,3,6.2745165824890137,2.0905640125274658
trained,pca,train,2,3.5236721038818359,4.3901500701904297
trained,pca,train,2,8.2923154830932617,-2.0507247447967529
trained,pca,train,2,-12.792452812194824,4.820256233215332
trained,pca,train,3,8.0960597991943359,1.7327877283096313
trained,pca,train,3,9.7667369842529297,-1.7231848239898682
trained,pca,train,2,9.6042461395263672,-1.074974536895752
trained,pca,train,2,-13.825920104980469,0.49758362770080566
trained,pca,train,3,0.74358713626861572,-3.2406773567199707
trained,pca,train,2,2.4356212615966797,1.1492010354995728
trained,pca,train,2,-1.9708316326141357,3.4116115570068359
trained,pca,train,2,1.7790517807006836,3.4758400917053223
trained,pca,train,3,8.1235723495483398,0.61744767427444458
trained,pca,train,3,0.94784528017044067,-3.0127415657043457
trained,pca,train,2,10.496883392333984,-2.4489696025848389
trained,pca,train,3,5.6555147171020508,4.3415989875793457
trained,pca,train,2,-0.097434133291244507,4.9324455261230469
trained,pca,train,2,1.8590145111083984,6.4689755439758301
trained,pca,train,2,-3.3309471607208252,-1.4300556182861328
trained,pca,train,3,5.0574827194213867,-2.1767482757568359
trained,pca,train,3,-4.8371171951293945,1.6908411979675293
trained,pca,train,2,2.5372343063354492,3.7922990322113037
trained,pca,train,2,-2.0409841537475586,-1.603422999382019
trained,pca,train,3,1.2783278226852417,-0.15747776627540588
trained,pca,train,2,-6.7064175605773926,2.8626701831817627
trained,pca,train,3,6.5764217376708984,1.8937737941741943
trained,pca,train,1,-10.530597686767578,-0.61665773391723633
trained,pca,train,2,1.2169342041015625,0.97609251737594604
trained,pca,train,2,3.7237482070922852,4.3572554588317871
trained,pca,train,2,-0.87717056274414062,0.52867788076400757
trained,pca,train,2,5.0688066482543945,4.116814136505127
trained,pca,train,2,-2.2448458671569824,-5.3961620330810547
trained,pca,train,2,0.40490931272506714,1.398760199546814
trained,pca,train,4,8.1357803344726562,-1.1108661890029907
trained,pca,train,2,5.5522384643554688,4.2749137878417969
trained,pca,train,4,4.1771130561828613,1.3813736438751221
trained,pca,train,2,-10.555549621582031,-1.5501624345779419
trained,pca,train,3,5.7569999694824219,0.78623902797698975
trained,pca,train,3,8.3125066757202148,1.7475302219390869
trained,pca,train,3,2.5476934909820557,5.4590120315551758
trained,pca,train,4,4.2394819259643555,5.054680347442627
trained,pca,train,3,-11.098796844482422,5.5127897262573242
trained,pca,train,2,3.0825753211975098,1.0204193592071533
trained,pca,train,2,6.5547432899475098,3.0516347885131836
trained,pca,train,1,-8.6699819564819336,-0.53549873828887939
trained,pca,train,2,-8.8684272766113281,-0.77756404876708984
trained,pca,train,3,9.7391223907470703,-1.781589150428772
trained,pca,train,2,-6.2750101089477539,-3.0958249568939209
trained,pca,train,2,7.787135124206543,-2.7609057426452637
trained,pca,train,2,6.2253751754760742,4.4055590629577637
trained,pca,train,3,9.5411663055419922,-1.70406174659729
trained,pca,train,3,9.6694469451904297,-1.1249415874481201
trained,pca,train,2,7.9127588272094727,-3.8875846862792969
trained,pca,train,2,-2.2749624252319336,-2.8707146644592285
trained,pca,train,2,-8.9289951324462891,0.77888774871826172
trained,pca,train,2,-5.9518952369689941,0.97015303373336792
trained,pca,train,2,10.724679946899414,-3.0761063098907471
trained,pca,train,2,-7.2302289009094238,4.6326265335083008
trained,pca,train,2,-4.607048511505127,-3.4846024513244629
trained,pca,train,3,5.6473727226257324,0.45131343603134155
trained,pca,train,3,-9.2282466888427734,-2.6516799926757812
trained,pca,train,3,-8.0201330184936523,5.6320571899414062
trained,pca,train,2,-0.27627933025360107,-3.7776427268981934
trained,pca,train,2,7.5303163528442383,0.91998124122619629
trained,pca,train,2,6.8172855377197266,4.1323046684265137
trained,pca,train,2,2.2468764781951904,3.3095440864562988
trained,pca,train,2,2.7766122817993164,-4.4303989410400391
trained,pca,train,2,-0.058623958379030228,-3.7667322158813477
trained,pca,train,2,-5.3809256553649902,1.8865762948989868
trained,pca,train,2,-7.3874626159667969,1.0528063774108887
trained,pca,train,2,-2.6679253578186035,2.1429054737091064
trained,pca,train,3,-1.2564465999603271,-0.18231105804443359
trained,pca,train,3,2.0510740280151367,-2.8221073150634766
trained,pca,train,2,-0.37062835693359375,-2.2726180553436279
trained,pca,train,1,-2.5200443267822266,3.1879477500915527
trained,pca,train,2,9.7546501159667969,-1.8131786584854126
trained,pca,train,2,10.717061042785645,-2.9416980743408203
trained,pca,train,2,5.3438949584960938,-3.5515737533569336
trained,pca,train,2,-13.15202808380127,-0.79061758518218994
trained,pca,train,3,4.9714488983154297,4.8501482009887695
trained,pca,train,3,9.1505393981933594,-1.8820898532867432
trained,pca,train,2,3.4880063533782959,-2.508796215057373
trained,pca,train,2,0.44653779268264771,-4.6573677062988281
trained,pca,train,3,6.4102258682250977,-2.0206716060638428
trained,pca,train,3,-1.3320801258087158,1.2870557308197021
trained,pca,train,3,0.056031893938779831,6.9563112258911133
trained,pca,train,2,-4.7787322998046875,-3.6906161308288574
trained,pca,train,2,-1.0589385032653809,0.95268785953521729
trained,pca,train,3,-11.301392555236816,-0.95836269855499268
trained,pca,train,2,7.5288581848144531,0.62498819828033447
trained,pca,train,3,-0.12493225187063217,-2.7072556018829346
trained,pca,train,3,-2.1681630611419678,-3.9005846977233887
trained,pca,train,2,3.3690242767333984,-1.3092832565307617
trained,pca,train,3,-3.8716378211975098,-4.6669983863830566
trained,pca,train,2,-5.6634540557861328,6.8926239013671875
trained,pca,train,2,6.7502288818359375,2.1259732246398926
trained,pca,train,2,4.1179533004760742,1.6718034744262695
trained,pca,train,2,-5.3517789840698242,-4.4868946075439453
trained,pca,train,2,3.5224809646606445,2.0075416564941406
trained,pca,train,3,4.633183479309082,-2.8358192443847656
trained,pca,train,3,-0.47611981630325317,4.236607551574707
trained,pca,train,2,10.656743049621582,-3.292431116104126
trained,pca,train,3,-8.4352636337280273,-3.7349159717559814
trained,pca,train,2,6.9786057472229004,-3.6826846599578857
trained,pca,train,4,8.8955984115600586,-0.97491329908370972
trained,pca,train,3,-3.5815582275390625,2.6434099674224854
trained,pca,train,2,7.1057353019714355,0.66048723459243774
trained,pca,train,2,7.7174482345581055,1.4752931594848633
trained,pca,train,2,-14.033166885375977,0.6373181939125061
trained,pca,train,3,-1.1530799865722656,-3.9621758460998535
trained,pca,train,3,-3.2449648380279541,6.7989225387573242
trained,pca,train,2,-5.3799648284912109,-5.7429571151733398
trained,pca,train,3,-3.373164176940918,-0.38904237747192383
trained,pca,train,3,6.1593790054321289,1.6571700572967529
trained,pca,train,2,-8.7191963195800781,-4.5609798431396484
trained,pca,train,2,1.4620063304901123,4.4455738067626953
trained,pca,train,3,-7.4499893188476562,-5.0311174392700195
trained,pca,train,2,-5.3211965560913086,-6.0543808937072754
trained,pca,train,3,6.5096721649169922,3.0184073448181152
trained,pca,train,3,-4.9425487518310547,-4.4322004318237305
trained,pca,train,3,-3.4951326847076416,5.6574921607971191
trained,pca,train,2,3.2295017242431641,4.7435827255249023
trained,pca,train,2,3.6249580383300781,-3.7717084884643555
trained,pca,train,3,-11.738702774047852,3.9764049053192139
trained,pca,train,4,8.280665397644043,1.7744839191436768
trained,pca,train,2,7.3875646591186523,0.42705249786376953
trained,pca,train,2,-2.8902215957641602,-5.3937478065490723
trained,pca,train,2,-0.26291024684906006,-5.6460781097412109
trained,pca,train,3,5.033973217010498,4.7529473304748535
trained,pca,train,2,-1.1669120788574219,-3.6745579242706299
trained,pca,train,2,4.3105754852294922,0.71416187286376953
trained,pca,train,3,-5.9167671203613281,-0.13268113136291504
trained,pca,train,3,1.3186933994293213,0.43578016757965088
trained,pca,train,4,-3.426074743270874,2.2101902961730957
trained,pca,train,3,7.7260923385620117,2.4506015777587891
trained,pca,train,2,5.702326774597168,-0.31773382425308228
trained,pca,train,2,-0.23881067335605621,-5.1865768432617188
trained,pca,train,2,0.90598338842391968,-1.360191822052002
trained,pca,train,2,-10.467256546020508,-1.407683253288269
trained,pca,train,2,-5.9143786430358887,1.0601135492324829
trained,pca,train,3,9.8055419921875,-1.5395954847335815
trained,pca,train,2,10.665958404541016,-3.205315113067627
trained,pca,train,2,4.695319652557373,3.0758628845214844
trained,pca,train,2,-5.8325290679931641,-6.088465690612793
trained,pca,train,2,-4.7254714965820312,-1.0952101945877075
trained,pca,train,2,4.6601314544677734,1.2950038909912109
trained,pca,train,2,6.6162233352661133,2.0916411876678467
trained,pca,train,2,-5.5162653923034668,-1.6692042350769043
trained,pca,train,2,5.1920804977416992,-4.1910791397094727
trained,pca,train,3,9.7685480117797852,-2.2035934925079346
trained,pca,train,2,-12.427530288696289,0.99317646026611328
trained,pca,train,2,-3.8474817276000977,-1.2306866645812988
trained,pca,train,2,1.7587721347808838,1.1663682460784912
trained,pca,train,2,-4.248133659362793,-4.9295167922973633
trained,pca,train,4,-8.0813093185424805,3.5991911888122559
trained,pca,train,3,-6.4699621200561523,-0.49280285835266113
trained,pca,train,2,-7.4446601867675781,-1.4552258253097534
trained,pca,train,3,9.7719211578369141,-1.751306414604187
trained,pca,train,2,-1.1961030960083008,3.3140156269073486
trained,pca,train,3,9.104619026184082,-1.8103199005126953
trained,pca,train,2,3.971165657043457,1.7628728151321411
trained,pca,train,2,7.7202835083007812,2.6248207092285156
trained,pca,train,3,-0.87851583957672119,5.0381355285644531
trained,pca,train,3,8.2228870391845703,1.0756280422210693
trained,pca,train,2,5.8840985298156738,-4.0217781066894531
trained,pca,train,2,0.50662124156951904,-4.7794499397277832
trained,pca,train,2,1.297967791557312,1.8486270904541016
trained,pca,train,2,-11.688482284545898,-5.6959342956542969
trained,pca,train,2,-0.12872038781642914,2.3716166019439697
trained,pca,train,3,-8.0172786712646484,2.3149275779724121
trained,pca,train,3,-6.5672998428344727,-2.1365461349487305
trained,pca,train,2,4.716099739074707,-1.4418097734451294
trained,pca,train,2,-3.6180927753448486,0.77001035213470459
trained,pca,train,3,9.7534618377685547,-1.3777676820755005
trained,pca,train,3,7.5655307769775391,0.35722318291664124
trained,pca,train,4,5.9572257995605469,-0.65180432796478271
trained,pca,train,2,-11.086493492126465,3.3085169792175293
trained,pca,train,2,-3.3359613418579102,-4.8359460830688477
trained,pca,train,2,-8.4012393951416016,-1.2338601350784302
trained,pca,train,2,-8.8123626708984375,4.1235456466674805
trained,pca,train,2,-2.4074563980102539,-0.11288168281316757
trained,pca,train,2,10.729619026184082,-2.8164582252502441
trained,pca,train,2,4.4956612586975098,4.8932247161865234
trained,pca,train,3,-9.0047531127929688,-0.34076792001724243
trained,pca,train,3,3.7009129524230957,-2.2614803314208984
trained,pca,train,3,2.2791585922241211,-3.1928801536560059
trained,pca,train,3,3.9513058662414551,-1.6478257179260254
trained,pca,train,3,-5.2737946510314941,-1.4242335557937622
trained,pca,train,2,-10.35810375213623,-1.8014894723892212
trained,pca,train,2,-2.9668905735015869,0.68850958347320557
trained,pca,train,2,-0.035603959113359451,4.088864803314209
trained,pca,train,2,4.781646728515625,0.1696937084197998
trained,pca,train,2,2.0338201522827148,-2.4819819927215576
trained,pca,train,3,8.3748006820678711,-0.23260056972503662
trained,pca,train,2,-0.31248980760574341,-2.3092396259307861
trained,pca,train,2,-4.9440383911132812,1.1450283527374268
trained,pca,train,2,-3.113987922668457,-2.1692514419555664
trained,pca,train,3,-6.039456844329834,3.4103424549102783
trained,pca,train,2,0.2374146431684494,-3.5448031425476074
trained,pca,train,2,-11.459030151367188,-5.9247035980224609
trained,pca,train,2,-12.512031555175781,-2.6849310398101807
trained,pca,train,2,3.9681756496429443,-3.7938494682312012
trained,pca,train,2,-1.3797335624694824,-3.9100654125213623
trained,pca,train,2,-3.5385050773620605,-5.4395103454589844
trained,pca,train,4,-0.32242435216903687,4.3926095962524414
trained,pca,train,2,2.3546226024627686,3.6221773624420166
trained,pca,train,3,9.2728796005249023,-0.19184023141860962
trained,pca,train,3,9.7908878326416016,-1.8075779676437378
trained,pca,train,2,3.9933037757873535,6.4527854919433594
trained,pca,train,2,-18.657403945922852,2.4141137599945068
trained,pca,train,2,1.9133603572845459,-1.653536319732666
trained,pca,train,3,-0.49683243036270142,3.1754271984100342
trained,pca,train,2,-8.9939327239990234,-5.9397754669189453
trained,pca,train,2,-8.2387485504150391,1.1105809211730957
trained,pca,train,2,-2.111318826675415,1.4183758497238159
trained,pca,train,4,-0.012765157967805862,-2.289581298828125
trained,pca,train,4,6.9532594680786133,4.0362567901611328
trained,pca,train,2,-0.2924802303314209,-4.8399581909179688
trained,pca,train,2,10.594106674194336,-3.0405793190002441
trained,pca,train,3,8.2290534973144531,1.8987070322036743
trained,pca,train,3,-6.2700462341308594,3.8220388889312744
trained,pca,train,2,5.7061362266540527,3.6643815040588379
trained,pca,train,2,7.606684684753418,2.0604538917541504
trained,pca,train,2,3.1473512649536133,5.0104656219482422
trained,pca,train,2,-3.0527644157409668,-5.6127638816833496
trained,pca,train,3,0.1242375522851944,6.0235371589660645
trained,pca,train,2,2.8788440227508545,0.17311418056488037
trained,pca,train,3,-10.543536186218262,0.76412642002105713
trained,pca,train,2,1.3953043222427368,-1.2132425308227539
trained,pca,train,2,-9.5806961059570312,0.51026976108551025
trained,pca,train,4,3.6838617324829102,3.4679634571075439
trained,pca,train,3,3.7245159149169922,-2.0478248596191406
trained,pca,train,2,-10.27897834777832,-1.3062652349472046
trained,pca,train,3,0.5016205906867981,-1.7746040821075439
trained,pca,train,3,-8.0053501129150391,-3.0635571479797363
trained,pca,train,2,4.2573132514953613,4.7766799926757812
trained,pca,train,2,4.9943990707397461,3.4792358875274658
trained,pca,train,2,5.9606609344482422,4.5337624549865723
trained,pca,train,2,-10.634597778320312,-0.446778804063797
trained,pca,train,1,-5.5160083770751953,-2.3553338050842285
trained,pca,train,2,5.4747304916381836,-3.571645975112915
trained,pca,train,2,4.3776025772094727,-3.4109451770782471
trained,pca,train,2,5.3043918609619141,0.083173640072345734
trained,pca,train,3,9.8225364685058594,-1.1226210594177246
trained,pca,train,3,9.8111209869384766,-1.8654630184173584
trained,pca,train,3,-0.37103155255317688,-0.0044831885024905205
trained,pca,train,2,-4.5847339630126953,4.6425466537475586
trained,pca,train,2,-5.1864414215087891,-2.375084400177002
trained,pca,train,3,0.5390966534614563,5.1134958267211914
trained,pca,train,2,6.0437521934509277,3.3603401184082031
trained,pca,train,2,-6.4337201118469238,2.5309052467346191
trained,pca,train,2,2.0931396484375,4.0038070678710938
trained,pca,train,3,-1.9980998039245605,3.640988826751709
trained,pca,train,3,4.9809374809265137,4.8537330627441406
trained,pca,train,3,8.3599681854248047,-0.60665374994277954
trained,pca,train,2,-1.2896080017089844,-5.2827434539794922
trained,pca,train,1,-4.8430724143981934,1.5418519973754883
trained,pca,train,2,-2.5955991744995117,-1.1138937473297119
trained,pca,train,3,6.7303619384765625,1.6488078832626343
trained,pca,train,2,-8.613499641418457,1.1302981376647949
trained,pca,train,2,6.0801534652709961,3.9934449195861816
trained,pca,train,2,3.5518331527709961,4.8027868270874023
trained,pca,train,2,10.665958404541016,-3.205315113067627
trained,pca,train,3,5.9980001449584961,4.2305383682250977
trained,pca,train,3,0.51835596561431885,4.8087949752807617
trained,pca,train,3,5.7241497039794922,1.6287678480148315
trained,pca,train,3,-11.640646934509277,2.2791213989257812
trained,pca,train,2,-4.6617364883422852,-4.1786799430847168
trained,pca,train,2,4.7033529281616211,1.4700112342834473
trained,pca,train,3,2.6922492980957031,6.218238353729248
trained,pca,train,2,6.7002954483032227,2.761310338973999
trained,pca,train,2,-0.2468247264623642,6.035369873046875
trained,pca,train,2,-2.7288308143615723,1.2952454090118408
trained,pca,train,3,8.2994174957275391,-0.068780086934566498
trained,pca,train,2,1.466376781463623,5.6704111099243164
trained,pca,train,2,2.5903716087341309,3.8352475166320801
trained,pca,train,2,-2.7186422348022461,1.1937777996063232
trained,pca,train,3,-11.43816089630127,2.6686506271362305
trained,pca,train,3,-2.9404170513153076,-3.1654982566833496
trained,pca,train,2,10.729619026184082,-2.8164582252502441
trained,pca,train,2,-0.44607087969779968,2.0689778327941895
trained,pca,train,3,-2.5000743865966797,-3.9982163906097412
trained,pca,train,3,3.3781282901763916,-0.81716960668563843
trained,pca,train,2,7.0237522125244141,2.5402102470397949
trained,pca,train,4,-1.1718175411224365,1.2577252388000488
trained,pca,train,2,-10.258600234985352,3.2336280345916748
trained,pca,train,2,-11.38860034942627,-5.8098068237304688
trained,pca,train,3,-5.5349550247192383,5.5069828033447266
trained,pca,train,3,9.0375528335571289,0.082003481686115265
trained,pca,train,1,-2.2612841129302979,-0.52238631248474121
trained,pca,train,2,4.9143695831298828,1.1137466430664062
trained,pca,train,3,1.7442406415939331,6.0953245162963867
trained,pca,train,2,-4.454923152923584,0.87644922733306885
trained,pca,train,2,-3.4589581489562988,-0.80151033401489258
trained,pca,train,3,8.9251813888549805,-1.2588092088699341
trained,pca,train,2,-5.3253555297851562,-2.9114253520965576
trained,pca,train,3,5.9253010749816895,1.4353049993515015
trained,pca,train,3,-5.1943702697753906,-2.3131189346313477
trained,pca,train,2,2.9552483558654785,5.3222761154174805
trained,pca,train,2,9.7970390319824219,-1.8003677129745483
trained,pca,train,2,-7.8254909515380859,3.0149908065795898
trained,pca,train,4,2.087181568145752,4.034520149230957
trained,pca,train,3,3.2951419353485107,4.4476184844970703
trained,pca,train,2,1.9221771955490112,4.6745395660400391
trained,pca,train,3,9.7280693054199219,-0.8839111328125
trained,pca,train,4,-2.4375746250152588,1.2914063930511475
trained,pca,train,3,-8.7028656005859375,-5.2480592727661133
trained,pca,train,2,-16.479005813598633,1.088322639465332
trained,pca,train,2,1.2023342847824097,-4.495884895324707
trained,pca,train,3,-3.7268774509429932,1.8132728338241577
trained,pca,train,2,-7.2589197158813477,-3.6849775314331055
trained,pca,train,2,-1.8411707878112793,-1.0219179391860962
trained,pca,train,3,9.7598886489868164,-1.4567238092422485
trained,pca,train,3,-1.3465660810470581,-2.7878842353820801
trained,pca,train,3,8.8931827545166016,-0.92965912818908691
trained,pca,train,3,8.7746162414550781,0.74700832366943359
trained,pca,train,2,-1.9527043104171753,-3.3128280639648438
trained,pca,train,4,-7.1789388656616211,-3.6668410301208496
trained,pca,train,3,-0.1403614729642868,-3.2794780731201172
trained,pca,train,2,-5.4668173789978027,0.99796104431152344
trained,pca,train,2,-15.4676513671875,-5.1184835433959961
trained,pca,train,2,-4.6202073097229004,1.0953806638717651
trained,pca,train,3,0.38236033916473389,-0.55436939001083374
trained,pca,train,2,-0.98315227031707764,-5.7722578048706055
trained,pca,train,3,-0.90652287006378174,-2.0308599472045898
trained,pca,train,3,0.31729057431221008,-1.634759783744812
trained,pca,train,2,0.472291499376297,1.3813896179199219
trained,pca,train,2,9.7641448974609375,-1.1134841442108154
trained,pca,train,3,5.6163492202758789,-0.62666290998458862
trained,pca,train,2,0.11995749175548553,3.5103590488433838
trained,pca,train,3,-3.1724519729614258,-4.3017053604125977
trained,pca,train,4,8.7829532623291016,0.21743226051330566
trained,pca,train,2,-8.2613849639892578,-5.2763462066650391
trained,pca,train,2,-1.042449951171875,-1.1291179656982422
trained,pca,train,3,-5.529083251953125,-4.2738552093505859
trained,pca,train,3,1.7229214906692505,5.804079532623291
trained,pca,train,2,6.8087353706359863,2.4031119346618652
trained,pca,train,2,8.8379688262939453,-1.2855039834976196
trained,pca,train,2,-10.789998054504395,-0.50919890403747559
trained,pca,train,3,-8.0911579132080078,6.5721120834350586
trained,pca,train,2,6.7989921569824219,2.000248908996582
trained,pca,train,3,-6.019012451171875,-0.12559598684310913
trained,pca,train,3,0.48152235150337219,-2.5990982055664062
trained,pca,train,2,-9.0095176696777344,-2.0201888084411621
trained,pca,train,3,8.5473518371582031,0.55752062797546387
trained,pca,train,3,-4.9363651275634766,-4.0856046676635742
trained,pca,train,3,0.36037558317184448,-2.7789525985717773
trained,pca,train,2,-3.6448712348937988,-4.7280435562133789
trained,pca,train,1,-2.950324535369873,0.95313411951065063
trained,pca,train,2,0.36815011501312256,-1.2225971221923828
trained,pca,train,2,-3.751960277557373,4.1590251922607422
trained,pca,train,2,-5.6344232559204102,-3.4722399711608887
trained,pca,train,1,-6.590214729309082,-3.1195180416107178
trained,pca,train,3,9.2446308135986328,-1.0540387630462646
trained,pca,train,2,4.428797721862793,4.8176693916320801
trained,pca,train,2,10.724348068237305,-2.8478288650512695
trained,pca,train,2,-0.52962243556976318,-2.3087141513824463
trained,pca,train,3,8.5656471252441406,0.82693570852279663
trained,pca,train,2,10.037342071533203,-2.21207594871521
trained,pca,train,2,1.6808732748031616,-1.1149563789367676
trained,pca,train,2,-14.033275604248047,-0.40145188570022583
trained,pca,train,3,1.3348829746246338,-3.3147344589233398
trained,pca,train,2,10.479418754577637,-2.6621229648590088
trained,pca,train,3,-5.904482364654541,-4.734489917755127
trained,pca,train,3,-4.3366403579711914,-3.617544412612915
trained,pca,train,2,-1.3383603096008301,-3.923274040222168
trained,pca,train,2,-9.4187145233154297,-4.7894330024719238
trained,pca,train,3,-4.3600969314575195,-4.2448716163635254
trained,pca,train,3,4.5415458679199219,4.3477187156677246
trained,pca,train,3,9.7552318572998047,-1.7743031978607178
trained,pca,train,2,3.7833652496337891,1.2344801425933838
trained,pca,train,4,7.8096489906311035,0.66266381740570068
trained,pca,train,2,-2.4410967826843262,-0.27293568849563599
trained,pca,train,2,-8.1313819885253906,-2.7505838871002197
trained,pca,train,2,2.0096340179443359,-0.44726115465164185
trained,pca,train,2,2.4800052642822266,-4.7700247764587402
trained,pca,train,2,-0.49718958139419556,-1.4149577617645264
trained,pca,train,2,6.6487064361572266,0.42223364114761353
trained,pca,train,2,-0.72792458534240723,1.663456916809082
trained,pca,train,3,-7.9805803298950195,-0.41693764925003052
trained,pca,train,3,9.772125244140625,-2.0381667613983154
trained,pca,train,2,-14.48267650604248,-2.278796911239624
trained,pca,train,3,-7.7818307876586914,-2.6439404487609863
trained,pca,train,2,4.9266119003295898,4.1501264572143555
trained,pca,train,2,-10.04261589050293,0.3352588415145874
trained,pca,train,2,-3.3956670761108398,-5.0874166488647461
trained,pca,train,3,-0.88019090890884399,-3.101269006729126
trained,pca,train,2,6.4747042655944824,-0.95715510845184326
trained,pca,train,3,-4.8944110870361328,-2.2953574657440186
trained,pca,train,3,3.4494767189025879,4.7627377510070801
trained,pca,train,3,8.9590635299682617,-0.83608996868133545
trained,pca,train,3,-4.0111532211303711,-1.7481498718261719
trained,pca,train,2,-5.3624258041381836,-4.692389965057373
trained,pca,train,1,-4.1773009300231934,-0.30116894841194153
trained,pca,train,2,10.669172286987305,-3.199915885925293
trained,pca,train,3,9.579707145690918,-1.2347962856292725
trained,pca,train,4,-0.83190888166427612,-1.8648606538772583
trained,pca,train,3,-2.8891291618347168,3.0539119243621826
trained,pca,train,2,-4.9732685089111328,-3.332209587097168
trained,pca,train,3,8.1412477493286133,-0.25733572244644165
trained,pca,train,2,9.8506708145141602,-0.57849001884460449
trained,pca,train,3,-14.12310791015625,-4.5433568954467773
trained,pca,train,2,2.8388032913208008,5.2028355598449707
trained,pca,train,3,-4.6777248382568359,-3.84818434715271
trained,pca,train,3,9.7706499099731445,-1.7245545387268066
trained,pca,train,2,-3.7292242050170898,-5.164496898651123
trained,pca,train,3,-5.3159313201904297,-1.4078378677368164
trained,pca,train,2,-2.5127482414245605,0.43710812926292419
trained,pca,train,3,-2.165961742401123,-3.502565860748291
trained,pca,train,2,-9.9200210571289062,0.5219416618347168
trained,pca,train,3,-0.055628079921007156,-3.0848283767700195
trained,pca,train,2,-1.5806481838226318,0.085068680346012115
trained,pca,train,3,9.7565212249755859,-1.4666593074798584
trained,pca,train,2,-6.4815282821655273,0.15550345182418823
trained,pca,train,3,-10.980091094970703,-1.6659406423568726
trained,pca,train,2,-12.958280563354492,-2.8973388671875
trained,pca,train,2,-9.5909423828125,-3.3330593109130859
trained,pca,train,2,8.0000133514404297,0.50337505340576172
trained,pca,train,3,5.3060579299926758,0.14288380742073059
trained,pca,train,2,10.673702239990234,-3.1679441928863525
trained,pca,train,3,9.7771148681640625,-1.7913957834243774
trained,pca,train,2,3.3783648014068604,-3.1881976127624512
trained,pca,train,3,9.7650136947631836,-1.8111399412155151
trained,pca,train,3,3.8124446868896484,5.4156694412231445
trained,pca,train,2,-5.7545523643493652,0.12647765874862671
trained,pca,train,2,-13.826787948608398,1.5700546503067017
trained,pca,train,3,-5.1936888694763184,1.1555072069168091
trained,pca,train,3,9.5808029174804688,-0.96161657571792603
trained,pca,train,3,4.5220308303833008,4.1639065742492676
trained,pca,train,2,-0.65034234523773193,-5.948150634765625
trained,pca,train,3,1.738115668296814,-2.1480560302734375
trained,pca,train,3,-7.1691393852233887,5.346034049987793
trained,pca,train,3,-2.2368500232696533,-1.6554579734802246
trained,pca,train,3,2.615368127822876,7.8759799003601074
trained,pca,train,2,-6.1657776832580566,1.3728857040405273
trained,pca,train,2,-5.4058456420898438,-2.3690853118896484
trained,pca,train,2,-3.438896656036377,1.3461722135543823
trained,pca,train,2,10.241682052612305,-1.8398239612579346
trained,pca,train,3,6.5643925666809082,-1.3997337818145752
trained,pca,train,2,-0.8208271861076355,1.160862922668457
trained,pca,train,4,3.6196491718292236,0.99321818351745605
trained,pca,train,3,0.55662369728088379,-0.62304055690765381
trained,pca,train,2,-12.48807430267334,1.5144501924514771
trained,pca,train,3,-13.430196762084961,-3.915074348449707
trained,pca,train,2,-12.735860824584961,7.1683855056762695
trained,pca,train,2,3.1986465454101562,0.13730435073375702
trained,pca,train,3,4.8895878791809082,-0.78212916851043701
trained,pca,train,2,-1.2289626598358154,-3.1083600521087646
trained,pca,train,2,-5.8121986389160156,1.0405272245407104
trained,pca,train,2,4.9282946586608887,5.5618486404418945
trained,pca,train,2,-10.205463409423828,-0.13315191864967346
trained,pca,train,2,-5.833740234375,3.5229101181030273
trained,pca,train,3,8.1468238830566406,2.7472524642944336
trained,pca,train,3,-7.9571104049682617,2.8353865146636963
trained,pca,train,3,-5.6621990203857422,-2.8432137966156006
trained,pca,train,2,10.719283103942871,-2.8910255432128906
trained,pca,train,2,-2.1054587364196777,-5.4306545257568359
trained,pca,train,3,1.4494330883026123,-0.66514664888381958
trained,pca,train,2,-0.046792495995759964,-1.8837560415267944
trained,pca,train,3,-1.6751444339752197,2.7324607372283936
trained,pca,train,2,-3.4397344589233398,-4.4323325157165527
trained,pca,train,2,6.9039554595947266,-0.99844163656234741
trained,pca,train,2,-4.0029172897338867,-1.5286648273468018
trained,pca,train,2,3.1165597438812256,0.62983846664428711
trained,pca,train,3,0.61773842573165894,6.4748611450195312
trained,pca,train,2,3.446293830871582,6.2024660110473633
trained,pca,train,2,5.6837663650512695,-3.3122920989990234
trained,pca,train,2,-2.4387245178222656,1.0794384479522705
trained,pca,train,2,-0.56603085994720459,3.6749560832977295
trained,pca,train,3,4.9234809875488281,-3.1944682598114014
trained,pca,train,2,2.5974674224853516,-2.0503129959106445
trained,pca,train,2,8.0236988067626953,1.5311932563781738
trained,pca,train,2,5.2919034957885742,-0.30621629953384399
trained,pca,train,2,-6.865814208984375,-1.0177721977233887
trained,pca,train,2,-5.996218204498291,-6.1191310882568359
trained,pca,train,3,9.2078132629394531,0.37898468971252441
trained,pca,train,3,4.5948276519775391,4.2236108779907227
trained,pca,train,3,-7.9567289352416992,-0.84462976455688477
trained,pca,train,2,-17.101806640625,2.1567518711090088
trained,pca,train,3,7.7226619720458984,2.740013599395752
trained,pca,train,3,1.6110504865646362,-3.5345091819763184
trained,pca,train,3,9.6812524795532227,-1.2760674953460693
trained,pca,train,2,-4.5797481536865234,-3.2316017150878906
trained,pca,train,2,-0.90727758407592773,4.5016469955444336
trained,pca,train,4,8.8268222808837891,-0.96227121353149414
trained,pca,train,2,-0.39947015047073364,-0.072542078793048859
trained,pca,train,2,-8.0619297027587891,1.2992404699325562
trained,pca,train,2,-9.3008174896240234,-1.95345139503479
trained,pca,train,3,4.9351539611816406,-3.0058987140655518
trained,pca,train,4,8.7246103286743164,1.0504589080810547
trained,pca,train,3,2.5972123146057129,-2.2996416091918945
trained,pca,train,2,-8.083500862121582,0.1214107945561409
trained,pca,train,2,10.673702239990234,-3.1679441928863525
trained,pca,train,2,-3.6789636611938477,-0.24020236730575562
trained,pca,train,3,-0.62274366617202759,7.0698590278625488
trained,pca,train,3,9.8063526153564453,-1.1079847812652588
trained,pca,train,2,10.719283103942871,-2.8910255432128906
trained,pca,train,3,-10.844343185424805,-2.6451177597045898
trained,pca,train,2,3.5214474201202393,-1.3643016815185547
trained,pca,train,2,8.5657482147216797,-0.75001108646392822
trained,pca,train,3,-4.2347803115844727,-2.9490649700164795
trained,pca,train,3,-1.2020425796508789,3.8108994960784912
trained,pca,train,2,0.13934935629367828,6.6172099113464355
trained,pca,train,3,2.3675477504730225,3.4387454986572266
trained,pca,train,2,-11.161589622497559,1.8807694911956787
trained,pca,train,2,10.695476531982422,-3.1297421455383301
trained,pca,train,2,-3.0809240341186523,1.6141539812088013
trained,pca,train,2,2.0723602771759033,-2.5145044326782227
trained,pca,train,2,0.13924165070056915,7.0424246788024902
trained,pca,train,3,-1.6860518455505371,2.9708437919616699
trained,pca,train,3,9.1129083633422852,-1.0186905860900879
trained,pca,train,3,8.7965297698974609,-1.9543637037277222
trained,pca,train,2,-1.4093301296234131,-1.5031366348266602
trained,pca,train,2,-7.2465591430664062,-0.47194889187812805
trained,pca,train,2,-4.927978515625,-3.813457727432251
trained,pca,train,2,-6.2198266983032227,0.49935305118560791
trained,pca,train,2,-1.1893069744110107,0.99828106164932251
trained,pca,train,2,6.2351884841918945,-2.4990034103393555
trained,pca,train,2,-15.826062202453613,-1.2011938095092773
trained,pca,train,2,4.6669893264770508,2.5127105712890625
trained,pca,train,3,-10.925719261169434,-4.5689959526062012
trained,pca,train,2,6.4038386344909668,-0.18449699878692627
trained,pca,train,2,1.0205127000808716,-1.4891266822814941
trained,pca,train,2,-1.5039253234863281,-4.0233111381530762
trained,pca,train,2,4.614896297454834,3.0379838943481445
trained,pca,train,2,0.3723437488079071,-1.1392331123352051
trained,pca,train,2,8.5971612930297852,1.1971317529678345
trained,pca,train,3,9.1059589385986328,-1.9101223945617676
trained,pca,train,2,-7.5601181983947754,-1.4469674825668335
trained,pca,train,2,-0.48016944527626038,-0.42157569527626038
trained,pca,train,2,6.7833719253540039,2.8527913093566895
trained,pca,train,2,-0.44431114196777344,-4.9014129638671875
trained,pca,train,3,-12.096027374267578,4.1799335479736328
trained,pca,train,2,-1.0426596403121948,4.9666204452514648
trained,pca,train,2,-7.8721523284912109,2.0664143562316895
trained,pca,train,2,10.505231857299805,-2.7718062400817871
trained,pca,train,2,-12.054801940917969,0.31076064705848694
trained,pca,train,2,-4.2283134460449219,-5.6341514587402344
trained,pca,train,2,-10.106067657470703,1.3741246461868286
trained,pca,train,3,9.3673191070556641,0.13507956266403198
trained,pca,train,2,4.5414924621582031,-4.1094684600830078
trained,pca,train,2,-0.38376697897911072,-2.4990386962890625
trained,pca,train,2,-6.0307149887084961,-6.178290843963623
trained,pca,train,2,-2.7167267799377441,4.0861597061157227
trained,pca,train,3,9.5656042098999023,-0.95090162754058838
trained,pca,train,2,-4.799708366394043,-1.1211764812469482
trained,pca,train,3,4.3493466377258301,-2.9781298637390137
trained,pca,train,2,-3.2059938907623291,-5.9142694473266602
trained,pca,train,4,7.960383415222168,0.81126689910888672
trained,pca,train,3,5.6747732162475586,4.4273853302001953
trained,pca,train,1,-2.9179670810699463,-1.17854905128479
trained,pca,train,3,-12.891071319580078,-2.7656731605529785
trained,pca,train,2,-8.8038253784179688,-0.82251787185668945
trained,pca,train,2,1.0269753932952881,2.741912841796875
trained,pca,train,3,5.7604923248291016,4.9233150482177734
trained,pca,train,3,-5.315239429473877,6.6750645637512207
trained,pca,train,1,-13.423299789428711,-2.8585343360900879
trained,pca,train,2,-4.8584308624267578,-3.6088805198669434
trained,pca,train,3,1.6806850433349609,0.92029517889022827
trained,pca,train,3,-6.9696578979492188,1.1875176429748535
trained,pca,train,3,9.673832893371582,-1.2673463821411133
trained,pca,train,2,8.4336681365966797,1.4066225290298462
trained,pca,test,3,6.6285018920898438,-0.64620101451873779
trained,pca,test,3,9.5716304779052734,-0.97306984663009644
trained,pca,test,3,4.3589568138122559,1.0187873840332031
trained,pca,test,3,9.7724437713623047,-2.2500424385070801
trained,pca,test,2,0.85000777244567871,0.16401371359825134
trained,pca,test,2,-9.5107326507568359,-4.1147627830505371
trained,pca,test,3,3.9263701438903809,5.2268028259277344
trained,pca,test,2,7.2373189926147461,-0.780925452709198
trained,pca,test,2,10.720857620239258,-3.100473165512085
trained,pca,test,2,7.1848764419555664,2.4477317333221436
trained,pca,test,3,6.5166292190551758,2.0570468902587891
trained,pca,test,2,-0.35123994946479797,-2.1106166839599609
trained,pca,test,2,10.719283103942871,-2.8910255432128906
trained,pca,test,2,-2.6888775825500488,-0.94642597436904907
trained,pca,test,2,8.4822874069213867,1.9987285137176514
trained,pca,test,3,-4.5385770797729492,-0.54694128036499023
trained,pca,test,2,-10.572038650512695,-1.0414390563964844
trained,pca,test,4,8.8682165145874023,-0.11997561901807785
trained,pca,test,2,-2.5570707321166992,-3.9487652778625488
trained,pca,test,2,-8.7760848999023438,-4.2946405410766602
trained,pca,test,2,-6.6301984786987305,1.0178346633911133
trained,pca,test,2,-2.4203190803527832,1.9293906688690186
trained,pca,test,3,-0.44228622317314148,-3.8708372116088867
trained,pca,test,2,-6.1330447196960449,3.2188506126403809
trained,pca,test,2,-1.0329878330230713,1.4290854930877686
trained,pca,test,2,3.315190315246582,-2.9778223037719727
trained,pca,test,2,-5.9431748390197754,0.68473327159881592
trained,pca,test,2,1.2092615365982056,2.223109245300293
trained,pca,test,2,10.545074462890625,-2.8524301052093506
trained,pca,test,2,-4.2880525588989258,2.2963786125183105
trained,pca,test,2,-5.1562538146972656,-4.7963848114013672
trained,pca,test,3,-1.7978712320327759,6.0109333992004395
trained,pca,test,2,-22.432201385498047,2.4594793319702148
trained,pca,test,2,-2.2896788120269775,-1.1240553855895996
trained,pca,test,2,-9.6073570251464844,2.3667290210723877
trained,pca,test,2,5.8998565673828125,4.0841608047485352
trained,pca,test,2,0.4633713960647583,-5.2351021766662598
trained,pca,test,2,0.42834097146987915,0.44509792327880859
trained,pca,test,3,6.3462467193603516,-1.1672279834747314
trained,pca,test,4,-7.4305458068847656,7.2198114395141602
trained,pca,test,2,9.7676067352294922,-0.55427473783493042
trained,pca,test,2,0.05956677719950676,6.5353960990905762
trained,pca,test,3,4.1893835067749023,4.8532886505126953
trained,pca,test,2,4.0415472984313965,1.3883284330368042
trained,pca,test,2,-5.1778345108032227,-0.69807517528533936
trained,pca,test,2,-6.5464839935302734,-1.4564752578735352
trained,pca,test,2,9.6579341888427734,-0.93761539459228516
trained,pca,test,2,7.2942218780517578,-1.9564850330352783
trained,pca,test,2,-5.8154487609863281,-5.0055265426635742
trained,pca,test,2,-1.2114667892456055,-3.118255615234375
trained,pca,test,3,1.9144277572631836,4.3872165679931641
trained,pca,test,2,-7.5681991577148438,1.5039737224578857
trained,pca,test,3,9.3302974700927734,-0.30793675780296326
trained,pca,test,3,5.1979689598083496,0.91372519731521606
trained,pca,test,2,-2.2551858425140381,-3.0696454048156738
trained,pca,test,2,-6.436492919921875,-2.007495641708374
trained,pca,test,3,3.7128028869628906,4.085207462310791
trained,pca,test,3,6.6984076499938965,2.6528398990631104
trained,pca,test,3,-10.449026107788086,0.86519122123718262
trained,pca,test,3,9.76226806640625,-1.7495359182357788
trained,pca,test,2,7.2306556701660156,2.422274112701416
trained,pca,test,2,-4.349761962890625,2.2738761901855469
trained,pca,test,2,-7.610048770904541,3.9259042739868164
trained,pca,test,2,1.2417463064193726,-2.2470402717590332
trained,pca,test,2,-2.0066313743591309,0.85412055253982544
trained,pca,test,2,-7.5598134994506836,-0.68248152732849121
trained,pca,test,2,10.313509941101074,-2.12066650390625
trained,pca,test,3,9.8086013793945312,-1.1722670793533325
trained,pca,test,1,-1.0524752140045166,3.4295945167541504
trained,pca,test,3,9.7842931747436523,-1.9126623868942261
trained,pca,test,4,4.0750217437744141,5.9039402008056641
trained,pca,test,4,4.9823775291442871,1.8432885408401489
trained,pca,test,3,1.7892640829086304,3.48758864402771
trained,pca,test,3,9.4559249877929688,-1.0692501068115234
trained,pca,test,1,-0.58499640226364136,2.2081160545349121
trained,pca,test,3,9.8455619812011719,-2.0261037349700928
trained,pca,test,3,-8.5657520294189453,-4.1717338562011719
trained,pca,test,2,4.3489518165588379,-3.4322483539581299
trained,pca,test,2,-3.2326457500457764,-5.4952421188354492
trained,pca,test,3,1.5797053575515747,2.584953784942627
trained,pca,test,2,7.8371920585632324,1.3220369815826416
trained,pca,test,2,-7.2623691558837891,0.55712306499481201
trained,pca,test,3,-7.8417520523071289,0.6521458625793457
trained,pca,test,3,8.9960613250732422,-0.15893572568893433
trained,pca,test,2,-2.630216121673584,-1.5968437194824219
trained,pca,test,3,9.7739734649658203,-2.0342941284179688
trained,pca,test,3,2.2622380256652832,-3.1471056938171387
trained,pca,test,3,4.4824762344360352,2.5066571235656738
trained,pca,test,3,7.9872303009033203,1.9511697292327881
trained,pca,test,2,10.434989929199219,-2.7574667930603027
trained,pca,test,2,6.6861505508422852,3.4235832691192627
trained,pca,test,4,8.736872673034668,-0.68511563539505005
trained,pca,test,4,4.7692909240722656,-0.83203601837158203
trained,pca,test,2,8.0736932754516602,0.096612997353076935
trained,pca,test,2,-1.6817076206207275,-1.2522287368774414
trained,pca,test,2,-9.2124471664428711,-1.8720885515213013
trained,pca,test,2,1.1871486902236938,4.5221643447875977
trained,pca,test,2,-2.136693000793457,-5.9739632606506348
trained,pca,test,2,-7.2414875030517578,0.38641804456710815
trained,pca,test,2,0.5563887357711792,-0.55200082063674927
trained,pca,test,3,-5.4809117317199707,-2.3656344413757324
trained,pca,test,2,-1.5934733152389526,-4.7028203010559082
trained,pca,test,2,4.5413141250610352,5.2445545196533203
trained,pca,test,3,9.4065523147583008,-0.28945964574813843
trained,pca,test,3,9.6581544876098633,-1.8112194538116455
trained,pca,test,3,-14.094860076904297,1.9276989698410034
trained,pca,test,3,3.6844367980957031,-2.5131845474243164
trained,pca,test,2,0.3092944324016571,-2.2891929149627686
trained,pca,test,2,-4.4650602340698242,-1.2544659376144409
trained,pca,test,3,-1.8953709602355957,2.3228578567504883
trained,pca,test,3,9.8455619812011719,-2.0261037349700928
trained,pca,test,2,8.7028026580810547,1.1499171257019043
trained,pca,test,2,-2.0917379856109619,-3.318873405456543
trained,pca,test,2,2.3260352611541748,4.9029464721679688
trained,pca,test,2,6.7756175994873047,4.2770237922668457
trained,pca,test,3,-1.7785134315490723,-3.2032244205474854
trained,pca,test,2,-10.80131721496582,-3.6408257484436035
trained,pca,test,3,-2.1637251377105713,-0.33893513679504395
trained,pca,test,2,10.065881729125977,-3.0230247974395752
trained,pca,test,2,10.719283103942871,-2.8910255432128906
trained,pca,test,3,-12.456691741943359,1.407586932182312
trained,pca,test,2,6.5843124389648438,-3.8140044212341309
trained,pca,test,3,8.8524007797241211,0.74150305986404419
trained,pca,test,3,9.803802490234375,-1.7673346996307373
trained,pca,test,2,2.4649415016174316,0.66039860248565674
trained,pca,test,3,-8.0758819580078125,-0.45991095900535583
trained,pca,test,2,1.6643240451812744,-1.06526780128479
trained,pca,test,2,-9.2981081008911133,1.5657398700714111
trained,pca,test,3,-2.8585200309753418,0.48111110925674438
trained,pca,test,2,7.4319705963134766,1.758223295211792
trained,pca,test,2,3.3536338806152344,-0.42988020181655884
trained,pca,test,2,4.6476869583129883,-0.98642456531524658
trained,pca,test,3,-2.7286169528961182,3.0191121101379395
trained,pca,test,4,2.7854347229003906,-0.1378733366727829
trained,pca,test,3,4.2952775955200195,5.5392565727233887
trained,pca,test,3,-4.4638857841491699,-3.9421858787536621
trained,pca,test,3,-1.3091424703598022,-1.3367545604705811
trained,pca,test,3,2.7036731243133545,0.18834993243217468
trained,pca,test,2,9.7581424713134766,-1.8115829229354858
trained,pca,test,2,4.5234317779541016,-3.2076611518859863
trained,pca,test,2,8.6024322509765625,1.2285028696060181
trained,pca,test,2,4.3708229064941406,4.2204070091247559
trained,pca,test,3,-3.449676513671875,4.8018693923950195
trained,pca,test,2,-8.1562461853027344,-2.3301525115966797
trained,pca,test,3,9.7563018798828125,-1.7806071043014526
trained,pca,test,2,-16.020370483398438,-2.6546053886413574
trained,pca,test,2,-3.4193723201751709,-0.38699620962142944
trained,pca,test,2,-0.22649823129177094,5.4998569488525391
trained,pca,test,3,-14.363479614257812,-3.6603772640228271
trained,pca,test,3,9.7035942077636719,-1.3881523609161377
trained,pca,test,2,5.9231700897216797,3.4782168865203857
trained,pca,test,3,9.8114957809448242,-1.2019723653793335
trained,pca,test,3,-8.3825130462646484,5.151158332824707
trained,pca,test,2,-0.31176391243934631,-2.4029698371887207
trained,pca,test,3,0.95822262763977051,1.0773991346359253
trained,pca,test,3,-6.7499685287475586,6.2164335250854492
trained,pca,test,2,-0.037756878882646561,4.7816929817199707
trained,pca,test,2,6.0738306045532227,4.203373908996582
trained,pca,test,3,7.3410472869873047,1.5300140380859375
trained,pca,test,3,4.573979377746582,2.38804030418396
trained,pca,test,2,-7.6162328720092773,-3.6189312934875488
trained,pca,test,2,-5.7789788246154785,5.8846383094787598
trained,pca,test,2,-8.6310920715332031,0.48174187541007996
trained,pca,test,3,3.0261855125427246,3.0023126602172852
trained,pca,test,3,-3.51656174659729,1.4379196166992188
trained,pca,test,2,-14.906665802001953,2.7475516796112061
trained,pca,test,2,-1.4902137517929077,-1.5373694896697998
trained,pca,test,2,-4.0140938758850098,0.2774200439453125
trained,pca,test,2,-2.7843446731567383,-3.1308424472808838
trained,pca,test,2,7.7248697280883789,2.6424689292907715
trained,pca,test,2,-17.910930633544922,2.0473363399505615
trained,pca,test,2,4.8185515403747559,-1.8961420059204102
trained,pca,test,2,1.076920747756958,-3.5224332809448242
trained,pca,test,2,7.0973033905029297,-1.8649927377700806
trained,pca,test,3,0.91598320007324219,-1.8789925575256348
trained,pca,test,3,-3.754885196685791,0.18774652481079102
trained,pca,test,2,2.2833497524261475,-3.6926829814910889
trained,pca,test,3,-11.032665252685547,5.1255464553833008
trained,pca,test,3,3.0015575885772705,-2.8955240249633789
trained,pca,test,3,-5.3327789306640625,-3.1627657413482666
trained,pca,test,3,-8.7495403289794922,5.6235318183898926
trained,pca,test,2,5.3383994102478027,2.9773478507995605
trained,pca,test,2,-6.0902247428894043,3.4499921798706055
trained,pca,test,2,10.655889511108398,-3.240947961807251
trained,pca,test,3,-7.1040825843811035,3.4405109882354736
trained,pca,test,3,2.367882251739502,3.6956496238708496
trained,pca,test,3,9.8068199157714844,-1.7944250106811523
trained,pca,test,3,6.1952342987060547,-1.1977677345275879
trained,pca,test,3,-3.9623565673828125,-0.3622291088104248
trained,pca,test,3,-9.4045944213867188,-3.6489877700805664
trained,pca,test,2,-10.169782638549805,-1.2333791255950928
trained,pca,test,3,-0.844748854637146,-1.0459606647491455
trained,pca,test,2,-19.426589965820312,0.98109197616577148
trained,pca,test,2,7.5830950736999512,-0.044870253652334213
trained,pca,test,4,-12.517049789428711,-3.0370950698852539
trained,pca,test,2,0.57052171230316162,6.3783707618713379
trained,pca,test,2,-13.597658157348633,0.42755287885665894
trained,pca,test,2,-6.5611205101013184,-2.5304994583129883
trained,pca,test,3,9.7561054229736328,-1.5905652046203613
trained,pca,test,2,-2.2803206443786621,-3.1311154365539551
trained,pca,test,3,5.6222524642944336,0.83595669269561768
trained,pca,test,3,4.0973730087280273,4.2596330642700195
trained,pca,test,2,-0.37838220596313477,-3.9034452438354492
trained,pca,test,2,-1.662348747253418,-0.074019014835357666
trained,pca,test,2,8.0620508193969727,-1.1997445821762085
trained,pca,test,2,4.7354879379272461,-0.1140763983130455
trained,pca,test,3,-0.99135828018188477,-4.1701221466064453
trained,pca,test,2,10.589080810546875,-2.5117447376251221
trained,pca,test,3,-2.1970586776733398,2.3729395866394043
trained,pca,test,4,-0.53407907485961914,1.6907193660736084
trained,pca,test,2,-3.3535172939300537,7.5364055633544922
trained,pca,test,3,-4.813392162322998,-2.6150879859924316
trained,pca,test,2,10.212658882141113,-1.1822172403335571
trained,pca,test,3,5.4544539451599121,1.1849708557128906
trained,pca,test,2,-10.403018951416016,-5.9274992942810059
trained,pca,test,2,9.7991170883178711,-1.163642406463623
trained,pca,test,2,5.3834199905395508,3.242246150970459
trained,pca,test,2,7.0707869529724121,2.6605408191680908
trained,pca,test,3,-0.40659189224243164,-3.8169965744018555
trained,pca,test,2,-3.059607982635498,-0.22210350632667542
trained,pca,test,2,1.2273393869400024,2.1304447650909424
trained,pca,test,2,-7.4163227081298828,1.4453365802764893
trained,pca,test,2,-9.0928840637207031,-1.1867079734802246
trained,pca,test,2,3.0772228240966797,2.8562734127044678
trained,pca,test,3,5.8996820449829102,0.87555778026580811
trained,pca,test,2,2.7045357227325439,-4.4558520317077637
trained,pca,test,3,-3.1973726749420166,2.9196591377258301
trained,pca,test,3,2.2134723663330078,4.4305295944213867
trained,pca,test,2,0.98770648241043091,2.2282829284667969
trained,pca,test,2,-9.4618368148803711,-1.0271575450897217
trained,pca,test,2,2.7176320552825928,5.3675603866577148
trained,pca,test,2,2.8991532325744629,-1.6590811014175415
trained,pca,test,3,0.15472333133220673,-3.4189436435699463
trained,pca,test,2,-9.5606050491333008,1.0852100849151611
trained,pca,test,2,-5.5957574844360352,-5.0645666122436523
trained,pca,test,2,3.0870532989501953,-2.2497539520263672
trained,pca,test,2,-5.1235675811767578,-5.6636857986450195
trained,pca,test,2,-6.7198781967163086,0.55655509233474731
trained,pca,test,3,3.9469630718231201,-0.59502965211868286
trained,pca,test,2,4.9325404167175293,2.9949631690979004
trained,pca,test,3,-2.5679335594177246,3.2688441276550293
trained,pca,test,2,2.1687154769897461,-3.0724761486053467
trained,pca,test,2,2.423175573348999,5.8005495071411133
trained,pca,test,2,-3.2389693260192871,1.345482349395752
trained,pca,test,2,-1.9191973209381104,-1.1397120952606201
trained,pca,test,2,-3.057152271270752,0.47223791480064392
trained,pca,test,2,10.135719299316406,-1.6258381605148315
trained,pca,test,2,-3.2169122695922852,-4.5424041748046875
trained,pca,test,2,-18.301471710205078,-0.79275792837142944
trained,pca,test,3,2.9876585006713867,-2.694091796875
trained,pca,test,2,-13.051656723022461,1.6078027486801147
trained,pca,test,3,9.7852115631103516,-1.2019543647766113
trained,pca,test,3,-5.1629514694213867,1.5492604970932007
trained,pca,test,2,3.5518109798431396,4.7433924674987793
trained,pca,test,3,-7.5329885482788086,3.4148716926574707
trained,pca,test,3,8.7761621475219727,-0.74085706472396851
trained,pca,test,3,-2.4037163257598877,-4.5881528854370117
trained,pca,test,3,-1.2321236133575439,-3.917177677154541
trained,pca,test,3,0.68041282892227173,5.8840847015380859
trained,pca,test,2,-2.2781314849853516,-5.2462711334228516
trained,pca,test,4,8.8160591125488281,-0.21951556205749512
trained,pca,test,2,1.7865028381347656,3.0410125255584717
trained,pca,test,3,-10.716856956481934,3.3492240905761719
trained,pca,test,2,7.5943746566772461,1.8762236833572388
trained,pca,test,2,7.1982402801513672,0.19926095008850098
trained,pca,test,2,6.2071685791015625,3.4752416610717773
trained,pca,test,3,-13.819314956665039,3.9429638385772705
trained,pca,test,3,-2.1170902252197266,3.9088659286499023
trained,pca,test,2,-7.0090904235839844,0.68139815330505371
trained,pca,test,2,-12.867559432983398,2.262293815612793
trained,pca,test,3,8.064056396484375,-1.8626291751861572
trained,pca,test,3,7.9218840599060059,2.3804569244384766
trained,pca,test,2,2.0805678367614746,-4.2456064224243164
trained,pca,test,2,-4.6810541152954102,-5.8343906402587891
trained,pca,test,3,-7.977088451385498,2.2355442047119141
trained,pca,test,2,-10.94300651550293,3.2942221164703369
trained,pca,test,3,-1.3258652687072754,-2.8742573261260986
trained,pca,test,2,1.652469277381897,0.8030085563659668
trained,pca,test,3,-4.0932521820068359,5.4405012130737305
trained,pca,test,2,6.1133184432983398,4.8610630035400391
trained,pca,test,2,4.481499195098877,-2.5065686702728271
trained,pca,test,2,7.5065689086914062,2.1925067901611328
trained,pca,test,2,1.8141517639160156,-2.7863378524780273
trained,pca,test,2,-5.9049296379089355,2.9001142978668213
trained,pca,test,3,4.2267189025878906,-2.97100830078125
trained,pca,test,3,6.4867219924926758,3.4710512161254883
trained,pca,test,2,-14.050562858581543,0.23631799221038818
trained,pca,test,2,-15.140600204467773,-1.5336015224456787
trained,pca,test,3,-6.8367671966552734,-5.5372514724731445
trained,pca,test,3,-11.599377632141113,2.221419095993042
trained,pca,test,2,-0.2671840488910675,-0.046598222106695175
trained,pca,test,3,0.68551981449127197,-3.9257862567901611
trained,pca,test,2,6.3252291679382324,1.6372263431549072
trained,pca,test,2,1.1710504293441772,7.1078100204467773
trained,pca,test,4,-0.83895373344421387,5.5266532897949219
trained,pca,test,4,4.9655284881591797,3.4569423198699951
trained,pca,test,3,-14.881155014038086,-2.9575564861297607
trained,pca,test,2,-9.6003398895263672,2.5416755676269531
trained,pca,test,3,2.0406665802001953,-0.9066084623336792
trained,pca,test,2,10.055820465087891,-3.1076064109802246
trained,pca,test,3,-8.4235572814941406,-1.631220817565918
trained,pca,test,2,5.4768009185791016,-3.825890064239502
trained,pca,test,2,4.8589553833007812,1.0888197422027588
trained,pca,test,3,4.4348492622375488,5.4884142875671387
trained,pca,test,2,-9.4795522689819336,-1.313927173614502
trained,pca,test,3,9.7100238800048828,-1.5167309045791626
trained,pca,test,2,-12.571673393249512,-6.216667652130127
trained,pca,test,2,-1.7348169088363647,5.430933952331543
trained,pca,test,2,-2.214350700378418,3.3417441844940186
trained,pca,test,3,-4.6290216445922852,4.5856261253356934
trained,pca,test,4,-0.656005859375,4.3134961128234863
trained,pca,test,3,9.7326374053955078,-1.5260862112045288
trained,pca,test,2,9.2556495666503906,-0.43540436029434204
trained,pca,test,3,9.7880468368530273,-1.7300728559494019
trained,pca,test,2,-1.9215097427368164,-1.9987936019897461
trained,pca,test,3,9.8064975738525391,-1.7950598001480103
trained,pca,test,3,6.1000080108642578,4.7628445625305176
trained,pca,test,2,5.2485876083374023,-0.090395562350749969
trained,pca,test,3,-2.1764471530914307,-2.9569942951202393
trained,pca,test,2,8.5158243179321289,0.021043723449110985
trained,pca,test,2,4.7262201309204102,5.0989837646484375
trained,pca,test,2,10.724679946899414,-3.0761063098907471
trained,pca,test,2,2.0321214199066162,-0.33951365947723389
trained,pca,test,2,-3.2549674510955811,9.1705493927001953
trained,pca,test,2,2.141610860824585,-1.9072450399398804
trained,pca,test,2,-6.0550699234008789,5.1227788925170898
trained,pca,test,2,1.8844897747039795,-0.023250708356499672
trained,pca,test,2,1.6530613899230957,-3.2747399806976318
trained,pca,test,2,4.1453056335449219,-3.9279131889343262
trained,pca,test,3,6.9971780776977539,-1.8515090942382812
trained,pca,test,2,-3.8999028205871582,-2.7252271175384521
trained,pca,test,2,10.695476531982422,-3.1297421455383301
trained,pca,test,2,-1.5843032598495483,-0.51656121015548706
trained,pca,test,2,-10.040037155151367,-4.2969646453857422
trained,pca,test,3,-3.4603142738342285,-3.853562593460083
trained,pca,test,2,-14.816019058227539,-2.2441103458404541
trained,pca,test,2,-7.0624790191650391,2.2151851654052734
trained,pca,test,2,-2.1144969463348389,-3.3436698913574219
trained,pca,test,3,0.39558207988739014,-3.3110995292663574
trained,pca,test,3,-4.53839111328125,4.8336200714111328
trained,pca,test,3,-8.2720575332641602,2.5200333595275879
trained,pca,test,2,-6.960505485534668,-1.0564233064651489
trained,pca,test,2,10.323580741882324,-2.0850348472595215
trained,pca,test,2,-0.24413348734378815,-0.13442188501358032
trained,pca,test,2,-8.6147775650024414,2.4827494621276855
trained,pca,test,3,-5.4093031883239746,-0.34083065390586853
trained,pca,test,3,-5.9631481170654297,-4.4208774566650391
trained,pca,test,2,2.0192296504974365,1.8836748600006104
trained,pca,test,3,1.603945255279541,3.2443821430206299
trained,pca,test,2,-9.4625034332275391,-3.4811162948608398
trained,pca,test,2,-0.2414558082818985,-5.1267647743225098
trained,pca,test,2,-10.97514820098877,0.59187448024749756
trained,pca,test,2,8.3210468292236328,-2.0282232761383057
trained,pca,test,2,5.1928296089172363,3.9462466239929199
trained,pca,test,3,8.7337474822998047,1.1896030902862549
trained,pca,test,2,8.6900930404663086,1.4743627309799194
trained,pca,test,3,-2.967958927154541,-2.689974308013916
trained,pca,test,3,-1.5090702772140503,-0.38189756870269775
trained,pca,test,3,9.2086286544799805,-0.057117994874715805
trained,pca,test,1,-4.8991708755493164,-3.4129486083984375
trained,pca,test,2,-1.6240248680114746,0.14392834901809692
trained,pca,test,2,1.3821582794189453,3.5353422164916992
trained,pca,test,3,-6.0316662788391113,-2.4564595222473145
trained,pca,test,2,-3.8413193225860596,-0.64835584163665771
trained,pca,test,2,0.10579811036586761,0.23313310742378235
trained,pca,test,2,10.140254974365234,-1.5990990400314331
trained,pca,test,2,-10.954673767089844,1.7219797372817993
trained,pca,test,3,1.4719376564025879,-0.47053137421607971
trained,pca,test,3,1.0456743240356445,-2.3313834667205811
trained,pca,test,3,-3.9898200035095215,-3.2588229179382324
trained,pca,test,3,3.9530875682830811,-0.52819806337356567
trained,pca,test,2,5.2733402252197266,-1.3406217098236084
trained,pca,test,2,6.0925464630126953,-3.1208133697509766
trained,pca,test,2,-6.2013149261474609,-1.2067035436630249
trained,pca,test,2,1.4677290916442871,-4.5891509056091309
trained,pca,test,3,4.7466754913330078,4.0985121726989746
trained,pca,test,3,8.8982534408569336,-0.40795490145683289
trained,pca,test,3,4.2025012969970703,-2.0497951507568359
trained,pca,test,2,-0.88930428028106689,1.8115283250808716
trained,pca,test,3,-15.24759578704834,3.8091742992401123
trained,pca,test,4,8.836451530456543,-0.027677709236741066
trained,pca,test,2,-4.2821407318115234,0.17207556962966919
trained,pca,test,2,-1.1072053909301758,1.649571418762207
trained,pca,test,2,-2.2931451797485352,0.1220281720161438
trained,pca,test,2,-6.4105911254882812,-0.077705435454845428
trained,pca,test,3,9.7443408966064453,-1.435056209564209
trained,pca,test,2,-9.075439453125,-1.9962862730026245
trained,pca,test,3,7.7718310356140137,-2.1891603469848633
trained,pca,test,2,-2.1117987632751465,-3.0849967002868652
trained,pca,test,2,-0.26211759448051453,4.3613905906677246
trained,pca,test,2,3.7085342407226562,3.3191511631011963
trained,pca,test,2,7.0459251403808594,-0.38431781530380249
trained,pca,test,3,-5.3090291023254395,-4.4303817749023438
trained,pca,test,3,9.7979927062988281,-1.7621040344238281
trained,pca,test,2,0.58842647075653076,3.3874268531799316
trained,pca,test,2,8.7632980346679688,-3.4886200428009033
trained,pca,test,2,2.2619571685791016,1.1210343837738037
trained,pca,test,2,-1.2320237159729004,4.8086681365966797
trained,pca,test,2,-6.079951286315918,-2.0985457897186279
trained,pca,test,2,10.125536918640137,-1.2665292024612427
trained,pca,test,3,5.9143257141113281,3.5989747047424316
trained,pca,test,2,8.8335151672363281,-2.2358124256134033
trained,pca,test,3,-9.116368293762207,3.731191873550415
trained,pca,test,2,4.2639923095703125,-1.4194321632385254
trained,pca,test,2,-12.601016998291016,-0.70283746719360352
trained,pca,test,2,4.6295437812805176,-2.8352141380310059
trained,pca,test,3,1.6910841464996338,5.6502275466918945
trained,pca,test,4,-5.455897331237793,2.982597827911377
trained,pca,test,3,9.7837095260620117,-1.7543767690658569
trained,pca,test,2,-5.9476675987243652,-0.83894920349121094
trained,pca,test,2,-14.452726364135742,1.6298460960388184
trained,pca,test,3,2.3383269309997559,-0.93848681449890137
trained,pca,test,2,1.5672154426574707,1.8573431968688965
trained,pca,test,3,4.228579044342041,-1.8625283241271973
trained,pca,test,2,1.6537601947784424,-3.4481792449951172
trained,pca,test,3,3.1369051933288574,-1.9524834156036377
trained,pca,test,2,1.3283634185791016,1.2913484573364258
trained,pca,test,3,-3.7286934852600098,2.2960872650146484
trained,pca,test,2,3.4217820167541504,2.579582691192627
trained,pca,test,2,-7.5199098587036133,5.3551855087280273
trained,pca,test,3,-3.0529155731201172,2.7721071243286133
trained,pca,test,2,-8.9093284606933594,1.6498664617538452
trained,pca,test,2,-7.1587686538696289,4.9418883323669434
trained,pca,test,2,-3.906334400177002,-3.3445267677307129
trained,pca,test,2,3.2330498695373535,5.3827147483825684
trained,pca,test,2,9.7486438751220703,-1.0361703634262085
trained,pca,test,4,4.5459332466125488,6.0574674606323242
trained,pca,test,2,7.6546835899353027,-0.11481332033872604
trained,pca,test,2,9.4317483901977539,-2.4812686443328857
trained,pca,test,2,-1.5971194505691528,-0.0019600659143179655
trained,pca,test,2,-2.2742483615875244,-1.211628794670105
trained,pca,test,2,-11.098899841308594,-1.7494903802871704
trained,pca,test,3,1.0646960735321045,0.34732648730278015
trained,pca,test,3,-5.4269380569458008,-3.5156903266906738
trained,pca,test,2,0.39482617378234863,-5.5706424713134766
trained,pca,test,2,9.8647308349609375,-0.38231319189071655
trained,pca,test,2,-0.95234251022338867,3.2463335990905762
trained,pca,test,3,7.9294042587280273,-0.63422328233718872
trained,pca,test,2,5.175753116607666,-1.793165922164917
trained,pca,test,3,6.7026224136352539,3.4904143810272217
trained,pca,test,2,10.033134460449219,-1.3439071178436279
trained,pca,test,3,4.0431575775146484,0.53404539823532104
trained,pca,test,3,9.7771177291870117,-1.8635611534118652
trained,pca,test,3,7.8120737075805664,-1.1822651624679565
trained,pca,test,2,10.202493667602539,-1.4248430728912354
trained,pca,test,2,-2.5109386444091797,-0.68478935956954956
trained,pca,test,3,9.7580690383911133,-2.3133735656738281
trained,pca,test,2,4.5520143508911133,-4.4167261123657227
trained,pca,test,2,-3.6577985286712646,-5.5347824096679688
trained,pca,test,3,1.3209844827651978,8.1089019775390625
trained,pca,test,1,-4.2994985580444336,3.8302831649780273
trained,pca,test,3,-11.452341079711914,3.5974981784820557
trained,pca,test,2,2.1988592147827148,6.1159992218017578
trained,pca,test,2,7.4392404556274414,2.9793109893798828
trained,pca,test,3,9.7634382247924805,-1.7528676986694336
trained,pca,test,2,10.718769073486328,-2.9935042858123779
trained,pca,test,2,7.2481956481933594,3.0923714637756348
trained,pca,test,2,6.0085840225219727,3.7107267379760742
trained,pca,test,2,4.4495010375976562,1.7859084606170654
trained,pca,test,2,9.7262096405029297,-0.14198333024978638
trained,pca,test,2,-1.4434283971786499,-4.4355401992797852
trained,pca,test,2,-0.59878259897232056,2.2537937164306641
trained,pca,test,3,4.5960392951965332,-1.9799017906188965
trained,pca,test,2,-6.4615931510925293,0.63474947214126587
trained,pca,test,2,-0.032290447503328323,-3.2265808582305908
trained,pca,test,3,5.2282953262329102,4.5880241394042969
trained,pca,test,3,9.7816896438598633,-1.8971771001815796
trained,pca,test,3,-2.3394708633422852,4.0854334831237793
trained,pca,test,2,10.665958404541016,-3.205315113067627
trained,pca,test,2,2.3038256168365479,0.90044188499450684
trained,pca,test,2,8.3559093475341797,-0.91515803337097168
trained,pca,test,2,-11.012657165527344,-2.9868636131286621
trained,pca,test,2,-6.8878235816955566,-5.4452590942382812
trained,pca,test,2,6.9350748062133789,3.4733641147613525
trained,pca,test,2,-5.9182701110839844,-6.1252140998840332
trained,pca,test,2,2.6261410713195801,-4.2770071029663086
trained,pca,test,3,-3.1447086334228516,2.1052017211914062
trained,pca,test,3,8.2470970153808594,1.0745086669921875
trained,pca,test,3,7.2905564308166504,0.28712156414985657
trained,pca,test,3,-3.2364158630371094,2.3927130699157715
trained,pca,test,3,-2.412752628326416,-0.55960702896118164
trained,pca,test,2,10.665958404541016,-3.205315113067627
trained,pca,test,3,-4.3004875183105469,4.0099339485168457
trained,pca,test,2,-8.5623903274536133,1.5213437080383301
trained,pca,test,2,6.8047056198120117,0.24506872892379761
trained,pca,test,3,-6.2123146057128906,-2.2149078845977783
trained,pca,test,2,5.8845491409301758,-4.3637056350708008
trained,pca,test,3,0.52263742685317993,3.5694928169250488
trained,pca,test,2,5.4091916084289551,0.30507802963256836
trained,pca,test,3,-0.033527646213769913,-3.8391585350036621
trained,pca,test,2,-5.6309833526611328,4.3315439224243164
trained,pca,test,2,6.8670768737792969,2.6238176822662354
trained,pca,test,2,2.7727527618408203,-0.51179051399230957
trained,pca,test,2,7.4702930450439453,2.0069291591644287
trained,pca,test,3,-0.50404953956604004,2.9900977611541748
trained,pca,test,2,-3.8558540344238281,-2.5137758255004883
trained,pca,test,2,-3.5229558944702148,1.5114960670471191
trained,pca,test,3,3.0923938751220703,2.999474048614502
trained,pca,test,3,1.3313400745391846,4.4405498504638672
trained,pca,test,2,-14.83094596862793,-5.4028377532958984
trained,pca,test,2,10.381970405578613,-1.7275484800338745
trained,pca,test,4,-4.076113224029541,-3.3805208206176758
trained,pca,test,2,-1.1104221343994141,-1.6479685306549072
trained,pca,test,2,-6.6762714385986328,1.4123615026473999
trained,pca,test,3,3.8696508407592773,0.89188700914382935
trained,pca,test,3,3.1776371002197266,-0.41001886129379272
trained,pca,test,3,-11.377876281738281,2.032341480255127
trained,pca,test,3,5.4646892547607422,0.89633512496948242
trained,pca,test,3,8.0943584442138672,1.2885617017745972
trained,pca,test,2,-1.1369214057922363,-2.5104324817657471
trained,pca,test,3,6.0961642265319824,4.2740869522094727
trained,pca,test,1,-3.5441455841064453,7.0780963897705078
trained,pca,test,3,9.7078857421875,-2.3944156169891357
trained,pca,test,2,-11.272343635559082,1.8303028345108032
trained,pca,test,3,9.8086013793945312,-1.1722670793533325
trained,pca,test,2,-12.498956680297852,-2.3958554267883301
trained,pca,test,2,-3.4933907985687256,0.0409281887114048
trained,pca,test,2,0.45650655031204224,-5.0645103454589844
trained,pca,test,2,-5.8817853927612305,-3.7645778656005859
trained,pca,test,3,-1.0845563411712646,2.7270536422729492
trained,pca,test,2,-8.742650032043457,4.6960153579711914
trained,pca,test,2,-4.5712094306945801,-3.8177754878997803
trained,pca,test,3,8.732264518737793,-0.90536421537399292
trained,pca,test,3,-4.3209228515625,-3.09779953956604
trained,pca,test,2,1.2179551124572754,7.6653919219970703
trained,pca,test,3,5.8607292175292969,5.0548429489135742
trained,pca,test,3,5.281219482421875,5.8874111175537109
trained,pca,test,2,1.9018536806106567,-5.526519775390625
trained,pca,test,2,-6.2181706428527832,0.46354871988296509
trained,pca,test,2,4.1821022033691406,-2.4332444667816162
trained,pca,test,3,-2.3823373317718506,7.0221519470214844
trained,pca,test,3,-4.9910888671875,-0.046521317213773727
trained,pca,test,3,-5.1509466171264648,-2.5748281478881836
trained,pca,test,2,-4.6851224899291992,-3.4235479831695557
trained,pca,test,2,-7.2342748641967773,2.0077650547027588
trained,pca,test,2,1.6183439493179321,-1.3886866569519043
trained,pca,test,3,-2.6370935440063477,2.6857736110687256
trained,pca,test,3,5.2949061393737793,-0.75852668285369873
trained,pca,test,2,5.482945442199707,-3.1008157730102539
trained,pca,test,2,-3.9703798294067383,-4.0738730430603027
trained,pca,test,2,7.8288707733154297,-3.206608772277832
trained,pca,test,3,1.9106650352478027,-0.36450803279876709
trained,pca,test,2,-1.777693510055542,0.36861529946327209
trained,pca,test,2,-2.6551971435546875,-5.4410495758056641
trained,pca,test,3,0.8174746036529541,3.4027268886566162
trained,pca,test,3,-3.6065940856933594,-1.8618656396865845
trained,pca,test,2,8.0968198776245117,0.94183963537216187
trained,pca,test,3,-3.5259487628936768,1.2710863351821899
trained,pca,test,2,1.2269960641860962,3.0293564796447754
trained,pca,test,2,5.2901740074157715,-4.0885162353515625
trained,pca,test,2,-1.355602502822876,-1.9870153665542603
trained,pca,test,2,6.280303955078125,-1.632567286491394
trained,pca,test,2,5.7205781936645508,1.4170265197753906
trained,pca,test,2,-13.414592742919922,-5.5139560699462891
trained,pca,test,2,7.7871522903442383,3.0328083038330078
trained,pca,test,2,-10.308388710021973,2.3340249061584473
trained,pca,test,2,10.187276840209961,-2.1050496101379395
trained,pca,test,3,-15.68913459777832,-2.0693302154541016
trained,pca,test,2,8.8479423522949219,0.15019303560256958
trained,pca,test,3,7.9427051544189453,1.4921940565109253
trained,pca,test,2,-8.7353448867797852,-2.11720871925354
trained,pca,test,3,0.44760972261428833,5.6327829360961914
trained,pca,test,2,-9.7596302032470703,-3.8520786762237549
trained,pca,test,2,-4.4753265380859375,-2.1285200119018555
trained,pca,test,2,-6.072871208190918,-1.1304644346237183
trained,pca,test,2,-3.8721771240234375,1.6211627721786499
trained,pca,test,3,-5.853452205657959,1.6625149250030518
trained,pca,test,2,0.82705426216125488,4.7442197799682617
trained,pca,test,3,9.7765626907348633,-1.7584590911865234
trained,pca,test,3,-5.8060135841369629,1.2555257081985474
trained,pca,test,3,9.5573902130126953,-1.0310177803039551
trained,pca,test,3,-8.6249227523803711,-0.87923067808151245
trained,pca,test,2,-2.8775832653045654,2.418839693069458
trained,pca,test,3,8.4043741226196289,-1.5834121704101562
trained,pca,test,2,3.320279598236084,3.6435356140136719
trained,pca,test,3,8.7591400146484375,-0.2526971697807312
trained,pca,test,3,9.7472066879272461,-1.5495238304138184
trained,pca,test,2,-0.42438894510269165,0.93605649471282959
trained,pca,test,2,4.6927833557128906,-1.3894681930541992
trained,pca,test,2,-16.542720794677734,-1.1475446224212646
trained,pca,test,2,2.2178959846496582,5.8282995223999023
trained,pca,test,3,-3.9970471858978271,-3.0265543460845947
trained,pca,test,3,-2.7418198585510254,-3.703355073928833
trained,pca,test,3,4.6667218208312988,-1.6477159261703491
trained,pca,test,3,0.90621232986450195,6.5920414924621582
trained,pca,test,3,9.8237514495849609,-1.3645517826080322
trained,pca,test,2,-10.317705154418945,-1.2172660827636719
trained,pca,test,1,-7.3396596908569336,0.78105294704437256
trained,pca,test,2,1.3080503940582275,4.0270853042602539
trained,pca,test,3,6.6009464263916016,-2.3536877632141113
trained,pca,test,3,-7.5264554023742676,2.9541456699371338
trained,pca,test,2,8.8549613952636719,0.29588514566421509
trained,pca,test,3,-6.8793764114379883,-4.351811408996582
trained,pca,test,2,10.718769073486328,-2.9935042858123779
trained,pca,test,2,0.96571177244186401,0.50946730375289917
trained,pca,test,3,-4.7416591644287109,-1.71030592918396
trained,pca,test,2,-11.505428314208984,-1.0972106456756592
trained,pca,test,2,-18.183986663818359,-4.4956207275390625
trained,pca,test,3,8.9411220550537109,-0.33871525526046753
trained,pca,test,2,6.2515039443969727,-1.6646422147750854
trained,pca,test,3,6.6996340751647949,2.5212216377258301
trained,pca,test,2,10.717061042785645,-2.9416980743408203
trained,pca,test,2,-3.5924124717712402,-0.80677485466003418
trained,pca,test,2,-6.3311314582824707,-1.0574343204498291
trained,pca,test,2,-0.17179316282272339,-1.968381404876709
trained,pca,test,2,10.669172286987305,-3.199915885925293
trained,pca,test,2,-0.2894197404384613,0.82706677913665771
trained,pca,test,2,9.419097900390625,0.2253875732421875
trained,pca,test,4,2.0207719802856445,3.8505444526672363
trained,pca,test,3,-0.76934897899627686,-1.393104076385498
trained,pca,test,2,10.673702239990234,-3.1679441928863525
trained,pca,test,2,5.9838366508483887,-2.1785621643066406
trained,pca,test,3,-12.065975189208984,-4.0402731895446777
trained,pca,test,2,5.6815004348754883,3.6818356513977051
trained,pca,test,2,10.676323890686035,-3.4225997924804688
trained,pca,test,2,-13.458122253417969,0.50665557384490967
trained,pca,test,3,9.7685327529907227,-1.837587833404541
trained,pca,test,2,-5.8820247650146484,-0.23379209637641907
trained,pca,test,2,-8.6830348968505859,2.7358231544494629
trained,pca,test,2,-3.0589747428894043,1.479272723197937
trained,pca,test,3,2.8237237930297852,3.75337815284729
trained,pca,test,2,1.2137627601623535,2.1012592315673828
trained,pca,test,3,9.6556406021118164,-1.3127902746200562
trained,pca,test,2,4.9491820335388184,3.3974759578704834
trained,pca,test,3,9.7920017242431641,-1.8063739538192749
trained,pca,test,2,-0.98267984390258789,3.2514777183532715
trained,pca,test,2,-8.6120529174804688,-6.0977277755737305
trained,pca,test,3,0.38352367281913757,0.39537909626960754
trained,pca,test,2,4.1798110008239746,4.2475194931030273
trained,pca,test,2,6.3764538764953613,3.0845141410827637
trained,pca,test,2,-0.47870323061943054,-0.46286189556121826
trained,pca,test,2,-5.8859262466430664,-5.5351705551147461
trained,pca,test,2,3.394707202911377,-2.0955564975738525
trained,pca,test,3,4.792933464050293,5.4501791000366211
trained,pca,test,3,7.1610651016235352,1.3190861940383911
trained,pca,test,2,-9.753108024597168,1.5826171636581421
trained,pca,test,3,5.5808653831481934,-1.6661098003387451
trained,pca,test,2,8.0492362976074219,0.11597449332475662
trained,pca,test,2,-2.5674445629119873,-0.59248185157775879
trained,pca,test,2,-8.9472808837890625,0.26671695709228516
trained,pca,test,2,4.0146336555480957,4.9095382690429688
trained,pca,test,3,-3.5888891220092773,7.6381888389587402
trained,pca,test,2,2.6816821098327637,2.0584757328033447
trained,pca,test,2,0.77597719430923462,3.2491357326507568
trained,pca,test,3,0.94591784477233887,-3.594090461730957
trained,pca,test,2,2.0422801971435547,2.6524629592895508
trained,pca,test,2,-9.4934072494506836,-2.1522395610809326
trained,pca,test,2,-7.5795674324035645,1.1154723167419434
trained,pca,test,2,-4.8376255035400391,-4.7321038246154785
trained,pca,test,3,-0.86277592182159424,7.3107738494873047
trained,pca,test,2,-0.38307708501815796,-2.2055964469909668
trained,pca,test,2,-3.2236285209655762,-3.2873110771179199
trained,pca,test,2,9.7887802124023438,-1.2382097244262695
trained,pca,test,3,-3.7486858367919922,0.1623828113079071
trained,pca,test,2,-9.5348844528198242,4.4672245979309082
trained,pca,test,2,-11.700730323791504,-3.322202205657959
trained,pca,test,3,8.5280628204345703,0.13593566417694092
trained,pca,test,3,-9.1490449905395508,1.1106816530227661
trained,pca,test,1,2.2893834114074707,3.5366811752319336
trained,pca,test,3,2.4391815662384033,-3.2788383960723877
trained,pca,test,3,7.3009557723999023,0.61312496662139893
trained,pca,test,3,-10.060876846313477,0.98271012306213379
trained,pca,test,2,-6.350339412689209,0.54844367504119873
trained,pca,test,2,5.2566766738891602,0.36546927690505981
trained,pca,test,2,-5.3360433578491211,-3.4342875480651855
trained,pca,test,3,-8.2937164306640625,-0.39026832580566406
trained,pca,test,3,-4.7577285766601562,-3.7983107566833496
trained,pca,test,2,5.1290655136108398,-0.74504244327545166
trained,pca,test,2,10.724348068237305,-2.8478288650512695
trained,pca,test,2,10.67054557800293,-3.187666654586792
trained,pca,test,2,-6.969212532043457,0.085475094616413116
trained,pca,test,3,5.2498254776000977,-0.098259449005126953
trained,pca,test,2,2.235321044921875,-3.6369214057922363
trained,pca,test,3,7.7027530670166016,-2.4114747047424316
trained,pca,test,2,-2.7375583648681641,-1.7481334209442139
trained,pca,test,2,-10.118322372436523,-2.402106761932373
trained,pca,test,2,8.7002582550048828,1.7169883251190186
trained,pca,test,2,6.15081787109375,2.7337064743041992
trained,pca,test,3,-3.9187765121459961,1.6972054243087769
trained,pca,test,3,6.3097028732299805,4.5378103256225586
trained,pca,test,2,-0.90183508396148682,-3.6022617816925049
trained,pca,test,2,-8.1571750640869141,-3.7041621208190918
trained,pca,test,2,3.8710627555847168,2.7159647941589355
trained,pca,test,2,1.6013038158416748,-0.92605113983154297
trained,pca,test,2,-1.4899501800537109,-3.7586712837219238
trained,pca,test,2,-16.748924255371094,-3.3096957206726074
trained,pca,test,2,5.8457865715026855,1.8463302850723267
trained,pca,test,2,-3.4423017501831055,0.55385696887969971
trained,pca,test,2,1.3519542217254639,-1.3051375150680542
trained,pca,test,2,-10.913948059082031,0.90688240528106689
trained,pca,test,2,1.1511201858520508,7.5122909545898438
trained,pca,test,3,-2.4637041091918945,-2.9618420600891113
trained,pca,test,2,-11.632083892822266,4.2995023727416992
trained,pca,test,3,-4.409489631652832,-4.4243168830871582
trained,pca,test,2,-2.2309062480926514,-5.4397487640380859
trained,pca,test,3,1.7634514570236206,-1.6663252115249634
trained,pca,test,3,-1.9939517974853516,1.9144957065582275
trained,pca,test,2,3.2080023288726807,-0.72139620780944824
trained,pca,test,2,9.2457466125488281,-0.071427695453166962
trained,pca,test,2,1.3380261659622192,-2.6654858589172363
trained,pca,test,2,3.2729654312133789,-3.5448040962219238
trained,pca,test,2,9.8188819885253906,-1.0983465909957886
trained,pca,test,2,10.695476531982422,-3.1297421455383301
trained,pca,test,3,5.1178712844848633,0.75290787220001221
trained,pca,test,2,3.4668712615966797,-4.1677570343017578
trained,pca,test,2,2.4967737197875977,1.671745777130127
trained,pca,test,2,7.7116103172302246,-3.0937776565551758
trained,pca,test,4,8.6839447021484375,0.7783668041229248
trained,pca,test,2,2.2053444385528564,-0.96649450063705444
trained,pca,test,2,-2.0426008701324463,2.8373217582702637
trained,pca,test,2,5.7953128814697266,-0.087676309049129486
trained,pca,test,2,3.6260273456573486,3.5876243114471436
trained,pca,test,3,-7.2879667282104492,-0.62892293930053711
trained,pca,test,3,-13.851545333862305,3.4215986728668213
trained,pca,test,2,9.6081371307373047,-1.5698837041854858
trained,pca,test,3,4.3066940307617188,-1.9687221050262451
trained,pca,test,3,5.7220134735107422,2.5629713535308838
trained,pca,test,2,5.8883304595947266,3.3133471012115479
trained,pca,test,3,3.2186257839202881,5.0176925659179688
trained,pca,test,3,-6.7408990859985352,2.5676350593566895
trained,pca,test,2,2.684514045715332,0.8676149845123291
trained,pca,test,2,10.665958404541016,-3.205315113067627
trained,pca,test,3,7.2173342704772949,0.10093174129724503
trained,pca,test,3,-2.9437024593353271,-4.5783052444458008
trained,pca,test,1,-10.224306106567383,-2.9500360488891602
trained,pca,test,2,1.2036319971084595,0.20974397659301758
trained,pca,test,2,-2.4327735900878906,1.3494813442230225
trained,pca,test,3,4.7675490379333496,4.0716762542724609
trained,pca,test,3,-5.5992779731750488,-2.2746927738189697
trained,pca,test,3,8.8743352890014648,1.0332293510437012
trained,pca,test,3,-1.3782882690429688,-0.15481644868850708
trained,pca,test,2,5.1139860153198242,-3.8527538776397705
trained,pca,test,2,5.9033098220825195,-3.8997242450714111
trained,pca,test,2,5.8277297019958496,3.6306707859039307
trained,pca,test,3,-4.0132265090942383,0.82115614414215088
trained,pca,test,2,-12.731949806213379,1.6869393587112427
trained,pca,test,3,-3.0381231307983398,2.8849060535430908
trained,pca,test,1,-1.0945630073547363,0.71108555793762207
trained,pca,test,3,8.3135261535644531,0.46537476778030396
trained,pca,test,2,-2.9619174003601074,-5.2799849510192871
trained,pca,test,2,3.1001873016357422,3.9198775291442871
trained,pca,test,3,4.3162956237792969,5.5061979293823242
trained,pca,test,3,-11.276653289794922,1.5106961727142334
trained,pca,test,2,-12.184688568115234,-5.6410584449768066
trained,pca,test,4,-7.2194013595581055,2.8008055686950684
trained,pca,test,2,5.4117050170898438,4.8670039176940918
trained,pca,test,4,5.3772954940795898,1.1872731447219849
trained,pca,test,2,-6.9879236221313477,7.3204431533813477
trained,pca,test,3,7.7528657913208008,0.089237131178379059
trained,pca,test,2,7.3702220916748047,1.0100499391555786
trained,pca,test,2,10.665958404541016,-3.205315113067627
trained,pca,test,2,8.0262203216552734,2.6901297569274902
trained,pca,test,2,-1.11037278175354,-0.21716216206550598
trained,pca,test,2,4.7162675857543945,-3.823824405670166
trained,pca,test,4,4.6647367477416992,1.186052680015564
trained,pca,test,3,-0.18693526089191437,-3.8005108833312988
trained,pca,test,4,2.2826099395751953,6.8869247436523438
trained,pca,test,3,-9.1785678863525391,5.0679898262023926
trained,pca,test,3,9.7806587219238281,-1.3623082637786865
trained,pca,test,2,-10.439988136291504,-5.2502765655517578
trained,pca,test,3,-7.7097072601318359,-1.5530750751495361
trained,pca,test,3,4.0805964469909668,-0.30400639772415161
trained,pca,test,2,7.3834266662597656,2.3234877586364746
trained,pca,test,3,-1.8725697994232178,-3.9925045967102051
trained,pca,test,3,1.209476113319397,-2.5420849323272705
trained,pca,test,2,8.5506458282470703,-0.92349815368652344
trained,pca,test,4,-7.4634542465209961,3.9911351203918457
trained,pca,test,2,-8.9220771789550781,1.4088194370269775
trained,pca,test,3,6.9901323318481445,1.6703941822052002
trained,pca,test,3,1.62673020362854,-2.9233946800231934
trained,pca,test,2,-4.8764238357543945,-1.6198261976242065
trained,pca,test,2,-8.7789821624755859,-4.3277406692504883
trained,pca,test,2,-0.64309358596801758,6.3812260627746582
trained,pca,test,2,-0.55264610052108765,-1.0001010894775391
trained,pca,test,2,4.4031791687011719,0.82112306356430054
trained,pca,test,3,-0.90440791845321655,3.2460529804229736
trained,pca,test,3,3.4247598648071289,5.4570431709289551
trained,pca,test,2,-1.4972382783889771,-4.8829684257507324
trained,pca,test,2,-15.691949844360352,1.4910870790481567
trained,pca,test,3,-14.439860343933105,1.7137277126312256
trained,pca,test,3,6.1062412261962891,-1.2948312759399414
trained,pca,test,2,1.4255882501602173,3.4769368171691895
trained,pca,test,3,2.781543493270874,-0.47615206241607666
trained,pca,test,3,6.4928889274597168,-1.5470514297485352
trained,pca,test,3,3.7474186420440674,-2.8503389358520508
trained,pca,test,3,3.0632355213165283,2.5085980892181396
trained,pca,test,2,-12.391586303710938,-2.7244424819946289
trained,pca,test,2,4.937495231628418,2.790027379989624
trained,pca,test,2,9.4207839965820312,0.41751137375831604
trained,pca,test,3,3.7859547138214111,-1.8690627813339233
trained,pca,test,3,8.4887065887451172,0.95835769176483154
trained,pca,test,2,-11.456634521484375,-2.9078571796417236
trained,pca,test,3,2.7444987297058105,-2.9015371799468994
trained,pca,test,2,-4.6956901550292969,-3.1079354286193848
trained,pca,test,3,7.7642269134521484,-1.8607547283172607
trained,pca,test,3,7.2640285491943359,-0.010467345826327801
trained,pca,test,2,-0.72558879852294922,1.069526195526123
trained,pca,test,1,-3.7536201477050781,5.6328439712524414
trained,pca,test,2,-0.81688946485519409,2.1545028686523438
trained,pca,test,3,-3.4845426082611084,2.3897809982299805
trained,pca,test,3,8.0758285522460938,-0.29871481657028198
trained,pca,test,3,0.13677568733692169,3.9907271862030029
trained,pca,test,3,-17.147666931152344,2.7845761775970459
trained,pca,test,3,6.7088289260864258,2.3230271339416504
trained,pca,test,3,-7.4687924385070801,-1.1463557481765747
trained,pca,test,2,-0.29390609264373779,-2.8219926357269287
trained,pca,test,2,-5.3707737922668457,-1.9157555103302002
trained,pca,test,2,3.970489501953125,-1.5510590076446533
trained,pca,test,3,9.7861480712890625,-1.9255648851394653
trained,pca,test,3,-0.010973561555147171,5.2115497589111328
trained,pca,test,2,-5.8807406425476074,-3.1599185466766357
trained,pca,test,3,-2.8997006416320801,-3.5994782447814941
trained,pca,test,2,-6.7154498100280762,0.74925899505615234
trained,pca,test,2,9.240595817565918,0.65055227279663086
trained,pca,test,4,5.8478875160217285,-1.2301371097564697
trained,pca,test,3,-2.981055736541748,1.6007779836654663
trained,pca,test,2,-1.0540039539337158,3.7081289291381836
trained,pca,test,3,9.3579635620117188,-1.8171815872192383
trained,pca,test,2,-0.75148141384124756,-3.273773193359375
trained,pca,test,3,2.8127741813659668,4.5318422317504883
trained,pca,test,2,-4.8812150955200195,-2.0026588439941406
trained,pca,test,2,5.2124195098876953,-3.898632287979126
trained,pca,test,2,-9.2269983291625977,-3.1143069267272949
trained,pca,test,3,7.0972471237182617,-0.52827787399291992
trained,pca,test,3,-5.8405671119689941,-4.5924758911132812
trained,pca,test,2,6.3014669418334961,3.6229290962219238
trained,pca,test,2,10.655889511108398,-3.240947961807251
trained,pca,test,3,-12.932021141052246,0.89432543516159058
trained,pca,test,3,-3.5574450492858887,-1.7711861133575439
trained,pca,test,3,6.0498719215393066,-0.29226690530776978
trained,pca,test,3,4.2225222587585449,4.1849098205566406
trained,pca,test,3,-6.5955567359924316,-4.8866934776306152
trained,pca,test,3,-9.0256509780883789,-0.30735936760902405
trained,pca,test,4,6.135167121887207,1.9459980726242065
trained,pca,test,2,10.722663879394531,-3.0399529933929443
trained,pca,test,3,9.1493825912475586,-1.849156379699707
trained,pca,test,2,10.651094436645508,-3.3226683139801025
trained,pca,test,2,7.7457599639892578,2.3756310939788818
trained,pca,test,2,-12.417801856994629,2.8052072525024414
trained,pca,test,2,10.710143089294434,-3.1161873340606689
trained,pca,test,3,2.167205810546875,2.0969913005828857
trained,pca,test,2,1.3871521949768066,-3.3745441436767578
trained,pca,test,2,-1.4143831729888916,-2.5587999820709229
trained,pca,test,2,5.9297666549682617,2.9401912689208984
trained,pca,test,2,-9.0995082855224609,0.96943652629852295
trained,pca,test,2,-5.8098893165588379,-2.5491163730621338
trained,pca,test,2,0.71602505445480347,-1.1346809864044189
trained,pca,test,2,-6.036839485168457,0.6770395040512085
trained,pca,test,3,-1.7475829124450684,1.6597517728805542
trained,pca,test,3,-5.2373232841491699,0.48903751373291016
trained,pca,test,2,9.4949188232421875,0.27770566940307617
trained,pca,test,4,2.2664954662322998,-0.79351520538330078
trained,pca,test,2,-1.0913763046264648,-2.4994115829467773
trained,pca,test,2,2.4353382587432861,-1.0595247745513916
trained,pca,test,2,0.8182220458984375,-0.28147986531257629
trained,pca,test,1,-6.8236536979675293,1.5199316740036011
trained,pca,test,3,5.7877945899963379,1.1329424381256104
trained,pca,test,2,-1.4830044507980347,2.5148847103118896
trained,pca,test,2,7.9698867797851562,2.4403672218322754
trained,pca,test,2,-15.785544395446777,-1.1514588594436646
trained,pca,test,3,-6.5486464500427246,-3.196631908416748
trained,pca,test,4,7.496668815612793,2.5680215358734131
trained,pca,test,3,-9.1105575561523438,2.5175437927246094
trained,pca,test,2,-4.9187688827514648,-3.2065138816833496
trained,pca,test,3,-0.63764965534210205,-0.95860105752944946
trained,pca,test,2,-3.7472474575042725,0.80206537246704102
trained,pca,test,2,2.3325140476226807,-4.0164995193481445
trained,pca,test,2,-4.0462679862976074,0.75405657291412354
trained,pca,test,2,6.9782352447509766,2.9877727031707764
trained,pca,test,2,-0.34216439723968506,-2.3533666133880615
trained,pca,test,2,8.7084341049194336,1.007232666015625
trained,pca,test,3,0.47645831108093262,-3.3624610900878906
trained,pca,test,2,9.8197231292724609,-1.4815075397491455
trained,pca,test,2,3.1540617942810059,-3.306098461151123
trained,pca,test,4,1.9464354515075684,-2.4111285209655762
trained,pca,test,3,-6.2702732086181641,5.6516895294189453
trained,pca,test,2,8.4288234710693359,1.1729390621185303
trained,pca,test,2,-7.5200262069702148,-3.4146227836608887
trained,pca,test,2,6.1225690841674805,3.549670934677124
trained,pca,test,4,5.0830698013305664,-1.0180977582931519
trained,pca,test,2,-6.1079349517822266,1.5163850784301758
trained,pca,test,3,8.8582763671875,-0.19024521112442017
trained,pca,test,2,10.669172286987305,-3.199915885925293
trained,pca,test,2,8.0468921661376953,1.0622893571853638
trained,pca,test,2,2.5893864631652832,-2.4686422348022461
trained,pca,test,4,8.8337640762329102,-0.62566298246383667
trained,pca,test,3,8.3514537811279297,-1.9654760360717773
trained,pca,test,2,0.26894277334213257,3.7293353080749512
trained,pca,test,2,5.765070915222168,4.5354018211364746
trained,pca,test,3,-16.896945953369141,-0.59079360961914062
trained,pca,test,2,10.274637222290039,-1.5521358251571655
trained,pca,test,3,9.2312698364257812,-1.3776549100875854
trained,pca,test,3,4.0361547470092773,5.1988143920898438
trained,pca,test,3,-15.168375015258789,3.3010880947113037
trained,pca,test,2,-3.0389719009399414,1.7927255630493164
trained,pca,test,2,-1.2994476556777954,0.45778906345367432
trained,pca,test,2,3.6848230361938477,2.7349162101745605
trained,pca,test,2,-4.7534346580505371,1.2746351957321167
trained,pca,test,3,5.2021169662475586,1.4690046310424805
trained,pca,test,2,7.9305601119995117,1.3813450336456299
trained,pca,test,3,4.3589677810668945,-2.2729091644287109
trained,pca,test,3,7.6394944190979004,-1.345869779586792
trained,pca,test,3,-9.17919921875,-0.51681023836135864
trained,pca,test,4,3.3795533180236816,1.309218168258667
trained,pca,test,2,5.45709228515625,0.95167100429534912
trained,pca,test,2,0.22842997312545776,-0.96384495496749878
trained,pca,test,2,-7.4704833030700684,-1.2222875356674194
trained,pca,test,3,6.3194122314453125,-2.7715499401092529
trained,pca,test,3,3.5351080894470215,-1.8874354362487793
trained,pca,test,2,5.0386829376220703,1.5513190031051636
trained,pca,test,2,6.2724370956420898,-0.2531132698059082
trained,pca,test,3,9.69744873046875,-1.4061819314956665
trained,pca,test,2,9.9048290252685547,-1.5566732883453369
trained,pca,test,3,-4.859673023223877,3.5258629322052002
trained,pca,test,2,-4.4594626426696777,3.2830960750579834
trained,pca,test,3,2.0042223930358887,0.28090041875839233
trained,pca,test,2,-7.4376730918884277,-4.4024858474731445
trained,pca,test,3,7.4931721687316895,3.0019350051879883
trained,pca,test,2,-2.1969811916351318,0.79082965850830078
trained,pca,test,2,1.5967438220977783,-3.2612645626068115
trained,pca,test,2,-11.006603240966797,2.9823741912841797
trained,pca,test,2,-3.4215829372406006,1.3503942489624023
trained,pca,test,2,-8.1002798080444336,-5.7356681823730469
trained,pca,test,3,8.0595111846923828,-0.2818484902381897
trained,pca,test,4,8.9197044372558594,-0.23356324434280396
trained,pca,test,3,9.7917842864990234,-1.8099484443664551
trained,pca,test,2,1.6966753005981445,0.64573216438293457
trained,pca,test,3,-1.1671948432922363,5.2167167663574219
trained,pca,test,3,0.063068270683288574,-1.27482008934021
trained,pca,test,4,-7.7877798080444336,-1.859331488609314
trained,pca,test,2,4.6304397583007812,-3.8006126880645752
trained,pca,test,3,9.7417163848876953,-1.0896338224411011
trained,pca,test,2,4.8369674682617188,-1.1183578968048096
trained,pca,test,2,-5.762540340423584,-3.232161283493042
trained,pca,test,2,-2.2362589836120605,-5.4221348762512207
trained,pca,test,2,3.1192500591278076,1.2801929712295532
trained,pca,test,3,-3.6800918579101562,-3.3767499923706055
trained,pca,test,2,-4.8634214401245117,2.9292051792144775
trained,pca,test,3,9.7328081130981445,-1.5497653484344482
trained,pca,test,2,-0.72920525074005127,-2.2609796524047852
trained,pca,test,3,2.8426980972290039,0.21688112616539001
trained,pca,test,3,7.446965217590332,-0.28015467524528503
trained,pca,test,2,-4.1102347373962402,1.8913102149963379
trained,pca,test,1,-2.6237168312072754,-3.6945211887359619
trained,pca,test,2,-3.725776195526123,5.593297004699707
trained,pca,test,2,-2.5173740386962891,-5.2463502883911133
trained,pca,test,2,-2.4867732524871826,0.60314035415649414
trained,pca,test,2,-0.31631076335906982,-5.8223228454589844
trained,pca,test,2,2.2364816665649414,-0.77827668190002441
trained,pca,test,2,-4.3419594764709473,-4.9544038772583008
trained,pca,test,2,-3.745335578918457,-3.0481514930725098
trained,pca,test,3,-1.7456455230712891,-1.7499775886535645
trained,pca,test,2,-9.9269142150878906,-0.063192121684551239
trained,pca,test,4,6.1351747512817383,-0.96200740337371826
trained,pca,test,3,1.0911900997161865,1.1921238899230957
trained,pca,test,3,1.6921331882476807,3.3012821674346924
trained,pca,test,2,-6.332982063293457,-0.43763601779937744
trained,pca,test,2,7.7642965316772461,-0.26014849543571472
trained,pca,test,2,-0.48660537600517273,-3.8788785934448242
trained,pca,test,2,0.7998197078704834,2.5461845397949219
trained,pca,test,2,-0.88068628311157227,2.8543441295623779
trained,pca,test,3,7.3347196578979492,1.5997856855392456
trained,pca,test,2,-5.5374035835266113,-0.69462847709655762
trained,pca,test,2,-8.7756843566894531,0.97426599264144897
trained,pca,test,2,-8.2278223037719727,-1.3485958576202393
trained,pca,test,3,-6.5926589965820312,-4.7989511489868164
trained,pca,test,2,-14.701034545898438,-3.8578109741210938
trained,pca,test,2,-9.2858152389526367,-2.5547761917114258
trained,pca,test,3,9.7742404937744141,-1.4577904939651489
trained,pca,test,2,-4.5463504791259766,3.7592792510986328
trained,pca,test,2,0.24681515991687775,-0.32879379391670227
trained,pca,test,3,-8.2717647552490234,-1.7512707710266113
trained,pca,test,2,3.0770571231842041,4.2958717346191406
trained,pca,test,3,-2.850700855255127,-3.5030815601348877
trained,pca,test,2,-7.0417170524597168,-0.48094141483306885
trained,pca,test,3,9.0741424560546875,-1.8739972114562988
trained,pca,test,2,0.72805583477020264,2.444732666015625
trained,pca,test,2,-10.057421684265137,3.4627528190612793
trained,pca,test,3,-7.8391637802124023,2.792424201965332
trained,pca,test,3,4.5524883270263672,-0.07053326815366745
trained,pca,test,2,-3.5581319332122803,6.4250626564025879
trained,pca,test,3,8.3201007843017578,1.2436896562576294
trained,pca,test,2,-5.273801326751709,-1.8940442800521851
trained,pca,test,3,-0.62659835815429688,-0.21214509010314941
trained,pca,test,3,7.6130547523498535,-1.6204192638397217
trained,pca,test,3,-3.8491325378417969,1.2520751953125
trained,pca,test,2,-1.8112761974334717,-1.0932378768920898
trained,pca,test,2,9.2400808334350586,0.54807382822036743
trained,pca,test,2,-2.8692119121551514,-5.6013360023498535
trained,pca,test,2,-9.8652915954589844,-1.7967381477355957
trained,pca,test,2,5.0846385955810547,1.7864381074905396
trained,pca,test,4,-4.525238037109375,0.94499588012695312
trained,pca,test,2,-3.6968278884887695,-2.8583090305328369
trained,pca,test,3,6.194183349609375,2.9546611309051514
trained,pca,test,2,6.6435995101928711,-3.4877896308898926
trained,pca,test,3,-3.6333937644958496,-4.3547210693359375
trained,pca,test,2,0.66762262582778931,-0.68305474519729614
trained,pca,test,2,-17.017116546630859,-1.0100456476211548
trained,pca,test,2,6.5708751678466797,3.4876418113708496
trained,pca,test,2,3.0234479904174805,1.4826734066009521
trained,pca,test,3,9.7300987243652344,-1.8432703018188477
trained,pca,test,2,-2.3787806034088135,4.922633171081543
trained,pca,test,2,3.1072590351104736,-1.1068663597106934
trained,pca,test,3,-6.061396598815918,-4.9894561767578125
trained,pca,test,2,-1.6729346513748169,-0.8310248851776123
trained,pca,test,4,7.2554712295532227,1.4040131568908691
trained,pca,test,3,-4.8830389976501465,2.0894629955291748
trained,pca,test,3,8.5447559356689453,0.65568697452545166
trained,pca,test,2,-12.307082176208496,-3.8211100101470947
trained,pca,test,2,-0.05120621994137764,2.8457150459289551
trained,pca,test,2,-0.53845334053039551,-4.5016341209411621
trained,pca,test,3,9.7842931747436523,-1.9126623868942261
trained,pca,test,3,-11.386589050292969,-4.7828502655029297
trained,pca,test,1,-1.7827141284942627,3.6046624183654785
trained,pca,test,2,-4.6183128356933594,3.993854284286499
trained,pca,test,2,4.4585957527160645,-5.1201276779174805
trained,pca,test,2,-13.807070732116699,2.3588798046112061
trained,pca,test,3,-2.5423696041107178,-3.0928230285644531
trained,pca,test,2,-7.9386653900146484,0.00054419523803517222
trained,pca,test,2,-5.0602788925170898,-0.62671315670013428
trained,pca,test,2,-2.0750713348388672,1.6042523384094238
trained,pca,test,1,-9.2651481628417969,-1.1114897727966309
trained,pca,test,3,-5.9311447143554688,3.9828729629516602
trained,pca,test,2,0.38435113430023193,3.5152640342712402
trained,pca,test,2,-0.75230371952056885,-3.0197536945343018
trained,pca,test,2,0.18942646682262421,2.4647653102874756
trained,pca,test,2,-5.5434494018554688,1.7844685316085815
trained,pca,test,2,-7.0975141525268555,2.1286053657531738
trained,pca,test,2,6.2634825706481934,0.56606906652450562
trained,pca,test,2,-7.8368320465087891,-0.2657586932182312
trained,pca,test,3,-2.9785323143005371,0.94965928792953491
trained,pca,test,2,-3.9647016525268555,-2.2104306221008301
trained,pca,test,2,-4.2708606719970703,1.7431709766387939
trained,pca,test,2,-0.25641351938247681,-5.3611059188842773
trained,pca,test,3,9.716766357421875,-1.571718692779541
trained,pca,test,2,-2.2564232349395752,-4.9060173034667969
trained,pca,test,2,-2.788489818572998,-5.6198596954345703
trained,pca,test,2,8.8745527267456055,-2.2381670475006104
trained,pca,test,2,3.7380766868591309,2.3309099674224854
trained,pca,test,2,9.7034740447998047,-1.6656126976013184
trained,pca,test,2,7.1647133827209473,3.6276907920837402
trained,pca,test,2,4.2252984046936035,3.0073962211608887
trained,pca,test,2,-0.51316940784454346,2.6140708923339844
trained,pca,test,3,9.2417201995849609,-1.0054051876068115
trained,pca,test,2,10.718769073486328,-2.9935042858123779
trained,pca,test,2,8.4162635803222656,-2.898193359375
trained,pca,test,3,0.50835692882537842,-3.0589063167572021
trained,pca,test,2,-3.8161189556121826,2.0580573081970215
trained,pca,test,3,-2.4014849662780762,1.9574412107467651
trained,pca,test,2,7.5828871726989746,0.48130810260772705
trained,pca,test,2,-14.414274215698242,-4.2637829780578613
trained,pca,test,2,-2.7283468246459961,-4.4651784896850586
trained,pca,test,3,-7.8614706993103027,-0.27695554494857788
trained,pca,test,2,8.1522369384765625,1.6216392517089844
trained,pca,test,2,-3.0937855243682861,-4.0759415626525879
trained,pca,test,2,-10.479824066162109,3.3332047462463379
trained,pca,test,3,-2.971282958984375,0.92383056879043579
trained,pca,test,2,8.02301025390625,2.67099928855896
trained,pca,test,2,-8.9358615875244141,-1.2126908302307129
trained,pca,test,2,0.84273833036422729,1.2396335601806641
trained,pca,test,3,9.8371925354003906,-1.7473609447479248
trained,pca,test,3,7.6946883201599121,-1.9297505617141724
trained,pca,test,3,6.1519479751586914,2.5139563083648682
trained,pca,test,2,5.898432731628418,-3.9815149307250977
trained,pca,test,2,-6.2486724853515625,3.1936688423156738
trained,pca,test,2,-2.1242325305938721,-3.2084112167358398
trained,pca,test,2,-1.9418455362319946,-0.16618585586547852
trained,pca,test,2,-3.6315064430236816,3.5054633617401123
trained,pca,test,2,-6.2206721305847168,-3.9996213912963867
trained,pca,test,1,0.081563964486122131,5.1496167182922363
trained,pca,test,1,-0.39367640018463135,4.8714690208435059
trained,pca,test,3,-6.9135608673095703,1.4721863269805908
trained,pca,test,2,10.710143089294434,-3.1161873340606689
trained,pca,test,2,-5.8574380874633789,7.2935867309570312
trained,pca,test,3,-4.6876325607299805,-3.8652017116546631
trained,pca,test,3,7.0201811790466309,-2.4211440086364746
trained,pca,test,2,1.2094728946685791,1.7495861053466797
trained,pca,test,2,9.5447902679443359,-1.6957781314849854
trained,pca,test,2,6.480435848236084,2.1397926807403564
trained,pca,test,2,-9.6477289199829102,-1.088436484336853
trained,pca,test,2,-11.352705001831055,0.52807128429412842
trained,pca,test,2,-2.6804080009460449,-5.1886005401611328
trained,pca,test,2,-1.2152862548828125,0.68757683038711548
trained,pca,test,2,4.3838362693786621,-4.140052318572998
trained,pca,test,3,2.907351016998291,-3.5124564170837402
trained,pca,test,2,5.6745343208312988,3.4395439624786377
trained,pca,test,2,-3.0212268829345703,3.0820908546447754
trained,pca,test,2,10.695476531982422,-3.1297421455383301
trained,pca,test,2,-3.9242579936981201,6.8931360244750977
trained,pca,test,2,-14.685544967651367,-1.3285107612609863
trained,pca,test,2,-7.6196069717407227,-3.8993539810180664
trained,pca,test,2,6.3673138618469238,2.8593521118164062
trained,pca,test,3,6.1806173324584961,0.51797521114349365
trained,pca,test,3,-16.874551773071289,3.0289771556854248
trained,pca,test,2,-2.4676198959350586,-5.0526590347290039
trained,pca,test,3,9.7334747314453125,-1.8118277788162231
trained,pca,test,2,-4.9907755851745605,-1.7903870344161987
trained,pca,test,3,-1.8457562923431396,-3.9354879856109619
trained,pca,test,3,9.748164176940918,-1.5408194065093994
trained,pca,test,1,-6.620180606842041,-1.8315441608428955
trained,pca,test,2,-14.964851379394531,2.2208249568939209
trained,pca,test,3,3.8890962600708008,-0.36545726656913757
trained,pca,test,3,2.4488723278045654,6.1132211685180664
trained,pca,test,3,2.599945068359375,3.3459687232971191
trained,pca,test,2,0.78086119890213013,-3.33343505859375
trained,pca,test,2,3.8648006916046143,3.8408880233764648
trained,pca,test,2,7.9501333236694336,2.1950263977050781
trained,pca,test,3,-3.2274806499481201,-4.3473138809204102
trained,pca,test,2,10.686333656311035,-3.460540771484375
trained,pca,test,2,-3.639284610748291,-3.7249851226806641
trained,pca,test,2,-11.458080291748047,2.8741047382354736
trained,pca,test,3,1.7219012975692749,2.6049230098724365
trained,pca,test,4,1.4363874197006226,-0.63481521606445312
trained,pca,test,2,-4.2466516494750977,-4.3124332427978516
trained,pca,test,2,-11.30858039855957,3.1261744499206543
trained,pca,test,2,10.660427093505859,-3.2142088413238525
trained,pca,test,2,4.1571750640869141,5.8868918418884277
trained,pca,test,2,-9.6980199813842773,-2.221519947052002
trained,pca,test,2,6.9492697715759277,3.6735222339630127
trained,pca,test,2,-0.13427288830280304,-3.940455436706543
trained,pca,test,3,3.6332576274871826,-1.4574742317199707
trained,pca,test,4,2.1160798072814941,4.2214255332946777
trained,pca,test,2,-1.4225159883499146,6.3016805648803711
trained,pca,test,2,-5.0394620895385742,-5.8173699378967285
trained,pca,test,2,-0.60536158084869385,1.1080911159515381
trained,pca,test,3,8.4391775131225586,-1.9955189228057861
trained,pca,test,3,9.329442024230957,-0.24314546585083008
trained,pca,test,3,9.7849655151367188,-1.7535760402679443
trained,pca,test,3,-4.8631687164306641,-4.9223971366882324
trained,pca,test,3,0.98050254583358765,-0.0023100029211491346
trained,pca,test,3,-9.5699987411499023,0.38418114185333252
trained,pca,test,4,8.8345460891723633,-0.59738802909851074
trained,pca,test,2,4.648310661315918,5.5406570434570312
trained,pca,test,3,0.2892996072769165,-0.77657163143157959
trained,pca,test,3,9.7876071929931641,-1.7036898136138916
trained,pca,test,2,4.1225686073303223,2.7774300575256348
trained,pca,test,3,-6.4997720718383789,3.4888854026794434
trained,pca,test,2,-4.8086128234863281,-4.2279105186462402
trained,pca,test,3,3.0271434783935547,-2.022104024887085
trained,pca,test,2,-7.0951237678527832,-5.9941854476928711
trained,pca,test,3,2.3260397911071777,6.0251007080078125
trained,pca,test,2,3.3851184844970703,6.5145587921142578
trained,pca,test,3,2.0467438697814941,-0.97470247745513916
trained,pca,test,4,0.26253584027290344,1.6029834747314453
trained,pca,test,2,1.6032189130783081,0.13944631814956665
trained,pca,test,3,-7.6769800186157227,-4.3654031753540039
trained,pca,test,2,-1.8990793228149414,-3.8777527809143066
trained,pca,test,3,2.5064530372619629,5.0753793716430664
trained,pca,test,2,1.5998421907424927,2.0936779975891113
trained,pca,test,2,8.5916862487792969,1.3397865295410156
trained,pca,test,3,-2.4780259132385254,6.0920391082763672
trained,pca,test,3,2.1847159862518311,0.51575058698654175
trained,pca,test,4,-10.724236488342285,2.0095670223236084
trained,pca,test,3,-9.4470062255859375,4.429163932800293
trained,pca,test,2,-1.2676942348480225,-1.5013439655303955
trained,pca,test,3,5.3371386528015137,2.7169756889343262
trained,pca,test,2,10.092997550964355,-2.9880111217498779
trained,pca,test,2,3.5593752861022949,4.5125184059143066
trained,pca,test,2,10.719283103942871,-2.8910255432128906
trained,pca,test,2,-11.853418350219727,1.8699045181274414
trained,pca,test,2,7.3814411163330078,-3.5889878273010254
trained,pca,test,2,-8.2310714721679688,2.3223638534545898
trained,pca,test,2,-6.1163740158081055,-6.1271467208862305
trained,pca,test,3,9.5336570739746094,-0.93455284833908081
trained,pca,test,2,-2.6067383289337158,1.605696439743042
trained,pca,test,2,5.5961265563964844,4.5343856811523438
trained,pca,test,3,-2.1337952613830566,8.505427360534668
trained,pca,test,2,-1.4464175701141357,-0.4767957329750061
trained,pca,test,2,-1.3353829383850098,-0.35028809309005737
trained,pca,test,4,6.1314940452575684,4.461726188659668
trained,pca,test,2,-9.8468255996704102,-2.6451280117034912
trained,pca,test,2,10.729619026184082,-2.8164582252502441
trained,pca,test,2,-2.3824870586395264,3.1033620834350586
trained,pca,test,2,-1.7516152858734131,4.7243094444274902
trained,pca,test,3,-2.2223207950592041,-1.1509931087493896
trained,pca,test,3,-9.0611495971679688,2.8514299392700195
trained,pca,test,2,7.2704963684082031,-3.9975676536560059
trained,pca,test,2,5.0566959381103516,3.7347121238708496
trained,pca,test,3,-11.39564323425293,-1.327231764793396
trained,pca,test,3,-5.0868415832519531,1.5425955057144165
trained,pca,test,3,1.1016702651977539,-0.83056247234344482
trained,pca,test,2,7.693669319152832,0.082608290016651154
trained,pca,test,2,-0.71641522645950317,-1.8719614744186401
trained,pca,test,3,-17.271913528442383,2.9986369609832764
trained,pca,test,2,0.38110771775245667,2.1231837272644043
trained,pca,test,2,-13.434659004211426,4.0716309547424316
trained,pca,test,2,9.8184719085693359,-0.7707982063293457
trained,pca,test,2,-2.9583930969238281,-1.9153671264648438
trained,pca,test,3,-4.3162021636962891,-4.6646976470947266
trained,pca,test,2,-3.9935336112976074,3.1207542419433594
trained,pca,test,3,4.0241985321044922,-0.93837761878967285
trained,pca,test,2,3.1775162220001221,1.5123114585876465
trained,pca,test,3,-1.0443432331085205,-2.8364412784576416
trained,pca,test,3,5.1229972839355469,-2.7194948196411133
trained,pca,test,2,10.722663879394531,-3.0399529933929443
trained,pca,test,4,7.7010626792907715,0.57508003711700439
trained,pca,test,3,-1.6894060373306274,-3.6567354202270508
trained,pca,test,2,7.2482547760009766,-1.1053032875061035
trained,pca,test,2,-1.2524009943008423,2.425506591796875
trained,pca,test,4,-0.042969722300767899,-1.4057900905609131
trained,pca,test,2,0.1605849415063858,-3.5779595375061035
trained,pca,test,2,5.1261558532714844,2.2343981266021729
trained,pca,test,2,4.5466065406799316,2.86287522315979
trained,pca,test,2,4.836967945098877,-0.32630494236946106
trained,pca,test,3,9.7430696487426758,-1.4119932651519775
trained,pca,test,2,5.1319475173950195,4.9854764938354492
trained,pca,test,2,-0.42596924304962158,-3.3663473129272461
trained,pca,test,2,6.5484685897827148,2.885169506072998
trained,pca,test,3,8.1611804962158203,1.8995122909545898
trained,pca,test,3,8.6376638412475586,0.38700321316719055
trained,pca,test,3,5.027806282043457,5.4183354377746582
trained,pca,test,2,1.7201113700866699,4.7232751846313477
trained,pca,test,2,1.6380002498626709,1.4687727689743042
trained,pca,test,1,-9.4302539825439453,-3.074803352355957
trained,pca,test,3,-0.073805145919322968,-2.7019290924072266
trained,pca,test,2,7.5923042297363281,1.9668115377426147
trained,pca,test,2,1.127582311630249,0.81201130151748657
trained,pca,test,2,-11.946805000305176,-2.709341287612915
trained,pca,test,2,-10.901272773742676,0.26567345857620239
trained,pca,test,3,-1.0904600620269775,-1.3086918592453003
trained,pca,test,3,8.1258544921875,-0.50422537326812744
trained,pca,test,3,7.9645900726318359,2.6324081420898438
trained,pca,test,2,2.924443244934082,-2.948016881942749
trained,pca,test,3,0.79041135311126709,1.0932260751724243
trained,pca,test,3,-1.173917293548584,-2.7537147998809814
trained,pca,test,3,8.0235710144042969,2.1442861557006836
trained,pca,test,3,1.6613801717758179,1.8778398036956787
trained,pca,test,2,-4.0507497787475586,-3.6965022087097168
trained,pca,test,3,2.6213581562042236,0.40876245498657227
trained,pca,test,3,9.134709358215332,-0.14493668079376221
trained,pca,test,3,-4.5043439865112305,-4.6085195541381836
trained,pca,test,2,5.6578798294067383,1.5098609924316406
trained,pca,test,3,1.5938782691955566,4.9853153228759766
trained,pca,test,3,-0.90383893251419067,4.3887825012207031
trained,pca,test,2,-11.119363784790039,-5.4043197631835938
trained,pca,test,3,0.3795396089553833,-0.52683311700820923
trained,pca,test,3,9.5833864212036133,-1.159659743309021
trained,pca,test,2,-4.1714820861816406,-2.1277375221252441
trained,pca,test,3,8.5234909057617188,0.10457725077867508
trained,pca,test,2,0.95733428001403809,6.5726876258850098
trained,pca,test,2,1.0561532974243164,3.6835322380065918
trained,pca,test,2,3.9960603713989258,-4.6473007202148438
trained,pca,test,2,-7.011742115020752,-6.4943475723266602
trained,pca,test,2,0.38230836391448975,-0.73197948932647705
trained,pca,test,2,10.717061042785645,-2.9416980743408203
trained,pca,test,2,-6.2339267730712891,-5.755828857421875
trained,pca,test,3,-8.5562591552734375,-2.4601407051086426
trained,pca,test,2,-0.4379953145980835,1.2544699907302856
trained,pca,test,2,0.88754618167877197,1.4635589122772217
trained,pca,test,2,0.64663028717041016,3.0763893127441406
trained,pca,test,2,-4.589076042175293,-5.7858057022094727
trained,pca,test,2,-3.598724365234375,-1.9989111423492432
trained,pca,test,2,8.4116907119750977,-1.3600773811340332
trained,pca,test,2,3.7851717472076416,-3.4151859283447266
trained,pca,test,2,-0.409900963306427,1.1561344861984253
trained,pca,test,2,-7.2929468154907227,-4.0359048843383789
trained,pca,test,3,-5.3995561599731445,2.5598764419555664
trained,pca,test,2,4.759763240814209,5.2809391021728516
trained,pca,test,3,1.915742039680481,-3.0394182205200195
trained,pca,test,2,-3.2740490436553955,6.6651363372802734
trained,pca,test,3,2.5224056243896484,1.6759378910064697
trained,pca,test,4,6.2542104721069336,3.485191822052002
trained,pca,test,2,5.6415629386901855,-3.0851640701293945
trained,pca,test,2,3.2095258235931396,-3.4338006973266602
trained,pca,test,2,5.1493663787841797,4.10260009765625
trained,pca,test,2,0.28286758065223694,-0.2325684130191803
trained,pca,test,3,4.2606487274169922,6.2020177841186523
trained,pca,test,3,9.7458858489990234,-1.8203742504119873
trained,pca,test,2,-1.3512560129165649,0.48474416136741638
trained,pca,test,3,2.2307796478271484,7.1047511100769043
trained,pca,test,3,-8.3991985321044922,-0.017360324040055275
trained,pca,test,2,7.9330940246582031,-1.7705546617507935
trained,pca,test,2,-3.9396460056304932,3.7943069934844971
trained,pca,test,3,-0.38669478893280029,6.3585691452026367
trained,pca,test,2,1.7479226589202881,-0.1720130443572998
trained,pca,test,2,7.7871522903442383,3.0328083038330078
trained,pca,test,2,-8.3327884674072266,-1.5972753763198853
trained,pca,test,2,-13.97282600402832,-0.21741867065429688
trained,pca,test,2,-2.674354076385498,6.0916233062744141
trained,pca,test,2,-12.280303001403809,-5.1273822784423828
trained,pca,test,2,-6.2250690460205078,-5.9723625183105469
trained,pca,test,2,8.4062023162841797,0.66390997171401978
trained,pca,test,2,6.5241279602050781,4.062781810760498
trained,pca,test,3,-8.0093975067138672,-3.5838568210601807
trained,pca,test,4,3.6201190948486328,1.0231032371520996
trained,pca,test,3,-3.4474682807922363,-2.1699924468994141
trained,pca,test,3,9.5920772552490234,-1.2529128789901733
trained,pca,test,3,9.7636270523071289,-1.5351617336273193
trained,pca,test,2,-11.313722610473633,-0.033418592065572739
trained,pca,test,2,10.150375366210938,-1.5725569725036621
trained,pca,test,2,2.7267556190490723,4.8920364379882812
trained,pca,test,3,9.5815505981445312,-0.9715387225151062
trained,pca,test,3,-12.558326721191406,1.998664379119873
trained,pca,test,2,1.0484150648117065,-4.8974108695983887
trained,pca,test,2,10.669172286987305,-3.199915885925293
trained,pca,test,4,7.015131950378418,1.2461559772491455
trained,pca,test,2,1.6796945333480835,2.3595962524414062
trained,pca,test,3,3.9436838626861572,1.7629982233047485
trained,pca,test,3,9.586817741394043,-1.2131792306900024
trained,pca,test,2,2.021981954574585,4.7041378021240234
trained,pca,test,3,6.5689220428466797,0.34963187575340271
trained,pca,test,3,4.4779024124145508,-1.1925736665725708
trained,pca,test,3,-1.59565269947052,0.66537880897521973
trained,pca,test,2,7.2820305824279785,-3.672900915145874
trained,pca,test,2,10.686333656311035,-3.460540771484375
trained,pca,test,3,7.1783475875854492,0.083341516554355621
trained,pca,test,2,10.718769073486328,-2.9935042858123779
trained,pca,test,2,-11.942713737487793,-6.3487739562988281
trained,pca,test,3,1.044441819190979,-1.2748665809631348
trained,pca,test,3,3.6699385643005371,0.10221261531114578
trained,pca,test,2,10.682027816772461,-3.1468424797058105
trained,pca,test,2,-7.9033107757568359,-0.061777468770742416
trained,pca,test,3,-6.8570189476013184,2.3219249248504639
trained,pca,test,4,-5.1532769203186035,0.88271212577819824
trained,pca,test,3,3.5852470397949219,-3.5234980583190918
trained,pca,test,2,-5.9132122993469238,-6.1624774932861328
trained,pca,test,2,-6.0256834030151367,-4.3605799674987793
trained,pca,test,2,9.6092319488525391,-0.093595974147319794
trained,pca,test,3,2.9641501903533936,2.4858832359313965
trained,pca,test,3,-7.4366922378540039,-1.0897089242935181
trained,pca,test,2,-2.1989550590515137,-3.1646833419799805
trained,pca,test,2,-11.166925430297852,0.055351380258798599
trained,pca,test,2,3.2626891136169434,-4.2312531471252441
trained,pca,test,2,0.16753672063350677,-5.2550406455993652
trained,pca,test,2,-7.5865888595581055,-1.5574600696563721
trained,pca,test,2,1.5184595584869385,4.8288116455078125
trained,pca,test,2,1.8181040287017822,0.36797857284545898
trained,pca,test,2,6.3060302734375,-1.1764810085296631
trained,pca,test,3,9.7648468017578125,-1.8051049709320068
trained,pca,test,3,9.7739353179931641,-1.7361792325973511
trained,pca,test,3,-2.3421115875244141,-1.9272648096084595
trained,pca,test,2,-11.183345794677734,-3.9650919437408447
trained,pca,test,2,6.8246431350708008,3.5024828910827637
trained,pca,test,2,-11.594976425170898,-5.1876273155212402
trained,pca,test,2,6.3351016044616699,0.72146594524383545
trained,pca,test,3,-0.57728338241577148,3.4536833763122559
trained,pca,test,2,4.093419075012207,-0.61438524723052979
trained,pca,test,2,-10.419788360595703,-5.2895288467407227
trained,pca,test,3,8.4423437118530273,-1.9984948635101318
trained,pca,test,2,-1.4580366611480713,-0.72827088832855225
trained,pca,test,3,4.3968877792358398,-2.9197912216186523
trained,pca,test,4,-2.0513122081756592,-2.2413244247436523
trained,pca,test,2,-7.0861873626708984,4.7445168495178223
trained,pca,test,3,-4.3760342597961426,-2.7433772087097168
trained,pca,test,2,10.484027862548828,-2.5020425319671631
trained,pca,test,2,-10.623675346374512,-0.83262896537780762
trained,pca,test,3,8.0806636810302734,2.0857415199279785
trained,pca,test,2,1.6516575813293457,0.67330294847488403
trained,pca,test,2,-0.56000912189483643,-3.9795682430267334
trained,pca,test,3,0.71187698841094971,-0.48301836848258972
trained,pca,test,3,4.8651657104492188,1.6036083698272705
trained,pca,test,3,9.7590522766113281,-1.6780718564987183
trained,pca,test,3,-6.2728853225708008,-2.0140166282653809
trained,pca,test,2,-4.8413534164428711,-3.6830399036407471
trained,pca,test,2,-2.4169378280639648,2.292360782623291
trained,pca,test,2,-3.2588047981262207,4.4873466491699219
trained,pca,test,2,1.5578224658966064,-4.4478292465209961
trained,pca,test,3,6.7074441909790039,2.0031001567840576
trained,pca,test,2,2.6942386627197266,-4.3800539970397949
trained,pca,test,3,-12.714881896972656,1.1612787246704102
trained,pca,test,2,4.0359306335449219,-3.5703108310699463
trained,pca,test,2,-4.1185126304626465,1.5249315500259399
trained,pca,test,3,-6.7518153190612793,4.7867932319641113
trained,pca,test,3,9.7765626907348633,-1.7584590911865234
trained,pca,test,2,-5.7028617858886719,3.8289005756378174
trained,pca,test,3,4.6662778854370117,1.382335901260376
trained,pca,test,2,-7.1224069595336914,-1.8333895206451416
trained,pca,test,2,0.75892126560211182,5.3443593978881836
trained,pca,test,2,-1.4304895401000977,2.4076724052429199
trained,pca,test,2,4.1743354797363281,2.4099977016448975
trained,pca,test,2,-8.8880701065063477,-6.1273951530456543
trained,pca,test,3,1.5279418230056763,-3.7010886669158936
trained,pca,test,2,2.5118520259857178,5.1697702407836914
trained,pca,test,2,1.5781705379486084,-0.82168400287628174
trained,pca,test,2,8.9741735458374023,-0.24167251586914062
trained,pca,test,2,-3.143406867980957,-4.2850179672241211
trained,pca,test,3,-4.4535360336303711,-4.8679037094116211
trained,pca,test,3,6.8414239883422852,-1.4929287433624268
trained,pca,test,4,-2.3576400279998779,5.8589425086975098
trained,pca,test,4,-4.6205592155456543,3.3906617164611816
trained,pca,test,2,10.719283103942871,-2.8910255432128906
trained,pca,test,2,2.6547865867614746,-0.59664970636367798
trained,pca,test,3,9.7589473724365234,-1.4556599855422974
trained,pca,test,2,7.5901317596435547,2.0806281566619873
trained,pca,test,3,-7.9886226654052734,1.233568549156189
trained,pca,test,2,-0.80946570634841919,-3.4131917953491211
trained,pca,test,2,10.722663879394531,-3.0399529933929443
trained,pca,test,3,0.84286898374557495,-3.007258415222168
trained,pca,test,2,8.9807109832763672,-0.29521104693412781
trained,pca,test,2,7.0000605583190918,3.5357956886291504
trained,pca,test,2,4.5825252532958984,4.6687469482421875
trained,pca,test,3,9.7795867919921875,-1.7928429841995239
trained,pca,test,4,6.8396172523498535,-0.98423075675964355
trained,pca,test,3,-1.9694370031356812,-2.2704167366027832
trained,pca,test,2,-7.7936739921569824,-3.4155187606811523
trained,pca,test,2,-8.1752243041992188,-4.3602871894836426
trained,pca,test,3,7.0139703750610352,1.6637370586395264
trained,pca,test,3,3.8246250152587891,3.0960085391998291
trained,pca,test,3,3.6526632308959961,2.7126944065093994
trained,pca,test,4,-3.3444163799285889,1.4711453914642334
trained,pca,test,3,-1.2835619449615479,1.796945333480835
trained,pca,test,2,-2.6356368064880371,2.4096865653991699
trained,pca,test,2,4.7994675636291504,1.1762839555740356
trained,pca,test,2,3.2553908824920654,3.4744317531585693
trained,pca,test,2,9.1231651306152344,-0.65518403053283691
trained,pca,test,3,-3.9339570999145508,1.3466643095016479
trained,pca,test,3,0.71454548835754395,-2.6457786560058594
trained,pca,test,3,7.7340068817138672,2.5399250984191895
trained,pca,test,2,4.1683306694030762,-1.2252168655395508
trained,pca,test,3,0.28969728946685791,-3.4136052131652832
trained,pca,test,2,-2.2774362564086914,-3.7746262550354004
trained,pca,test,2,-0.40653485059738159,0.14229007065296173
trained,pca,test,3,9.8131322860717773,-1.4003441333770752
trained,pca,test,2,5.3642821311950684,3.5850813388824463
trained,pca,test,4,2.0325496196746826,1.6405777931213379
trained,pca,test,2,-12.686681747436523,0.21883511543273926
trained,pca,test,2,-1.3802006244659424,3.6353456974029541
trained,pca,test,4,-5.2925939559936523,-3.1782526969909668
trained,pca,test,2,-9.8512058258056641,0.45161795616149902
trained,pca,test,2,-7.1086692810058594,0.78951698541641235
trained,pca,test,2,0.50190365314483643,-1.0195832252502441
trained,pca,test,2,-10.997912406921387,-0.61151796579360962
trained,pca,test,2,-8.8006381988525391,-4.0648040771484375
trained,pca,test,2,-5.6944708824157715,-3.4070248603820801
trained,pca,test,4,-12.177406311035156,1.7558975219726562
trained,pca,test,3,0.18862293660640717,0.86647003889083862
trained,pca,test,2,-11.824855804443359,-0.49499610066413879
trained,pca,test,3,2.1580517292022705,7.7067737579345703
trained,pca,test,3,-7.3879022598266602,3.5645604133605957
trained,pca,test,2,3.0388116836547852,7.1868624687194824
trained,pca,test,3,-2.8623533248901367,1.0172063112258911
trained,pca,test,2,8.2318325042724609,-0.71343356370925903
trained,pca,test,2,10.673702239990234,-3.1679441928863525
trained,pca,test,2,-5.5748214721679688,1.5333710908889771
trained,pca,test,2,-10.427534103393555,-1.5152988433837891
trained,pca,test,3,7.854161262512207,-0.71135044097900391
trained,pca,test,3,-2.0031967163085938,-3.4900631904602051
trained,pca,test,2,2.3357605934143066,-0.086373887956142426
trained,pca,test,2,0.42121613025665283,-3.821796178817749
trained,pca,test,3,-8.696807861328125,2.7802505493164062
trained,pca,test,2,-6.6874628067016602,2.7818305492401123
trained,pca,test,4,2.6085853576660156,-1.9659191370010376
trained,pca,test,2,10.003359794616699,-1.3650820255279541
trained,pca,test,3,8.1085586547851562,1.7536817789077759
trained,pca,test,2,3.5026640892028809,-2.6958701610565186
trained,pca,test,3,4.8133034706115723,3.0830509662628174
trained,pca,test,2,-9.5382394790649414,-3.4454360008239746
trained,pca,test,2,-6.2221202850341797,-5.4759993553161621
trained,pca,test,3,-5.926511287689209,-4.6314859390258789
trained,pca,test,3,9.781407356262207,-1.9993401765823364
trained,pca,test,3,7.2122554779052734,-0.77245610952377319
trained,pca,test,2,10.720857620239258,-3.100473165512085
trained,pca,test,2,0.69359242916107178,-3.8753533363342285
trained,pca,test,2,-13.683602333068848,-2.3107466697692871
trained,pca,test,3,-1.9907505512237549,-2.4482426643371582
trained,pca,test,1,-1.5325908660888672,0.68073862791061401
trained,pca,test,2,6.866917610168457,3.2103090286254883
trained,pca,test,3,2.5837349891662598,-1.082500696182251
trained,pca,test,3,-17.718263626098633,0.25926840305328369
trained,pca,test,3,7.5218338966369629,2.7880439758300781
trained,pca,test,2,-5.0339188575744629,-1.9020676612854004
trained,pca,test,2,1.9345428943634033,1.5469549894332886
trained,pca,test,3,8.0816459655761719,1.5860764980316162
trained,pca,test,2,-6.8620119094848633,5.4227604866027832
trained,pca,test,2,-1.9915752410888672,-4.0955018997192383
trained,pca,test,2,3.1719837188720703,6.6951470375061035
trained,pca,test,2,5.164670467376709,-0.58277064561843872
trained,pca,test,2,-18.928695678710938,4.2368021011352539
trained,pca,test,2,-5.0686736106872559,-3.1747360229492188
trained,pca,test,2,10.669172286987305,-3.199915885925293
trained,pca,test,2,4.5103616714477539,4.4696893692016602
trained,pca,test,2,9.4598684310913086,-2.5670626163482666
trained,pca,test,2,-5.1885948181152344,0.87195396423339844
trained,pca,test,1,-6.2499661445617676,3.8403172492980957
trained,pca,test,2,10.719283103942871,-2.8910255432128906
trained,pca,test,3,9.4355392456054688,-1.1350699663162231
trained,pca,test,3,6.5590715408325195,-2.0784111022949219
trained,pca,test,3,2.2338376045227051,1.3268939256668091
trained,pca,test,2,9.2895231246948242,-2.6961288452148438
trained,pca,test,3,-5.4541845321655273,2.3786482810974121
trained,pca,test,3,0.26155245304107666,6.6767158508300781
trained,pca,test,2,4.3674640655517578,6.0961899757385254
trained,pca,test,3,6.7111225128173828,3.1697397232055664
trained,pca,test,2,0.56370794773101807,0.081131309270858765
trained,pca,test,2,-4.9057774543762207,0.23443052172660828
trained,pca,test,2,1.6219552755355835,4.157073974609375
trained,pca,test,2,10.297871589660645,-1.484822154045105
trained,pca,test,2,-3.274223804473877,-4.1357522010803223
trained,pca,test,2,9.3966703414916992,-0.67401582002639771
trained,pca,test,2,-1.2433199882507324,-0.20468445122241974
trained,pca,test,3,-9.4353628158569336,-3.9588067531585693
trained,pca,test,3,9.7503204345703125,-2.3486795425415039
trained,pca,test,3,5.5695056915283203,4.9004430770874023
trained,pca,test,2,-2.8465371131896973,-6.1832170486450195
trained,pca,test,2,-9.5496654510498047,1.5309958457946777
trained,pca,test,3,9.7766666412353516,-1.7407348155975342
trained,pca,test,2,7.7752118110656738,-1.2104568481445312
trained,pca,test,2,-1.3375101089477539,-1.0504627227783203
trained,pca,test,2,-2.2869710922241211,-3.2528600692749023
trained,pca,test,3,-1.0127774477005005,4.173182487487793
trained,pca,test,2,0.40064752101898193,3.258420467376709
trained,pca,test,3,-4.1493186950683594,3.7773151397705078
trained,pca,test,3,2.9441418647766113,-3.0327751636505127
trained,pca,test,2,9.7253875732421875,-1.5881320238113403
trained,pca,test,2,-2.5033140182495117,3.4493498802185059
trained,pca,test,2,-4.9829525947570801,-5.2051835060119629
trained,pca,test,3,2.6836376190185547,1.7965186834335327
trained,pca,test,2,1.6849038600921631,4.2405180931091309
trained,pca,test,2,3.1377801895141602,1.9809679985046387
trained,pca,test,3,8.4195747375488281,0.49541676044464111
trained,pca,test,2,0.71586751937866211,1.9413739442825317
trained,pca,test,2,3.1473302841186523,-5.1425662040710449
trained,pca,test,2,-6.5384020805358887,-4.5290584564208984
trained,pca,test,3,9.7266273498535156,-1.4906234741210938
trained,pca,test,3,6.8242793083190918,0.26137486100196838
trained,pca,test,3,4.9183168411254883,-1.3284083604812622
trained,pca,test,4,-5.5074405670166016,-2.1995358467102051
trained,pca,test,4,-5.1371760368347168,4.2947511672973633
trained,pca,test,2,1.3280800580978394,-1.3045713901519775
trained,pca,test,2,-16.651845932006836,1.5518026351928711
trained,pca,test,3,-4.0345077514648438,3.3347718715667725
trained,pca,test,3,9.7476015090942383,-1.3800221681594849
trained,pca,test,2,-1.483687162399292,3.1233861446380615
trained,pca,test,2,10.380285263061523,-1.9196720123291016
trained,pca,test,3,0.11322632431983948,2.5499267578125
trained,pca,test,3,4.4401931762695312,-1.812748908996582
trained,pca,test,3,-4.1248726844787598,-4.8017868995666504
trained,pca,test,3,-12.274806976318359,1.6590927839279175
trained,pca,test,2,0.11005927622318268,-1.8952640295028687
trained,pca,test,3,9.7343254089355469,-1.4262864589691162
trained,pca,test,3,-10.640073776245117,-4.4176836013793945
trained,pca,test,2,8.9726552963256836,0.29936859011650085
trained,pca,test,3,0.59828299283981323,-3.5173470973968506
trained,pca,test,3,-0.954093337059021,-3.7208704948425293
trained,pca,test,2,3.6144692897796631,-1.3720569610595703
trained,pca,test,2,8.0236358642578125,1.1221503019332886
trained,pca,test,2,0.87199795246124268,-3.2762339115142822
trained,pca,test,3,-0.58385896682739258,-1.960135817527771
trained,pca,test,4,2.5850322246551514,6.7130799293518066
trained,pca,test,3,-2.5502438545227051,-0.20415821671485901
trained,pca,test,3,3.7375762462615967,6.6487703323364258
trained,pca,test,3,-4.2501015663146973,-0.93829870223999023
trained,pca,test,2,3.4169318675994873,-3.5028541088104248
trained,pca,test,3,7.6553621292114258,0.87182456254959106
trained,pca,test,2,10.719283103942871,-2.8910255432128906
trained,pca,test,2,-8.1409645080566406,-2.0562419891357422
trained,pca,test,2,-7.2645812034606934,-0.060512062162160873
trained,pca,test,2,10.729619026184082,-2.8164582252502441
trained,pca,test,3,5.7478194236755371,0.77515530586242676
trained,pca,test,2,1.2375609874725342,3.6710329055786133
trained,pca,test,3,7.6949186325073242,-2.5887126922607422
trained,pca,test,2,-5.2038784027099609,0.17901438474655151
trained,pca,test,2,1.5047886371612549,0.54037308692932129
trained,pca,test,2,10.20067024230957,-2.4425344467163086
trained,pca,test,2,6.9157075881958008,-0.96603554487228394
trained,pca,test,3,-8.5719795227050781,3.125274658203125
trained,pca,test,2,-7.2729959487915039,-3.4148087501525879
trained,pca,test,3,7.8081340789794922,-1.4039868116378784
trained,pca,test,3,-3.2460014820098877,1.5822567939758301
trained,pca,test,2,-7.1311469078063965,-3.1596825122833252
trained,pca,test,1,-16.535488128662109,-4.3070855140686035
trained,pca,test,2,2.5870463848114014,-5.2919979095458984
trained,pca,test,2,5.3031978607177734,-1.6798381805419922
trained,pca,test,3,-0.31806397438049316,3.9583501815795898
trained,pca,test,3,9.835723876953125,-1.0614057779312134
trained,pca,test,3,-7.191680908203125,0.86224609613418579
trained,pca,test,2,0.74459356069564819,5.504450798034668
trained,pca,test,3,9.7614059448242188,-1.440670371055603
trained,pca,test,2,6.8112406730651855,3.7071130275726318
trained,pca,test,2,10.67054557800293,-3.187666654586792
trained,pca,test,2,-10.897965431213379,-2.5096614360809326
trained,pca,test,2,0.083736658096313477,-1.5186941623687744
trained,pca,test,2,0.2481662929058075,1.298310399055481
trained,pca,test,2,-0.75758171081542969,1.9043527841567993
trained,pca,test,2,-1.5349364280700684,0.36692589521408081
trained,pca,test,2,-5.5671100616455078,-0.78477895259857178
trained,pca,test,2,-2.1641137599945068,-3.4916670322418213
trained,pca,test,2,1.7700722217559814,-3.499995231628418
trained,pca,test,2,1.6057229042053223,2.0049710273742676
trained,pca,test,2,-2.241666316986084,1.0470917224884033
trained,pca,test,3,9.7881002426147461,-1.7703783512115479
trained,pca,test,2,-4.4146795272827148,-0.53191840648651123
trained,pca,test,3,-3.2264158725738525,6.885317325592041
trained,pca,test,2,-4.9267349243164062,-0.78327560424804688
trained,pca,test,2,-5.8276138305664062,0.73799556493759155
trained,pca,test,3,-9.0772552490234375,-0.70775759220123291
trained,pca,test,3,-11.898044586181641,-2.6605873107910156
trained,pca,test,2,7.0488648414611816,0.41305756568908691
trained,pca,test,2,7.851020336151123,1.611452579498291
trained,pca,test,3,8.1033096313476562,-0.13025975227355957
trained,pca,test,3,4.9706745147705078,3.0436816215515137
trained,pca,test,3,4.4351716041564941,3.1024398803710938
trained,pca,test,2,10.722663879394531,-3.0399529933929443
trained,pca,test,2,6.8655681610107422,2.3070597648620605
trained,pca,test,3,2.907073974609375,-2.5023872852325439
trained,pca,test,2,8.1628398895263672,-0.78783321380615234
trained,pca,test,2,1.4107671976089478,5.113588809967041
trained,pca,test,2,-1.2340933084487915,3.9423573017120361
trained,pca,test,2,5.4567804336547852,-0.42153695225715637
trained,pca,test,3,-5.7083339691162109,0.88938701152801514
trained,pca,test,2,10.669172286987305,-3.199915885925293
trained,pca,test,3,6.1850132942199707,4.2965259552001953
trained,pca,test,2,-1.353848934173584,2.4331450462341309
trained,pca,test,2,0.83295893669128418,-4.1376910209655762
trained,pca,test,3,-10.97120475769043,4.4015836715698242
trained,pca,test,3,-6.6979799270629883,-4.5316739082336426
trained,pca,test,2,5.1783199310302734,-4.8856258392333984
trained,pca,test,2,5.4735813140869141,-2.6156995296478271
trained,pca,test,2,-0.88277369737625122,-3.9062104225158691
trained,pca,test,2,-7.5049843788146973,4.1981182098388672
trained,pca,test,2,-11.48969554901123,2.9255068302154541
trained,pca,test,3,0.97367995977401733,1.1978962421417236
trained,pca,test,1,-2.827913761138916,0.30471467971801758
trained,pca,test,3,-10.548101425170898,3.0677359104156494
trained,pca,test,2,-5.486720085144043,-0.19042482972145081
trained,pca,test,2,9.9412860870361328,-1.425875186920166
trained,pca,test,4,8.3393898010253906,1.1086457967758179
trained,pca,test,3,8.4260101318359375,1.2452743053436279
trained,pca,test,2,3.8140249252319336,4.3265485763549805
trained,pca,test,3,9.7950534820556641,-1.780192494392395
trained,pca,test,2,1.6448972225189209,1.4873546361923218
trained,pca,test,2,-17.462688446044922,1.7972506284713745
trained,pca,test,3,-7.1396541595458984,-0.94310498237609863
trained,pca,test,2,-1.3275245428085327,1.2140522003173828
trained,pca,test,2,8.0202131271362305,-1.3664581775665283
trained,pca,test,2,-8.8889703750610352,-2.7727904319763184
trained,pca,test,3,-5.2943439483642578,3.1751265525817871
trained,pca,test,2,-1.6504628658294678,-2.257765531539917
trained,pca,test,2,1.5527371168136597,-1.7598226070404053
trained,pca,test,3,9.2241706848144531,0.18005383014678955
trained,pca,test,2,-0.67364859580993652,3.7453584671020508
trained,pca,test,2,4.7554655075073242,-2.6798300743103027
trained,pca,test,2,-9.8629951477050781,1.9571182727813721
trained,pca,test,3,-3.0305078029632568,-4.5862765312194824
trained,pca,test,3,-1.6917225122451782,-1.1419745683670044
trained,pca,test,2,-2.2959189414978027,-5.1428689956665039
trained,pca,test,2,-0.23880754411220551,2.7705624103546143
trained,pca,test,4,8.8558177947998047,-0.24016699194908142
trained,pca,test,3,0.17544619739055634,3.7296314239501953
trained,pca,test,3,2.6549241542816162,3.4332351684570312
trained,pca,test,3,3.9308385848999023,-1.0436396598815918
trained,pca,test,2,9.8188819885253906,-1.0983465909957886
trained,pca,test,2,-4.5632076263427734,-5.9167594909667969
trained,pca,test,2,-9.4395637512207031,3.1801266670227051
trained,pca,test,2,-10.810750961303711,1.6157020330429077
trained,pca,test,2,-9.2025547027587891,1.4278013706207275
trained,pca,test,3,9.4878463745117188,-1.5017881393432617
trained,pca,test,2,7.4730238914489746,1.9852302074432373
trained,pca,test,3,7.7781939506530762,0.7184673547744751
trained,pca,test,2,-7.3646316528320312,-0.13629776239395142
trained,pca,test,2,10.724679946899414,-3.0761063098907471
trained,pca,test,2,-10.157398223876953,1.7494453191757202
trained,pca,test,2,-5.6349601745605469,-2.9220337867736816
trained,pca,test,2,7.7736077308654785,2.939110279083252
trained,pca,test,3,-2.0729320049285889,5.6303081512451172
trained,pca,test,2,-8.5646266937255859,0.44014489650726318
trained,pca,test,2,-2.6409134864807129,-0.94386082887649536
trained,pca,test,2,-8.4636669158935547,-0.8861846923828125
trained,pca,test,2,-2.895188570022583,0.016988525167107582
trained,pca,test,2,-4.074333667755127,-2.5004448890686035
trained,pca,test,3,-2.9186038970947266,0.29914471507072449
trained,pca,test,2,-12.112410545349121,0.80390596389770508
trained,pca,test,3,-7.9094066619873047,1.6312131881713867
trained,pca,test,3,-0.39867305755615234,0.46007150411605835
trained,pca,test,2,-0.46632611751556396,0.042310003191232681
trained,pca,test,2,-4.774752140045166,1.0232369899749756
trained,pca,test,2,10.732830047607422,-2.7973265647888184
trained,pca,test,3,-6.5875558853149414,-4.9989261627197266
trained,pca,test,3,1.4242901802062988,1.914973258972168
trained,pca,test,2,-2.6280605792999268,-5.8045868873596191
trained,pca,test,3,4.5270843505859375,5.5109853744506836
trained,pca,test,2,-2.1747722625732422,-4.4515867233276367
trained,pca,test,2,-6.1929101943969727,-0.78898465633392334
trained,pca,test,3,9.7759628295898438,-1.7381350994110107
trained,pca,test,3,6.6689062118530273,1.5119377374649048
trained,pca,test,3,-9.2915582656860352,4.7614812850952148
trained,pca,test,3,9.7245388031005859,-2.3685545921325684
trained,pca,test,2,2.6025795936584473,1.1880143880844116
trained,pca,test,2,10.722663879394531,-3.0399529933929443
trained,pca,test,3,-4.6217489242553711,-2.0865194797515869
trained,pca,test,2,-0.083059370517730713,2.2710142135620117
trained,pca,test,2,6.547755241394043,-3.164402961730957
trained,pca,test,2,10.729619026184082,-2.8164582252502441
trained,pca,test,3,-3.32521653175354,5.8470768928527832
trained,pca,test,2,3.3576641082763672,0.63310456275939941
trained,pca,test,3,9.6985244750976562,-1.4541007280349731
trained,pca,test,3,-7.3284368515014648,6.3653478622436523
trained,pca,test,2,5.5682611465454102,1.2823524475097656
trained,pca,test,2,-3.1452827453613281,1.5630269050598145
trained,pca,test,2,4.4558849334716797,-0.22291302680969238
trained,pca,test,3,7.6677851676940918,1.9913210868835449
trained,pca,test,2,9.1751327514648438,-0.11622285097837448
trained,pca,test,2,-14.933382034301758,-2.5406327247619629
trained,pca,test,3,2.8564248085021973,-3.4586055278778076
trained,pca,test,2,7.978116512298584,1.2542753219604492
trained,pca,test,3,9.8006582260131836,-1.7803037166595459
trained,pca,test,3,9.7297878265380859,-1.4530256986618042
trained,pca,test,2,-15.957883834838867,-0.1112593337893486
trained,pca,test,2,1.0128295421600342,2.3599007129669189
trained,pca,test,3,-2.309445858001709,0.27638420462608337
trained,pca,test,2,-2.1160848140716553,2.1368687152862549
trained,pca,test,2,-0.84166663885116577,4.4589452743530273
trained,pca,test,3,9.7689619064331055,-2.0153179168701172
trained,pca,test,2,4.074002742767334,1.3324260711669922
trained,pca,test,3,6.3656110763549805,2.0080385208129883
trained,pca,test,2,-3.5643982887268066,-5.6289587020874023
trained,pca,test,2,-3.7745480537414551,-0.2818254828453064
trained,pca,test,3,-5.5190925598144531,-1.3697493076324463
trained,pca,test,2,-9.0921535491943359,2.4907088279724121
trained,pca,test,2,-2.067206859588623,-5.7344522476196289
trained,pca,test,2,-7.8702611923217773,1.5854921340942383
trained,pca,test,3,0.90507364273071289,3.9869818687438965
trained,pca,test,3,8.0381498336791992,0.015373443253338337
trained,pca,test,4,8.8529090881347656,-0.49355274438858032
trained,pca,test,2,6.2937054634094238,4.0184640884399414
trained,pca,test,2,3.1234164237976074,5.4126558303833008
trained,pca,test,3,-5.1250410079956055,5.3054971694946289
trained,pca,test,3,1.682347297668457,3.7794690132141113
trained,pca,test,2,10.669172286987305,-3.199915885925293
trained,pca,test,3,-2.052741527557373,1.2346799373626709
trained,pca,test,2,-16.557184219360352,1.123692512512207
trained,pca,test,2,-12.947850227355957,-3.4415414333343506
trained,pca,test,2,8.4565639495849609,1.2219682931900024
trained,pca,test,3,8.6051082611083984,-2.5339207649230957
trained,pca,test,2,7.7196898460388184,1.1199510097503662
trained,pca,test,2,-13.776871681213379,-1.5447478294372559
trained,pca,test,3,-5.6977391242980957,5.0825443267822266
trained,pca,test,2,4.4705204963684082,6.469184398651123
trained,pca,test,2,-14.619609832763672,-1.7257027626037598
trained,pca,test,3,4.8048415184020996,-1.4961743354797363
trained,pca,test,3,-14.927707672119141,2.612898588180542
trained,pca,test,3,9.7692928314208984,-2.2435975074768066
trained,pca,test,3,8.3840217590332031,1.2002121210098267
trained,pca,test,2,2.4668903350830078,2.673255443572998
trained,pca,test,2,0.91715812683105469,1.7148588895797729
trained,pca,test,2,7.3689446449279785,1.8012313842773438
trained,pca,test,3,9.8097496032714844,-1.1061439514160156
trained,pca,test,2,-2.530787467956543,-1.9337394237518311
trained,pca,test,2,-5.4940013885498047,-0.68530863523483276
trained,pca,test,2,-12.855005264282227,-3.8886275291442871
trained,pca,test,3,3.5590877532958984,3.0506711006164551
trained,pca,test,3,1.5174208879470825,-3.644845724105835
trained,pca,test,3,1.2149121761322021,4.9948873519897461
trained,pca,test,3,-9.3630237579345703,0.97553133964538574
trained,pca,test,3,4.3461618423461914,-1.5245269536972046
trained,pca,test,2,4.8159017562866211,-1.5129299163818359
trained,pca,test,3,-7.0507602691650391,-5.1022434234619141
trained,pca,test,2,10.717061042785645,-2.9416980743408203
trained,pca,test,2,9.9196128845214844,-1.433371901512146
trained,pca,test,3,-13.304660797119141,-0.63304096460342407
trained,pca,test,2,-2.9117143154144287,-0.52444767951965332
trained,pca,test,3,-1.289039134979248,0.65104186534881592
trained,pca,test,2,-2.1067352294921875,-3.0961461067199707
trained,pca,test,2,-9.6533060073852539,-1.7046598196029663
trained,pca,test,2,-6.2348823547363281,1.1232527494430542
trained,pca,test,2,-5.015803337097168,0.6898987889289856
trained,pca,test,2,-11.94788646697998,-0.41998583078384399
trained,pca,test,2,5.7662205696105957,1.5398677587509155
trained,pca,test,2,10.655889511108398,-3.240947961807251
trained,pca,test,2,-3.5020461082458496,-2.7009267807006836
trained,pca,test,2,9.3489484786987305,-3.5493266582489014
trained,pca,test,3,-2.5275301933288574,-4.3019332885742188
trained,pca,test,2,-8.8930759429931641,-4.8221220970153809
trained,pca,test,3,2.3415508270263672,-3.3596153259277344
trained,pca,test,2,5.3913669586181641,-0.57361495494842529
trained,pca,test,2,5.9774589538574219,-2.3325490951538086
trained,pca,test,2,-9.5636348724365234,-4.4971585273742676
trained,pca,test,3,-4.6503372192382812,-0.5633014440536499
trained,pca,test,3,9.7385768890380859,-1.7927693128585815
trained,pca,test,4,8.8412551879882812,-0.087059430778026581
trained,pca,test,4,-12.987689971923828,4.390594482421875
trained,pca,test,2,-0.31040143966674805,-0.35200303792953491
trained,pca,test,2,10.722663879394531,-3.0399529933929443
trained,pca,test,3,-3.8402855396270752,-2.1349754333496094
trained,pca,test,3,1.0352644920349121,2.9948170185089111
trained,pca,test,2,1.3597820997238159,4.0469179153442383
trained,pca,test,2,2.4904923439025879,5.2126712799072266
trained,pca,test,3,7.1012730598449707,0.95407450199127197
trained,pca,test,2,0.97520017623901367,4.2000312805175781
trained,pca,test,2,-11.912664413452148,2.1972596645355225
trained,pca,test,3,7.2314963340759277,-0.51655101776123047
trained,pca,test,3,4.7443923950195312,-3.1393895149230957
trained,pca,test,2,-4.9767465591430664,7.3259592056274414
trained,pca,test,2,-6.5633344650268555,-0.67119026184082031
trained,pca,test,3,6.5251832008361816,3.1478214263916016
trained,pca,test,2,0.52085870504379272,-1.3121906518936157
trained,pca,test,2,-2.612607479095459,-2.6235687732696533
trained,pca,test,3,-3.1997294425964355,-0.67880457639694214
trained,pca,test,3,-0.81584900617599487,0.88420230150222778
trained,pca,test,2,10.682027816772461,-3.1468424797058105
trained,pca,test,2,2.3234484195709229,-1.6316177845001221
trained,pca,test,2,-3.1755218505859375,-1.6790904998779297
trained,pca,test,2,-11.977301597595215,0.29803591966629028
trained,pca,test,3,-4.863466739654541,-0.47398903965950012
trained,pca,test,3,-0.0029703562613576651,-0.44158977270126343
trained,pca,test,2,-17.881351470947266,-0.79260659217834473
trained,pca,test,2,1.4710037708282471,-3.623197078704834
trained,pca,test,3,-4.994114875793457,4.4167985916137695
trained,pca,test,3,8.4251270294189453,-0.5288395881652832
trained,pca,test,2,1.7757865190505981,-4.9719343185424805
trained,pca,test,3,0.66700851917266846,0.021000450477004051
trained,pca,test,2,6.8800272941589355,3.8436679840087891
trained,pca,test,2,7.2832870483398438,0.62886381149291992
trained,pca,test,3,1.5408444404602051,0.7786555290222168
trained,pca,test,2,-13.282089233398438,1.1784869432449341
trained,pca,test,2,10.601367950439453,-2.5929079055786133
trained,pca,test,2,-4.4360475540161133,-4.7819910049438477
trained,pca,test,2,1.0706768035888672,-3.873013973236084
trained,pca,test,2,-2.2805337905883789,0.75394695997238159
trained,pca,test,2,-3.3602581024169922,-0.083773694932460785
trained,pca,test,2,-10.086953163146973,1.5126485824584961
trained,pca,test,2,-1.2295025587081909,-4.993922233581543
trained,pca,test,4,8.1274042129516602,-0.9724576473236084
trained,pca,test,2,7.949613094329834,2.0160753726959229
trained,pca,test,3,-3.8690516948699951,0.49496465921401978
trained,pca,test,2,-11.434839248657227,0.99285662174224854
trained,pca,test,2,-4.568422794342041,-5.4012584686279297
trained,pca,test,2,2.5330245494842529,-5.351097583770752
trained,pca,test,3,-7.3087434768676758,2.2268691062927246
trained,pca,test,2,10.722663879394531,-3.0399529933929443
trained,pca,test,2,-0.72295963764190674,6.616325855255127
trained,pca,test,3,-5.5344448089599609,-3.7812860012054443
trained,pca,test,2,-9.6791782379150391,5.4512410163879395
trained,pca,test,3,9.7730894088745117,-1.7546379566192627
trained,pca,test,2,4.696533203125,4.4513120651245117
trained,pca,test,2,5.593841552734375,3.7947385311126709
trained,pca,test,3,-8.9651165008544922,-2.1413507461547852
trained,pca,test,4,0.3786386251449585,6.8986024856567383
trained,pca,test,3,3.3076906204223633,-1.3694932460784912
trained,pca,test,2,-2.8948168754577637,-5.1778340339660645
trained,pca,test,3,7.3426790237426758,-0.45648097991943359
trained,pca,test,2,3.2768418788909912,5.2479352951049805
trained,pca,test,2,3.0182247161865234,-1.3455624580383301
trained,pca,test,3,9.7652454376220703,-1.3985131978988647
trained,pca,test,2,3.7524499893188477,-3.0368356704711914
trained,pca,test,3,-17.914314270019531,3.4323301315307617
trained,pca,test,2,3.2048854827880859,0.35756587982177734
trained,pca,test,3,-3.1129446029663086,4.4981417655944824
trained,pca,test,4,-7.8053874969482422,-1.1079434156417847
trained,pca,test,3,-12.819040298461914,-0.14188468456268311
trained,pca,test,4,1.9328725337982178,-1.9951126575469971
trained,pca,test,3,6.6022815704345703,0.049586299806833267
trained,pca,test,3,-11.745349884033203,0.90522056818008423
trained,pca,test,3,-15.268942832946777,2.3160974979400635
trained,pca,test,2,0.1518784761428833,-1.3613938093185425
trained,pca,test,2,3.2144851684570312,-1.1679538488388062
trained,pca,test,2,-3.6688179969787598,-3.7019872665405273
trained,pca,test,2,0.089740738272666931,-0.64060890674591064
trained,pca,test,2,10.669172286987305,-3.199915885925293
trained,pca,test,2,4.0235581398010254,-2.9568576812744141
trained,pca,test,3,6.7968635559082031,0.69985413551330566
trained,pca,test,2,-0.50751739740371704,1.8491535186767578
trained,pca,test,2,1.5888079404830933,-3.4128439426422119
trained,pca,test,2,-2.5887665748596191,-0.044722836464643478
trained,pca,test,2,-1.8966844081878662,-3.6250505447387695
trained,pca,test,2,-16.874275207519531,-1.7846653461456299
trained,pca,test,2,3.7937474250793457,3.760502815246582
trained,pca,test,2,-0.71843624114990234,2.6743931770324707
trained,pca,test,2,-8.5109176635742188,-3.1289863586425781
trained,pca,test,2,-7.9090056419372559,-3.0972046852111816
trained,pca,test,3,8.1195573806762695,2.2878899574279785
trained,pca,test,3,1.5896130800247192,-1.010887622833252
trained,pca,test,3,7.1396617889404297,2.093268871307373
trained,pca,test,2,-8.7749042510986328,4.3271207809448242
trained,pca,test,2,-1.1984115839004517,0.62800413370132446
trained,pca,test,2,-2.5080924034118652,-4.1583542823791504
trained,pca,test,3,-8.0773105621337891,-0.28542912006378174
trained,pca,test,2,6.3653421401977539,3.6836166381835938
trained,pca,test,3,8.2905855178833008,0.16485089063644409
trained,pca,test,3,-2.954106330871582,-4.621039867401123
trained,pca,test,3,0.49236029386520386,3.8753323554992676
trained,pca,test,2,-2.7913732528686523,4.6930446624755859
trained,pca,test,2,3.6880898475646973,-0.8964698314666748
trained,pca,test,2,-2.2297534942626953,-4.1729950904846191
trained,pca,test,2,-3.7574353218078613,-2.0425968170166016
trained,pca,test,2,-5.2332820892333984,2.1919488906860352
trained,pca,test,2,8.6867141723632812,1.623289942741394
trained,pca,test,3,0.27033513784408569,1.4407284259796143
trained,pca,test,2,-15.491491317749023,-4.2212409973144531
trained,pca,test,2,9.3815879821777344,-0.20065400004386902
trained,pca,test,2,-1.1416341066360474,4.2989273071289062
trained,pca,test,2,-6.0592012405395508,1.6394436359405518
trained,pca,test,2,-12.95742130279541,-3.8634629249572754
trained,pca,test,2,4.1651177406311035,2.3228821754455566
trained,pca,test,2,4.4334907531738281,0.48423728346824646
trained,pca,test,2,10.724348068237305,-2.8478288650512695
trained,pca,test,2,-1.0127919912338257,-2.5802750587463379
trained,pca,test,2,4.091728687286377,2.6151809692382812
trained,pca,test,2,1.1453367471694946,-4.8990077972412109
trained,pca,test,2,7.6347603797912598,2.6391623020172119
trained,pca,test,2,-6.2665786743164062,-1.3223972320556641
trained,pca,test,3,-1.7434334754943848,4.318061351776123
trained,pca,test,2,7.404698371887207,-2.0581135749816895
trained,pca,test,4,8.7992801666259766,-0.098446778953075409
trained,pca,test,2,10.722663879394531,-3.0399529933929443
trained,pca,test,2,6.9841823577880859,3.4787125587463379
trained,pca,test,3,-1.8898744583129883,-3.8831281661987305
trained,pca,test,2,7.7873029708862305,2.1926326751708984
trained,pca,test,2,10.732830047607422,-2.7973265647888184
trained,pca,test,2,10.66456413269043,-3.3599958419799805
trained,pca,test,3,0.31742775440216064,-3.9145920276641846
trained,pca,test,4,3.3369760513305664,-0.15253189206123352
trained,pca,test,2,3.5890276432037354,5.2794275283813477
trained,pca,test,3,-5.9242911338806152,3.0041906833648682
trained,pca,test,3,9.7833833694458008,-1.8404293060302734
trained,pca,test,2,-12.843095779418945,-4.9312601089477539
trained,pca,test,3,8.5251426696777344,1.2220962047576904
trained,pca,test,3,-3.3753161430358887,-1.2186579704284668
trained,pca,test,2,-8.4225759506225586,1.5191479921340942
trained,pca,test,2,-0.43253931403160095,4.9442520141601562
trained,pca,test,2,4.1758370399475098,5.4453334808349609
trained,pca,test,3,5.7953815460205078,-1.7889251708984375
trained,pca,test,2,6.7580909729003906,-2.8549363613128662
trained,pca,test,3,2.5296740531921387,0.80113643407821655
trained,pca,test,2,8.616180419921875,-1.0674519538879395
trained,pca,test,3,7.0960121154785156,2.6632723808288574
trained,pca,test,3,9.6301069259643555,-0.89403337240219116
trained,pca,test,2,-11.442150115966797,0.8823893666267395
trained,pca,test,3,-10.129858016967773,-1.7319457530975342
trained,pca,test,3,9.7161750793457031,-2.5896675586700439
trained,pca,test,2,6.2276082038879395,-0.74441719055175781
trained,pca,test,2,1.8822633028030396,5.780576229095459
trained,pca,test,3,1.3098057508468628,0.77073442935943604
trained,pca,test,2,-4.5953235626220703,-2.3478760719299316
trained,pca,test,3,-8.9834985733032227,4.3158779144287109
trained,pca,test,2,8.6411323547363281,1.3463718891143799
trained,pca,test,2,-2.5991430282592773,-3.5480048656463623
trained,pca,test,2,-6.6872138977050781,2.2173166275024414
trained,pca,test,4,2.0819315910339355,2.2598443031311035
trained,pca,test,2,5.5027132034301758,4.3885421752929688
trained,pca,test,2,-5.5242538452148438,-5.6971354484558105
trained,pca,test,2,10.732830047607422,-2.7973265647888184
trained,pca,test,2,-4.6025238037109375,-5.8029079437255859
trained,pca,test,2,2.5654382705688477,1.335273265838623
trained,pca,test,2,7.0164065361022949,2.4839093685150146
trained,pca,test,2,-5.4469785690307617,-4.3439340591430664
trained,pca,test,3,8.9360332489013672,1.2616550922393799
trained,pca,test,2,-5.1230630874633789,2.018268346786499
trained,pca,test,2,-5.6509866714477539,-1.2364953756332397
trained,pca,test,3,4.5037689208984375,5.8262147903442383
trained,pca,test,2,4.0957522392272949,4.409489631652832
trained,pca,test,2,-7.5826635360717773,0.76253736019134521
trained,pca,test,2,4.1565971374511719,0.25293928384780884
trained,pca,test,3,-2.2496590614318848,4.8289413452148438
trained,pca,test,4,4.7719278335571289,1.7037603855133057
trained,pca,test,3,-9.8875770568847656,-0.062546543776988983
trained,pca,test,3,0.7501329779624939,3.1678805351257324
trained,pca,test,2,7.442082405090332,3.2705392837524414
trained,pca,test,2,2.440269947052002,2.5231027603149414
trained,pca,test,2,1.123695969581604,-1.0691908597946167
trained,pca,test,2,2.8749024868011475,3.5371482372283936
trained,pca,test,1,-15.780635833740234,-3.3366289138793945
trained,pca,test,2,-2.4865384101867676,4.7027864456176758
trained,pca,test,3,-1.8188070058822632,0.97329485416412354
trained,pca,test,3,5.1745548248291016,4.7347431182861328
trained,pca,test,2,-2.6521785259246826,-1.5821659564971924
trained,pca,test,2,1.3172833919525146,0.2677777111530304
trained,pca,test,2,10.717061042785645,-2.9416980743408203
trained,pca,test,2,0.28895723819732666,5.0741739273071289
trained,pca,test,1,-7.2549047470092773,-4.3111553192138672
trained,pca,test,1,-2.5324997901916504,3.5754914283752441
trained,pca,test,2,-3.0288324356079102,-2.9369747638702393
trained,pca,test,4,-2.043687105178833,1.9831502437591553
trained,pca,test,2,5.9992332458496094,-0.37436532974243164
trained,pca,test,3,9.7526378631591797,-1.5251562595367432
trained,pca,test,2,-0.98488807678222656,2.9108037948608398
trained,pca,test,2,5.9919075965881348,2.6827213764190674
trained,pca,test,3,7.071965217590332,-0.40900701284408569
trained,pca,test,2,-5.940424919128418,-2.4816451072692871
trained,pca,test,2,-5.881831169128418,-2.7243866920471191
trained,pca,test,2,1.8868827819824219,3.1683988571166992
trained,pca,test,3,-4.7268924713134766,-4.5325908660888672
trained,pca,test,4,-5.6584353446960449,2.6471388339996338
trained,pca,test,2,7.8872389793395996,2.2741572856903076
trained,pca,test,2,4.4697976112365723,1.9443624019622803
trained,pca,test,2,10.673702239990234,-3.1679441928863525
trained,pca,test,3,7.3830909729003906,1.6001513004302979
trained,pca,test,2,-11.938350677490234,-0.1366506814956665
trained,pca,test,2,3.7510850429534912,3.4808602333068848
trained,pca,test,2,2.9665188789367676,0.88246971368789673
trained,pca,test,2,-7.4258723258972168,1.353118896484375
trained,pca,test,3,-11.773994445800781,4.3764901161193848
trained,pca,test,3,9.7829742431640625,-1.6850744485855103
trained,pca,test,3,6.7136259078979492,3.8688158988952637
trained,pca,test,2,9.8647308349609375,-0.38231319189071655
trained,pca,test,2,-3.9376606941223145,-6.2675552368164062
trained,pca,test,3,9.7708778381347656,-1.906551718711853
trained,pca,test,2,3.6419448852539062,-0.27526980638504028
trained,pca,test,2,-5.8352108001708984,-5.8154630661010742
trained,pca,test,3,3.6329009532928467,-0.63599824905395508
trained,pca,test,2,4.2407560348510742,4.0724201202392578
trained,pca,test,2,-9.7927122116088867,-4.6656618118286133
trained,pca,test,2,-0.31717339158058167,2.2981843948364258
trained,pca,test,3,6.0481090545654297,2.6124696731567383
trained,pca,test,2,3.3994684219360352,1.8292289972305298
trained,pca,test,3,-2.5639002323150635,-3.8974988460540771
trained,pca,test,2,3.1244399547576904,-4.8144598007202148
trained,pca,test,2,-18.411373138427734,3.7020716667175293
trained,pca,test,3,-9.3711376190185547,5.2666950225830078
trained,pca,test,2,-6.4683127403259277,-1.2222063541412354
trained,pca,test,2,0.08268912136554718,-3.436333179473877
trained,pca,test,2,9.0324726104736328,0.35408133268356323
trained,pca,test,3,9.7680025100708008,-1.4258354902267456
trained,pca,test,2,-0.2755838930606842,-2.9852828979492188
trained,pca,test,2,2.3605132102966309,0.90886235237121582
trained,pca,test,2,10.724348068237305,-2.8478288650512695
trained,pca,test,3,9.7532444000244141,-1.7314172983169556
trained,pca,test,2,0.45669406652450562,-5.8593320846557617
trained,pca,test,3,-1.4533889293670654,-3.197516918182373
trained,pca,test,3,9.7870197296142578,-1.3603112697601318
trained,pca,test,2,10.095371246337891,-1.1696510314941406
trained,pca,test,3,-1.7911974191665649,2.6795899868011475
trained,pca,test,2,4.491551399230957,-4.3162574768066406
trained,pca,test,2,-8.4903621673583984,-4.836555004119873
trained,pca,test,2,6.8008947372436523,0.67174053192138672
trained,pca,test,2,-7.5560779571533203,7.3294405937194824
trained,pca,test,3,-2.1895389556884766,3.9180021286010742
trained,pca,test,4,-0.63037866353988647,-0.13429561257362366
trained,pca,test,2,-7.9591188430786133,3.395876407623291
trained,pca,test,2,3.9958148002624512,1.7356135845184326
trained,pca,test,2,-17.488424301147461,0.46022415161132812
trained,pca,test,2,1.0176190137863159,-0.15278369188308716
trained,pca,test,2,-4.9052653312683105,-4.2682962417602539
trained,pca,test,3,3.9211807250976562,6.2289247512817383
trained,pca,test,3,7.4535946846008301,-1.4199154376983643
trained,pca,test,1,1.4538103342056274,7.1913113594055176
trained,pca,test,2,-12.119014739990234,-6.5878791809082031
trained,pca,test,3,9.8179092407226562,-1.762203574180603
trained,pca,test,2,8.0343818664550781,1.4520339965820312
trained,pca,test,2,-11.552734375,2.0532128810882568
trained,pca,test,2,-4.6087121963500977,-5.5621447563171387
trained,pca,test,3,6.1638035774230957,-1.3010116815567017
trained,pca,test,2,3.3755593299865723,-3.6598584651947021
trained,pca,test,2,-1.8287177085876465,-1.0036115646362305
trained,pca,test,2,-3.6056725978851318,6.5723552703857422
trained,pca,test,2,2.2480530738830566,1.17021644115448
trained,pca,test,2,-9.7082118988037109,4.2552967071533203
trained,pca,test,2,-1.1684812307357788,0.75907975435256958
trained,pca,test,2,10.690376281738281,-3.4696793556213379
trained,pca,test,2,-10.025413513183594,-3.9138388633728027
trained,pca,test,3,3.7651500701904297,6.792849063873291
trained,pca,test,2,-5.9989871978759766,0.97030162811279297
trained,pca,test,2,10.695476531982422,-3.1297421455383301
trained,pca,test,2,4.3232326507568359,1.87883460521698
trained,pca,test,3,2.6223864555358887,1.0687491893768311
trained,pca,test,3,-10.25998592376709,0.96174383163452148
trained,pca,test,3,-6.6390352249145508,4.8487281799316406
trained,pca,test,3,2.1175000667572021,1.880329966545105
trained,pca,test,1,-8.030238151550293,-6.6633939743041992
trained,pca,test,3,3.4132132530212402,4.7714252471923828
trained,pca,test,2,-8.2460823059082031,-4.6635890007019043
trained,pca,test,2,-10.866312980651855,-1.9158502817153931
trained,pca,test,2,2.811164379119873,0.2539195716381073
trained,pca,test,3,-3.7354307174682617,-0.17243877053260803
trained,pca,test,3,6.6462464332580566,2.2266499996185303
trained,pca,test,2,-12.80420970916748,3.5786495208740234
trained,pca,test,4,-1.1917382478713989,3.1999266147613525
trained,pca,test,2,-18.528276443481445,1.9877209663391113
trained,pca,test,2,6.3675274848937988,3.7896895408630371
trained,pca,test,3,8.0881996154785156,1.0743391513824463
trained,pca,test,2,1.6223201751708984,0.62323641777038574
trained,pca,test,3,9.7364730834960938,-1.4985952377319336
trained,pca,test,2,-10.462430953979492,-2.2818608283996582
trained,pca,test,4,7.9415669441223145,0.56361037492752075
trained,pca,test,2,1.1181763410568237,4.5396623611450195
trained,pca,test,3,-15.29102897644043,-1.6309691667556763
trained,pca,test,2,-0.69878268241882324,1.0168251991271973
trained,pca,test,2,-1.9836877584457397,-5.5451078414916992
trained,pca,test,4,1.897911548614502,0.60228198766708374
trained,pca,test,3,9.7727737426757812,-2.2793292999267578
trained,pca,test,2,0.17139442265033722,-1.3995180130004883
trained,pca,test,2,3.7725663185119629,-0.95170128345489502
trained,pca,test,2,-8.2284164428710938,3.2357535362243652
trained,pca,test,2,-6.8590536117553711,3.6098225116729736
trained,pca,test,2,6.7738780975341797,0.57127761840820312
trained,pca,test,3,7.263740062713623,1.1033604145050049
trained,pca,test,2,2.5343518257141113,0.25842297077178955
trained,pca,test,4,7.0286417007446289,-0.43977689743041992
trained,pca,test,2,10.66456413269043,-3.3599958419799805
trained,pca,test,2,-1.4046144485473633,-1.6000497341156006
trained,pca,test,2,-1.4149549007415771,-4.9625015258789062
trained,pca,test,2,10.042132377624512,-2.9562816619873047
trained,pca,test,3,-7.6087908744812012,-1.3822758197784424
trained,pca,test,2,2.9209432601928711,3.3051824569702148
trained,pca,test,2,-11.933511734008789,-1.0895798206329346
trained,pca,test,2,6.5412259101867676,1.5473647117614746
trained,pca,test,2,7.0627074241638184,0.34125968813896179
trained,pca,test,2,5.2169523239135742,1.4599777460098267
trained,pca,test,1,-10.617551803588867,0.61189615726470947
trained,pca,test,2,5.5812644958496094,1.5802167654037476
trained,pca,test,3,5.2133674621582031,-0.64739030599594116
trained,pca,test,2,4.9769687652587891,1.7873091697692871
trained,pca,test,4,-0.87764137983322144,-1.5252447128295898
trained,pca,test,2,0.063435837626457214,-5.107945442199707
trained,pca,test,3,6.3135910034179688,2.9923105239868164
trained,pca,test,3,9.7596359252929688,-1.5565090179443359
trained,pca,test,1,1.7749433517456055,6.3143668174743652
trained,pca,test,2,2.3450446128845215,1.4032526016235352
trained,pca,test,2,6.3818683624267578,-0.3673018217086792
trained,pca,test,1,-6.0366764068603516,4.5170879364013672
trained,pca,test,3,-1.4186071157455444,5.3839917182922363
trained,pca,test,2,-10.803840637207031,0.46625816822052002
trained,pca,test,2,3.0787589550018311,-4.2004499435424805
trained,pca,test,2,0.69164764881134033,4.3752861022949219
trained,pca,test,3,-10.101058959960938,-1.7818200588226318
trained,pca,test,2,-3.2745089530944824,0.72341889142990112
trained,pca,test,2,7.8658943176269531,-3.0811796188354492
trained,pca,test,2,7.7909536361694336,2.351799488067627
trained,pca,test,3,6.5592031478881836,0.35352924466133118
trained,pca,test,4,3.9607341289520264,6.2539987564086914
trained,pca,test,2,-4.2571620941162109,1.6168292760848999
trained,pca,test,3,2.6711554527282715,3.2186074256896973
trained,pca,test,3,-12.670839309692383,-4.7884340286254883
trained,pca,test,3,4.0969061851501465,3.0377612113952637
trained,pca,test,2,-3.7623658180236816,2.6636123657226562
trained,pca,test,3,3.8452842235565186,2.3077621459960938
trained,pca,test,3,-4.4132709503173828,-4.8406486511230469
trained,pca,test,3,-7.0602493286132812,-1.4464502334594727
trained,pca,test,2,-0.89997982978820801,0.33677151799201965
trained,pca,test,3,8.2555732727050781,1.4679300785064697
trained,pca,test,2,-3.1200137138366699,-0.21448805928230286
trained,pca,test,2,-7.2288446426391602,0.68708670139312744
trained,pca,test,2,6.9094133377075195,1.316622257232666
trained,pca,test,2,3.5728826522827148,-0.75321143865585327
trained,pca,test,3,8.7887115478515625,0.81516951322555542
trained,pca,test,2,4.4006361961364746,3.0800371170043945
trained,pca,test,3,9.3373870849609375,-0.28417420387268066
trained,pca,test,2,0.77267229557037354,4.3700776100158691
trained,pca,test,2,-0.72923392057418823,-2.0346744060516357
trained,pca,test,3,-2.7433028221130371,2.669011116027832
trained,pca,test,1,-7.034088134765625,-3.2512013912200928
trained,pca,test,2,-2.6539111137390137,2.5826065540313721
trained,pca,test,2,-6.011650562286377,0.060205761343240738
trained,pca,test,3,9.0294399261474609,-0.12802053987979889
trained,pca,test,2,-17.562992095947266,0.63904809951782227
trained,pca,test,2,3.6665799617767334,5.5983943939208984
trained,pca,test,2,6.5648598670959473,-4.2004528045654297
trained,pca,test,2,-0.96554481983184814,-2.4947109222412109
trained,pca,test,2,9.3320198059082031,0.14421379566192627
trained,pca,test,3,-10.161562919616699,1.7932016849517822
trained,pca,test,2,4.4841513633728027,3.7144370079040527
trained,pca,test,4,6.0802140235900879,2.4157180786132812
trained,pca,test,2,-8.2298955917358398,-1.363849401473999
trained,pca,test,3,1.2874743938446045,8.303868293762207
trained,pca,test,2,5.6480646133422852,-3.6362924575805664
trained,pca,test,3,-9.6795558929443359,2.7193422317504883
trained,pca,test,3,-7.2844758033752441,-4.9118404388427734
trained,pca,test,2,-3.4907052516937256,4.8762264251708984
trained,pca,test,2,2.3205337524414062,3.7782783508300781
trained,pca,test,2,-1.9265527725219727,-4.3264708518981934
trained,pca,test,2,10.718769073486328,-2.9935042858123779
trained,pca,test,3,-5.4617280960083008,-3.0023369789123535
trained,pca,test,3,4.8918848037719727,1.444749116897583
trained,pca,test,2,-5.6542901992797852,2.9508609771728516
trained,pca,test,3,7.0287561416625977,3.6755580902099609
trained,pca,test,3,9.8113412857055664,-1.8251950740814209
trained,pca,test,2,-10.773647308349609,-6.7036137580871582
trained,pca,test,2,7.0489926338195801,3.1290585994720459
trained,pca,test,2,-5.5534372329711914,-1.6446806192398071
trained,pca,test,2,-4.2078485488891602,-0.3229217529296875
trained,pca,test,3,7.4842891693115234,-1.5845305919647217
trained,pca,test,2,-1.7318621873855591,-1.7747986316680908
trained,pca,test,2,3.6640214920043945,5.8751506805419922
trained,pca,test,2,10.717061042785645,-2.9416980743408203
trained,pca,test,2,-11.455114364624023,0.31857019662857056
trained,pca,test,2,9.7588024139404297,-0.77028524875640869
trained,pca,test,3,9.8233156204223633,-1.6117942333221436
trained,pca,test,3,9.7681121826171875,-1.7759548425674438
trained,pca,test,3,-14.255270004272461,-4.7064046859741211
trained,pca,test,2,8.8250083923339844,0.96668767929077148
trained,pca,test,2,0.885875403881073,-2.6244416236877441
trained,pca,test,3,-0.064579382538795471,0.95707380771636963
trained,pca,test,2,-11.064815521240234,-0.78926539421081543
trained,pca,test,3,-1.0446490049362183,1.2053416967391968
trained,pca,test,2,10.710143089294434,-3.1161873340606689
trained,pca,test,3,-4.5874128341674805,-3.4302206039428711
trained,pca,test,2,-10.75156307220459,1.3419990539550781
trained,pca,test,3,3.8287057876586914,2.0794076919555664
trained,pca,test,3,-0.10545356571674347,4.3794064521789551
trained,pca,test,2,7.7498021125793457,2.7003934383392334
trained,pca,test,2,1.9063773155212402,4.6489062309265137
trained,pca,test,2,-0.11848442256450653,-4.0153350830078125
trained,pca,test,4,8.7207489013671875,-0.51832318305969238
trained,pca,test,2,-2.391951322555542,7.9916372299194336
trained,pca,test,3,-0.67324483394622803,4.7505769729614258
trained,pca,test,3,4.6818585395812988,4.9191484451293945
trained,pca,test,2,1.8031009435653687,-4.7968645095825195
trained,pca,test,2,0.308502197265625,-1.5260382890701294
trained,pca,test,3,4.1466407775878906,1.8501236438751221
trained,pca,test,2,-2.4416122436523438,-1.6725912094116211
trained,pca,test,2,-0.72963166236877441,2.0018684864044189
trained,pca,test,2,0.67992895841598511,1.0287126302719116
trained,pca,test,2,6.5241050720214844,2.4782605171203613
trained,pca,test,2,-3.081479549407959,3.8233640193939209
trained,pca,test,3,9.7896575927734375,-1.7609926462173462
trained,pca,test,2,-5.8410253524780273,-4.7472953796386719
trained,pca,test,2,8.21331787109375,-2.0634818077087402
trained,pca,test,2,-1.2129864692687988,-1.9211773872375488
trained,pca,test,2,-11.705099105834961,-0.68992549180984497
trained,pca,test,3,6.8793735504150391,-2.1459321975708008
trained,pca,test,2,3.9492559432983398,-4.1825981140136719
trained,pca,test,2,-3.0356979370117188,3.5520362854003906
trained,pca,test,3,-5.9351897239685059,2.6504201889038086
trained,pca,test,3,9.4149951934814453,-0.68561667203903198
trained,pca,test,2,5.3858070373535156,2.2439870834350586
trained,pca,test,2,-9.1502342224121094,-2.9720377922058105
trained,pca,test,1,1.0315341949462891,6.820096492767334
trained,pca,test,2,-0.60545402765274048,-1.7800439596176147
trained,pca,test,3,3.078427791595459,1.8822360038757324
trained,pca,test,3,-0.042716074734926224,-3.972226619720459
trained,pca,test,2,10.732830047607422,-2.7973265647888184
trained,pca,test,3,-2.3622875213623047,-3.7979626655578613
trained,pca,test,3,-4.1229982376098633,-3.7823112010955811
trained,pca,test,2,-12.53803825378418,-0.35678303241729736
trained,pca,test,3,0.85814511775970459,-3.6709089279174805
trained,pca,test,3,6.6898045539855957,3.5405306816101074
trained,pca,test,2,2.6608977317810059,-0.94610762596130371
trained,pca,test,3,0.10318921506404877,0.34506738185882568
trained,pca,test,2,-1.3382834196090698,6.1086220741271973
trained,pca,test,2,2.8156204223632812,6.243614673614502
trained,pca,test,2,5.1009817123413086,0.85875850915908813
trained,pca,test,3,-3.8961887359619141,0.11284399777650833
trained,pca,test,2,-5.3248591423034668,1.6880836486816406
trained,pca,test,2,-13.790802001953125,-2.2194106578826904
trained,pca,test,1,1.9986045360565186,6.5206623077392578
trained,pca,test,2,-1.3718247413635254,1.4795076847076416
trained,pca,test,3,0.062279772013425827,6.9354038238525391
trained,pca,test,2,-13.949804306030273,0.42640578746795654
trained,pca,test,2,1.0030899047851562,1.0168197154998779
trained,pca,test,3,-2.7786870002746582,-2.7644989490509033
trained,pca,test,2,-1.3781675100326538,1.1727228164672852
trained,pca,test,3,-3.6917459964752197,-4.4671344757080078
trained,pca,test,3,3.6532459259033203,5.3695154190063477
trained,pca,test,4,3.9752378463745117,0.97615694999694824
trained,pca,test,3,5.7950096130371094,3.2723186016082764
trained,pca,test,3,-12.896049499511719,-4.4034457206726074
trained,pca,test,3,4.6303491592407227,4.1241822242736816
trained,pca,test,2,9.844325065612793,-0.75467067956924438
trained,pca,test,2,1.8373399972915649,4.6854982376098633
trained,pca,test,2,-8.0472230911254883,1.2685621976852417
trained,pca,test,2,4.250119686126709,4.5780491828918457
trained,pca,test,2,1.0829139947891235,3.9994659423828125
trained,pca,test,2,3.3037447929382324,4.9585165977478027
trained,pca,test,3,6.7380590438842773,4.558924674987793
trained,pca,test,2,-1.2529699802398682,-2.8892712593078613
trained,pca,test,3,9.7849998474121094,-2.0097990036010742
trained,pca,test,3,9.7963829040527344,-1.7586128711700439
trained,pca,test,2,4.1482667922973633,2.8361244201660156
trained,pca,test,3,-12.917534828186035,2.3818759918212891
trained,pca,test,2,-6.1784405708312988,3.3322913646697998
trained,pca,test,2,-2.6013205051422119,-0.20482839643955231
